chart_scope,metric_id,metric_label,project_residue_id,aligned_residue_number,chain_id,reference_residue_label,value
project,mmpbsa_dataset_count,MMPBSA Count,Chain 0::11,11,Chain 0,Chain 0 / VAL11,13
project,mmpbsa_dataset_count,MMPBSA Count,Chain 0::12,12,Chain 0,Chain 0 / MET12,4
project,mmpbsa_dataset_count,MMPBSA Count,Chain 0::13,13,Chain 0,Chain 0 / ALA13,15
project,mmpbsa_dataset_count,MMPBSA Count,Chain 0::14,14,Chain 0,Chain 0 / HIS14,5
project,mmpbsa_dataset_count,MMPBSA Count,Chain 0::15,15,Chain 0,Chain 0 / GLY15,14
project,mmpbsa_dataset_count,MMPBSA Count,Chain 0::16,16,Chain 0,Chain 0 / HISD16,16
project,mmpbsa_dataset_count,MMPBSA Count,Chain 0::17,17,Chain 0,Chain 0 / MET17,1
project,mmpbsa_dataset_count,MMPBSA Count,Chain 0::80,80,Chain 0,Chain 0 / ARG80,1
project,mmpbsa_dataset_count,MMPBSA Count,Chain 0::81,81,Chain 0,Chain 0 / LEU81,16
project,mmpbsa_dataset_count,MMPBSA Count,Chain 0::82,82,Chain 0,Chain 0 / ASP82,5
project,mmpbsa_dataset_count,MMPBSA Count,Chain 0::83,83,Chain 0,Chain 0 / GLN83,1
project,mmpbsa_dataset_count,MMPBSA Count,Chain 0::84,84,Chain 0,Chain 0 / VAL84,4
project,mmpbsa_dataset_count,MMPBSA Count,Chain 0::85,85,Chain 0,Chain 0 / PRO85,1
project,mmpbsa_dataset_count,MMPBSA Count,Chain 0::87,87,Chain 0,Chain 0 / ASP87,3
project,mmpbsa_dataset_count,MMPBSA Count,Chain 0::90,90,Chain 0,Chain 0 / LEU90,14
project,mmpbsa_dataset_count,MMPBSA Count,Chain 0::93,93,Chain 0,Chain 0 / PHE93,1
project,mmpbsa_dataset_count,MMPBSA Count,Chain 0::94,94,Chain 0,Chain 0 / PHE94,10
project,mmpbsa_dataset_count,MMPBSA Count,Chain 0::119,119,Chain 0,Chain 0 / ASP119,3
project,mmpbsa_dataset_count,MMPBSA Count,Chain 0::120,120,Chain 0,Chain 0 / MET120,12
project,mmpbsa_dataset_count,MMPBSA Count,Chain 0::121,121,Chain 0,Chain 0 / PHE121,15
project,mmpbsa_dataset_count,MMPBSA Count,Chain 0::139,139,Chain 0,Chain 0 / PHE139,1
project,mmpbsa_dataset_count,MMPBSA Count,Chain 0::140,140,Chain 0,Chain 0 / HIS140,8
project,mmpbsa_dataset_count,MMPBSA Count,Chain 0::141,141,Chain 0,Chain 0 / GLY141,6
project,mmpbsa_dataset_count,MMPBSA Count,Chain 0::142,142,Chain 0,Chain 0 / THR142,7
project,mmpbsa_dataset_count,MMPBSA Count,Chain 0::150,150,Chain 0,Chain 0 / GLU150,1
project,mmpbsa_dataset_count,MMPBSA Count,Chain 0::186,186,Chain 0,Chain 0 / SER186,9
project,mmpbsa_dataset_count,MMPBSA Count,Chain 0::187,187,Chain 0,Chain 0 / PRO187,6
project,mmpbsa_dataset_count,MMPBSA Count,Chain 0::188,188,Chain 0,Chain 0 / PHE188,11
project,mmpbsa_dataset_count,MMPBSA Count,Chain 0::197,197,Chain 0,Chain 0 / MET197,13
project,mmpbsa_dataset_count,MMPBSA Count,Chain 0::200,200,Chain 0,Chain 0 / LEU200,3
project,mmpbsa_dataset_count,MMPBSA Count,Chain 0::201,201,Chain 0,Chain 0 / ILE201,10
project,mmpbsa_dataset_count,MMPBSA Count,Chain 0::204,204,Chain 0,Chain 0 / MET204,3
project,mmpbsa_dataset_count,MMPBSA Count,Chain 0::205,205,Chain 0,Chain 0 / ARG205,4
project,mmpbsa_dataset_count,MMPBSA Count,Chain 0::287,287,Chain 0,Chain 0 / SER287,7
project,mmpbsa_dataset_count,MMPBSA Count,Chain 0::288,288,Chain 0,Chain 0 / VAL288,16
project,mmpbsa_dataset_count,MMPBSA Count,Chain 0::289,289,Chain 0,Chain 0 / ALA289,1
project,mmpbsa_dataset_count,MMPBSA Count,Chain 0::290,290,Chain 0,Chain 0 / ARG290,1
project,mmpbsa_dataset_count,MMPBSA Count,Chain 0::315,315,Chain 0,Chain 0 / ARG315,1
project,mmpbsa_dataset_count,MMPBSA Count,Chain 0::363,363,Chain 0,Chain 0 / TRP363,1
project,mmpbsa_dataset_count,MMPBSA Count,Chain 0::364,364,Chain 0,Chain 0 / ASN364,3
project,mmpbsa_dataset_count,MMPBSA Count,Chain 0::381,381,Chain 0,Chain 0 / VAL381,1
project,mmpbsa_dataset_count,MMPBSA Count,Chain 0::382,382,Chain 0,Chain 0 / PHE382,16
project,mmpbsa_dataset_count,MMPBSA Count,Chain 0::383,383,Chain 0,Chain 0 / ALA383,16
project,mmpbsa_dataset_count,MMPBSA Count,Chain 0::384,384,Chain 0,Chain 0 / GLU384,13
project,mmpbsa_dataset_count,MMPBSA Count,Chain 0::385,385,Chain 0,Chain 0 / GLN385,9
project,mmpbsa_dataset_count,MMPBSA Count,Chain 0::388,388,Chain 0,Chain 0 / ASN388,1
project,mmpbsa_dataset_count,MMPBSA Count,Chain 0::407,407,Chain 0,Chain 0 / TRP407,14
project,mmpbsa_dataset_count,MMPBSA Count,Chain 0::408,408,Chain 0,Chain 0 / ARG408,3
project,mmpbsa_dataset_count,MMPBSA Count,Chain 0::409,409,Chain 0,Chain 0 / ARG409,15
project,mmpbsa_dataset_count,MMPBSA Count,Chain 0::410,410,Chain 0,Chain 0 / TYR410,3
project,mmpbsa_dataset_count,MMPBSA Count,Chain 0::477,477,Chain 0,Chain 0 / udp477,16
project,mmpbsa_dataset_count,MMPBSA Count,Chain 0::478,478,Chain 0,Chain 0 / esc478,16
