reference_dataset_id,reference_dataset_label,comparison_dataset_id,comparison_dataset_label,category_mode,category,members,series_dataset_id,series_dataset_label,count
wt-homo,wt-homo (wt-homo),sdt8-homo,sdt8-homo (sdt8-homo),amino_acid,ALA,ALA,wt-homo,wt-homo (wt-homo),11
wt-homo,wt-homo (wt-homo),sdt8-homo,sdt8-homo (sdt8-homo),amino_acid,ARG,ARG,wt-homo,wt-homo (wt-homo),11
wt-homo,wt-homo (wt-homo),sdt8-homo,sdt8-homo (sdt8-homo),amino_acid,ASN,ASN,wt-homo,wt-homo (wt-homo),11
wt-homo,wt-homo (wt-homo),sdt8-homo,sdt8-homo (sdt8-homo),amino_acid,ASP,ASP,wt-homo,wt-homo (wt-homo),10
wt-homo,wt-homo (wt-homo),sdt8-homo,sdt8-homo (sdt8-homo),amino_acid,CYS,CYS,wt-homo,wt-homo (wt-homo),3
wt-homo,wt-homo (wt-homo),sdt8-homo,sdt8-homo (sdt8-homo),amino_acid,GLN,GLN,wt-homo,wt-homo (wt-homo),5
wt-homo,wt-homo (wt-homo),sdt8-homo,sdt8-homo (sdt8-homo),amino_acid,GLU,GLU,wt-homo,wt-homo (wt-homo),25
wt-homo,wt-homo (wt-homo),sdt8-homo,sdt8-homo (sdt8-homo),amino_acid,GLY,GLY,wt-homo,wt-homo (wt-homo),8
wt-homo,wt-homo (wt-homo),sdt8-homo,sdt8-homo (sdt8-homo),amino_acid,HIS,HIS,wt-homo,wt-homo (wt-homo),6
wt-homo,wt-homo (wt-homo),sdt8-homo,sdt8-homo (sdt8-homo),amino_acid,ILE,ILE,wt-homo,wt-homo (wt-homo),5
wt-homo,wt-homo (wt-homo),sdt8-homo,sdt8-homo (sdt8-homo),amino_acid,LEU,LEU,wt-homo,wt-homo (wt-homo),7
wt-homo,wt-homo (wt-homo),sdt8-homo,sdt8-homo (sdt8-homo),amino_acid,LYS,LYS,wt-homo,wt-homo (wt-homo),22
wt-homo,wt-homo (wt-homo),sdt8-homo,sdt8-homo (sdt8-homo),amino_acid,MET,MET,wt-homo,wt-homo (wt-homo),4
wt-homo,wt-homo (wt-homo),sdt8-homo,sdt8-homo (sdt8-homo),amino_acid,PHE,PHE,wt-homo,wt-homo (wt-homo),6
wt-homo,wt-homo (wt-homo),sdt8-homo,sdt8-homo (sdt8-homo),amino_acid,PRO,PRO,wt-homo,wt-homo (wt-homo),4
wt-homo,wt-homo (wt-homo),sdt8-homo,sdt8-homo (sdt8-homo),amino_acid,SER,SER,wt-homo,wt-homo (wt-homo),18
wt-homo,wt-homo (wt-homo),sdt8-homo,sdt8-homo (sdt8-homo),amino_acid,THR,THR,wt-homo,wt-homo (wt-homo),16
wt-homo,wt-homo (wt-homo),sdt8-homo,sdt8-homo (sdt8-homo),amino_acid,TRP,TRP,wt-homo,wt-homo (wt-homo),1
wt-homo,wt-homo (wt-homo),sdt8-homo,sdt8-homo (sdt8-homo),amino_acid,TYR,TYR,wt-homo,wt-homo (wt-homo),4
wt-homo,wt-homo (wt-homo),sdt8-homo,sdt8-homo (sdt8-homo),amino_acid,VAL,VAL,wt-homo,wt-homo (wt-homo),13
wt-homo,wt-homo (wt-homo),sdt8-homo,sdt8-homo (sdt8-homo),amino_acid,ALA,ALA,sdt8-homo,sdt8-homo (sdt8-homo),23
wt-homo,wt-homo (wt-homo),sdt8-homo,sdt8-homo (sdt8-homo),amino_acid,ARG,ARG,sdt8-homo,sdt8-homo (sdt8-homo),12
wt-homo,wt-homo (wt-homo),sdt8-homo,sdt8-homo (sdt8-homo),amino_acid,ASN,ASN,sdt8-homo,sdt8-homo (sdt8-homo),6
wt-homo,wt-homo (wt-homo),sdt8-homo,sdt8-homo (sdt8-homo),amino_acid,ASP,ASP,sdt8-homo,sdt8-homo (sdt8-homo),14
wt-homo,wt-homo (wt-homo),sdt8-homo,sdt8-homo (sdt8-homo),amino_acid,CYS,CYS,sdt8-homo,sdt8-homo (sdt8-homo),1
wt-homo,wt-homo (wt-homo),sdt8-homo,sdt8-homo (sdt8-homo),amino_acid,GLN,GLN,sdt8-homo,sdt8-homo (sdt8-homo),2
wt-homo,wt-homo (wt-homo),sdt8-homo,sdt8-homo (sdt8-homo),amino_acid,GLU,GLU,sdt8-homo,sdt8-homo (sdt8-homo),29
wt-homo,wt-homo (wt-homo),sdt8-homo,sdt8-homo (sdt8-homo),amino_acid,GLY,GLY,sdt8-homo,sdt8-homo (sdt8-homo),3
wt-homo,wt-homo (wt-homo),sdt8-homo,sdt8-homo (sdt8-homo),amino_acid,HIS,HIS,sdt8-homo,sdt8-homo (sdt8-homo),4
wt-homo,wt-homo (wt-homo),sdt8-homo,sdt8-homo (sdt8-homo),amino_acid,ILE,ILE,sdt8-homo,sdt8-homo (sdt8-homo),4
wt-homo,wt-homo (wt-homo),sdt8-homo,sdt8-homo (sdt8-homo),amino_acid,LEU,LEU,sdt8-homo,sdt8-homo (sdt8-homo),8
wt-homo,wt-homo (wt-homo),sdt8-homo,sdt8-homo (sdt8-homo),amino_acid,LYS,LYS,sdt8-homo,sdt8-homo (sdt8-homo),27
wt-homo,wt-homo (wt-homo),sdt8-homo,sdt8-homo (sdt8-homo),amino_acid,MET,MET,sdt8-homo,sdt8-homo (sdt8-homo),1
wt-homo,wt-homo (wt-homo),sdt8-homo,sdt8-homo (sdt8-homo),amino_acid,PHE,PHE,sdt8-homo,sdt8-homo (sdt8-homo),4
wt-homo,wt-homo (wt-homo),sdt8-homo,sdt8-homo (sdt8-homo),amino_acid,PRO,PRO,sdt8-homo,sdt8-homo (sdt8-homo),11
wt-homo,wt-homo (wt-homo),sdt8-homo,sdt8-homo (sdt8-homo),amino_acid,SER,SER,sdt8-homo,sdt8-homo (sdt8-homo),11
wt-homo,wt-homo (wt-homo),sdt8-homo,sdt8-homo (sdt8-homo),amino_acid,THR,THR,sdt8-homo,sdt8-homo (sdt8-homo),11
wt-homo,wt-homo (wt-homo),sdt8-homo,sdt8-homo (sdt8-homo),amino_acid,TRP,TRP,sdt8-homo,sdt8-homo (sdt8-homo),4
wt-homo,wt-homo (wt-homo),sdt8-homo,sdt8-homo (sdt8-homo),amino_acid,TYR,TYR,sdt8-homo,sdt8-homo (sdt8-homo),6
wt-homo,wt-homo (wt-homo),sdt8-homo,sdt8-homo (sdt8-homo),amino_acid,VAL,VAL,sdt8-homo,sdt8-homo (sdt8-homo),9
