reference_dataset_id,reference_dataset_label,comparison_dataset_id,comparison_dataset_label,category_mode,flow_mode,reference_category,comparison_category,reference_members,comparison_members,count
wt-homo,wt-homo (wt-homo),sdt3-homo,sdt3-homo (sdt3-homo),amino_acid,confusion,GLY,LYS,GLY,LYS,2
wt-homo,wt-homo (wt-homo),sdt3-homo,sdt3-homo (sdt3-homo),amino_acid,confusion,SER,SER,SER,SER,6
wt-homo,wt-homo (wt-homo),sdt3-homo,sdt3-homo (sdt3-homo),amino_acid,confusion,ALA,ALA,ALA,ALA,6
wt-homo,wt-homo (wt-homo),sdt3-homo,sdt3-homo (sdt3-homo),amino_acid,confusion,LEU,GLY,LEU,GLY,1
wt-homo,wt-homo (wt-homo),sdt3-homo,sdt3-homo (sdt3-homo),amino_acid,confusion,PHE,PRO,PHE,PRO,1
wt-homo,wt-homo (wt-homo),sdt3-homo,sdt3-homo (sdt3-homo),amino_acid,confusion,VAL,VAL,VAL,VAL,6
wt-homo,wt-homo (wt-homo),sdt3-homo,sdt3-homo (sdt3-homo),amino_acid,confusion,LYS,LYS,LYS,LYS,10
wt-homo,wt-homo (wt-homo),sdt3-homo,sdt3-homo (sdt3-homo),amino_acid,confusion,ALA,GLU,ALA,GLU,2
wt-homo,wt-homo (wt-homo),sdt3-homo,sdt3-homo (sdt3-homo),amino_acid,confusion,GLN,GLU,GLN,GLU,2
wt-homo,wt-homo (wt-homo),sdt3-homo,sdt3-homo (sdt3-homo),amino_acid,confusion,ARG,ARG,ARG,ARG,6
wt-homo,wt-homo (wt-homo),sdt3-homo,sdt3-homo (sdt3-homo),amino_acid,confusion,ASN,TRP,ASN,TRP,1
wt-homo,wt-homo (wt-homo),sdt3-homo,sdt3-homo (sdt3-homo),amino_acid,confusion,HIS,LYS,HIS,LYS,1
wt-homo,wt-homo (wt-homo),sdt3-homo,sdt3-homo (sdt3-homo),amino_acid,confusion,LEU,ASP,LEU,ASP,1
wt-homo,wt-homo (wt-homo),sdt3-homo,sdt3-homo (sdt3-homo),amino_acid,confusion,GLY,GLY,GLY,GLY,5
wt-homo,wt-homo (wt-homo),sdt3-homo,sdt3-homo (sdt3-homo),amino_acid,confusion,ILE,ILE,ILE,ILE,2
wt-homo,wt-homo (wt-homo),sdt3-homo,sdt3-homo (sdt3-homo),amino_acid,confusion,GLU,GLU,GLU,GLU,13
wt-homo,wt-homo (wt-homo),sdt3-homo,sdt3-homo (sdt3-homo),amino_acid,confusion,LEU,LEU,LEU,LEU,3
wt-homo,wt-homo (wt-homo),sdt3-homo,sdt3-homo (sdt3-homo),amino_acid,confusion,VAL,LYS,VAL,LYS,2
wt-homo,wt-homo (wt-homo),sdt3-homo,sdt3-homo (sdt3-homo),amino_acid,confusion,ASN,PHE,ASN,PHE,1
wt-homo,wt-homo (wt-homo),sdt3-homo,sdt3-homo (sdt3-homo),amino_acid,confusion,GLN,GLN,GLN,GLN,2
wt-homo,wt-homo (wt-homo),sdt3-homo,sdt3-homo (sdt3-homo),amino_acid,confusion,ILE,VAL,ILE,VAL,1
wt-homo,wt-homo (wt-homo),sdt3-homo,sdt3-homo (sdt3-homo),amino_acid,confusion,PRO,PRO,PRO,PRO,4
wt-homo,wt-homo (wt-homo),sdt3-homo,sdt3-homo (sdt3-homo),amino_acid,confusion,GLU,ASP,GLU,ASP,5
wt-homo,wt-homo (wt-homo),sdt3-homo,sdt3-homo (sdt3-homo),amino_acid,confusion,LYS,GLN,LYS,GLN,1
wt-homo,wt-homo (wt-homo),sdt3-homo,sdt3-homo (sdt3-homo),amino_acid,confusion,ASN,ASN,ASN,ASN,3
wt-homo,wt-homo (wt-homo),sdt3-homo,sdt3-homo (sdt3-homo),amino_acid,confusion,LYS,ALA,LYS,ALA,5
wt-homo,wt-homo (wt-homo),sdt3-homo,sdt3-homo (sdt3-homo),amino_acid,confusion,VAL,LEU,VAL,LEU,1
wt-homo,wt-homo (wt-homo),sdt3-homo,sdt3-homo (sdt3-homo),amino_acid,confusion,MET,ALA,MET,ALA,1
wt-homo,wt-homo (wt-homo),sdt3-homo,sdt3-homo (sdt3-homo),amino_acid,confusion,GLU,LYS,GLU,LYS,2
wt-homo,wt-homo (wt-homo),sdt3-homo,sdt3-homo (sdt3-homo),amino_acid,confusion,GLU,ALA,GLU,ALA,2
wt-homo,wt-homo (wt-homo),sdt3-homo,sdt3-homo (sdt3-homo),amino_acid,confusion,CYS,GLU,CYS,GLU,1
wt-homo,wt-homo (wt-homo),sdt3-homo,sdt3-homo (sdt3-homo),amino_acid,confusion,ARG,LYS,ARG,LYS,4
wt-homo,wt-homo (wt-homo),sdt3-homo,sdt3-homo (sdt3-homo),amino_acid,confusion,THR,THR,THR,THR,5
wt-homo,wt-homo (wt-homo),sdt3-homo,sdt3-homo (sdt3-homo),amino_acid,confusion,THR,VAL,THR,VAL,2
wt-homo,wt-homo (wt-homo),sdt3-homo,sdt3-homo (sdt3-homo),amino_acid,confusion,ASP,ASP,ASP,ASP,7
wt-homo,wt-homo (wt-homo),sdt3-homo,sdt3-homo (sdt3-homo),amino_acid,confusion,VAL,ILE,VAL,ILE,1
wt-homo,wt-homo (wt-homo),sdt3-homo,sdt3-homo (sdt3-homo),amino_acid,confusion,PHE,LEU,PHE,LEU,2
wt-homo,wt-homo (wt-homo),sdt3-homo,sdt3-homo (sdt3-homo),amino_acid,confusion,CYS,VAL,CYS,VAL,1
wt-homo,wt-homo (wt-homo),sdt3-homo,sdt3-homo (sdt3-homo),amino_acid,confusion,ASN,GLU,ASN,GLU,2
wt-homo,wt-homo (wt-homo),sdt3-homo,sdt3-homo (sdt3-homo),amino_acid,confusion,LEU,LYS,LEU,LYS,1
wt-homo,wt-homo (wt-homo),sdt3-homo,sdt3-homo (sdt3-homo),amino_acid,confusion,ASN,HIS,ASN,HIS,1
wt-homo,wt-homo (wt-homo),sdt3-homo,sdt3-homo (sdt3-homo),amino_acid,confusion,PHE,TYR,PHE,TYR,2
wt-homo,wt-homo (wt-homo),sdt3-homo,sdt3-homo (sdt3-homo),amino_acid,confusion,LYS,LEU,LYS,LEU,1
wt-homo,wt-homo (wt-homo),sdt3-homo,sdt3-homo (sdt3-homo),amino_acid,confusion,ASN,SER,ASN,SER,2
wt-homo,wt-homo (wt-homo),sdt3-homo,sdt3-homo (sdt3-homo),amino_acid,confusion,SER,LYS,SER,LYS,2
wt-homo,wt-homo (wt-homo),sdt3-homo,sdt3-homo (sdt3-homo),amino_acid,confusion,SER,THR,SER,THR,1
wt-homo,wt-homo (wt-homo),sdt3-homo,sdt3-homo (sdt3-homo),amino_acid,confusion,THR,GLU,THR,GLU,1
wt-homo,wt-homo (wt-homo),sdt3-homo,sdt3-homo (sdt3-homo),amino_acid,confusion,HIS,HIS,HIS,HIS,3
wt-homo,wt-homo (wt-homo),sdt3-homo,sdt3-homo (sdt3-homo),amino_acid,confusion,GLU,LEU,GLU,LEU,1
wt-homo,wt-homo (wt-homo),sdt3-homo,sdt3-homo (sdt3-homo),amino_acid,confusion,ALA,PRO,ALA,PRO,2
wt-homo,wt-homo (wt-homo),sdt3-homo,sdt3-homo (sdt3-homo),amino_acid,confusion,MET,LEU,MET,LEU,2
wt-homo,wt-homo (wt-homo),sdt3-homo,sdt3-homo (sdt3-homo),amino_acid,confusion,THR,ALA,THR,ALA,4
wt-homo,wt-homo (wt-homo),sdt3-homo,sdt3-homo (sdt3-homo),amino_acid,confusion,VAL,MET,VAL,MET,1
wt-homo,wt-homo (wt-homo),sdt3-homo,sdt3-homo (sdt3-homo),amino_acid,confusion,TYR,TRP,TYR,TRP,1
wt-homo,wt-homo (wt-homo),sdt3-homo,sdt3-homo (sdt3-homo),amino_acid,confusion,PHE,PHE,PHE,PHE,1
wt-homo,wt-homo (wt-homo),sdt3-homo,sdt3-homo (sdt3-homo),amino_acid,confusion,THR,LYS,THR,LYS,2
wt-homo,wt-homo (wt-homo),sdt3-homo,sdt3-homo (sdt3-homo),amino_acid,confusion,VAL,TYR,VAL,TYR,1
wt-homo,wt-homo (wt-homo),sdt3-homo,sdt3-homo (sdt3-homo),amino_acid,confusion,GLU,ASN,GLU,ASN,1
wt-homo,wt-homo (wt-homo),sdt3-homo,sdt3-homo (sdt3-homo),amino_acid,confusion,LYS,GLU,LYS,GLU,1
wt-homo,wt-homo (wt-homo),sdt3-homo,sdt3-homo (sdt3-homo),amino_acid,confusion,CYS,CYS,CYS,CYS,1
wt-homo,wt-homo (wt-homo),sdt3-homo,sdt3-homo (sdt3-homo),amino_acid,confusion,ASP,THR,ASP,THR,1
wt-homo,wt-homo (wt-homo),sdt3-homo,sdt3-homo (sdt3-homo),amino_acid,confusion,ILE,LEU,ILE,LEU,1
wt-homo,wt-homo (wt-homo),sdt3-homo,sdt3-homo (sdt3-homo),amino_acid,confusion,LYS,PRO,LYS,PRO,1
wt-homo,wt-homo (wt-homo),sdt3-homo,sdt3-homo (sdt3-homo),amino_acid,confusion,HIS,GLU,HIS,GLU,1
wt-homo,wt-homo (wt-homo),sdt3-homo,sdt3-homo (sdt3-homo),amino_acid,confusion,SER,GLY,SER,GLY,1
wt-homo,wt-homo (wt-homo),sdt3-homo,sdt3-homo (sdt3-homo),amino_acid,confusion,ASN,ARG,ASN,ARG,1
wt-homo,wt-homo (wt-homo),sdt3-homo,sdt3-homo (sdt3-homo),amino_acid,confusion,SER,GLU,SER,GLU,1
wt-homo,wt-homo (wt-homo),sdt3-homo,sdt3-homo (sdt3-homo),amino_acid,confusion,HIS,ARG,HIS,ARG,1
wt-homo,wt-homo (wt-homo),sdt3-homo,sdt3-homo (sdt3-homo),amino_acid,confusion,THR,PRO,THR,PRO,1
wt-homo,wt-homo (wt-homo),sdt3-homo,sdt3-homo (sdt3-homo),amino_acid,confusion,LEU,TYR,LEU,TYR,1
wt-homo,wt-homo (wt-homo),sdt3-homo,sdt3-homo (sdt3-homo),amino_acid,confusion,ASP,GLU,ASP,GLU,1
wt-homo,wt-homo (wt-homo),sdt3-homo,sdt3-homo (sdt3-homo),amino_acid,confusion,TRP,TRP,TRP,TRP,1
wt-homo,wt-homo (wt-homo),sdt3-homo,sdt3-homo (sdt3-homo),amino_acid,confusion,GLU,PRO,GLU,PRO,1
wt-homo,wt-homo (wt-homo),sdt3-homo,sdt3-homo (sdt3-homo),amino_acid,confusion,SER,ALA,SER,ALA,5
wt-homo,wt-homo (wt-homo),sdt3-homo,sdt3-homo (sdt3-homo),amino_acid,confusion,GLY,SER,GLY,SER,1
wt-homo,wt-homo (wt-homo),sdt3-homo,sdt3-homo (sdt3-homo),amino_acid,confusion,ILE,THR,ILE,THR,1
wt-homo,wt-homo (wt-homo),sdt3-homo,sdt3-homo (sdt3-homo),amino_acid,confusion,GLN,LYS,GLN,LYS,1
wt-homo,wt-homo (wt-homo),sdt3-homo,sdt3-homo (sdt3-homo),amino_acid,confusion,LYS,ARG,LYS,ARG,2
wt-homo,wt-homo (wt-homo),sdt3-homo,sdt3-homo (sdt3-homo),amino_acid,confusion,SER,TYR,SER,TYR,1
wt-homo,wt-homo (wt-homo),sdt3-homo,sdt3-homo (sdt3-homo),amino_acid,confusion,ALA,ASP,ALA,ASP,1
wt-homo,wt-homo (wt-homo),sdt3-homo,sdt3-homo (sdt3-homo),amino_acid,confusion,LYS,SER,LYS,SER,1
wt-homo,wt-homo (wt-homo),sdt3-homo,sdt3-homo (sdt3-homo),amino_acid,confusion,ARG,THR,ARG,THR,1
wt-homo,wt-homo (wt-homo),sdt3-homo,sdt3-homo (sdt3-homo),amino_acid,confusion,VAL,THR,VAL,THR,1
wt-homo,wt-homo (wt-homo),sdt3-homo,sdt3-homo (sdt3-homo),amino_acid,confusion,ASP,ALA,ASP,ALA,1
wt-homo,wt-homo (wt-homo),sdt3-homo,sdt3-homo (sdt3-homo),amino_acid,confusion,TYR,LEU,TYR,LEU,1
wt-homo,wt-homo (wt-homo),sdt3-homo,sdt3-homo (sdt3-homo),amino_acid,confusion,MET,LYS,MET,LYS,1
wt-homo,wt-homo (wt-homo),sdt3-homo,sdt3-homo (sdt3-homo),amino_acid,confusion,TYR,ASP,TYR,ASP,1
wt-homo,wt-homo (wt-homo),sdt3-homo,sdt3-homo (sdt3-homo),amino_acid,confusion,THR,ASN,THR,ASN,1
wt-homo,wt-homo (wt-homo),sdt3-homo,sdt3-homo (sdt3-homo),amino_acid,confusion,TYR,PHE,TYR,PHE,1
wt-homo,wt-homo (wt-homo),sdt3-homo,sdt3-homo (sdt3-homo),amino_acid,confusion,SER,ARG,SER,ARG,1
