view_mode,reference_dataset_id,reference_dataset_label,experiment_dataset_id,experiment_dataset_label,project_residue_id,aligned_residue_number,reference_residue_label,experiment_residue_label,reference_residue_name,experiment_residue_name,x_metric_id,x_metric_label,y_metric_id,y_metric_label,reference_x,reference_y,experiment_x,experiment_y,plot_x,plot_y,quadrant,exposure_status
delta_vs_wt,wt-homo-4,wt-homo-4 (wt-homo-4),sdt5-homo-3,sdt5-homo-3 (sdt5-homo-3),Chain 0::2,2,Chain 0 / GLY2,Chain 0 / LYS2,GLY,LYS,aa_scale:kyte_doolittle,Kyte-Doolittle Score,sasa_relative,Relative SASA,0,0,-3.5,0.1495615695590896,-3.5,0.1495615695590896,Q2,Exposed
delta_vs_wt,wt-homo-4,wt-homo-4 (wt-homo-4),sdt5-homo-3,sdt5-homo-3 (sdt5-homo-3),Chain 0::29,29,Chain 0 / SER29,Chain 0 / SER29,SER,SER,aa_scale:kyte_doolittle,Kyte-Doolittle Score,sasa_relative,Relative SASA,0,0,0,-0.05574983745897971,0,-0.05574983745897971,,Intermediate
delta_vs_wt,wt-homo-4,wt-homo-4 (wt-homo-4),sdt5-homo-3,sdt5-homo-3 (sdt5-homo-3),Chain 0::34,34,Chain 0 / ALA34,Chain 0 / ALA34,ALA,ALA,aa_scale:kyte_doolittle,Kyte-Doolittle Score,sasa_relative,Relative SASA,0,0,0,0.00570444556546567,0,0.00570444556546567,,Buried
delta_vs_wt,wt-homo-4,wt-homo-4 (wt-homo-4),sdt5-homo-3,sdt5-homo-3 (sdt5-homo-3),Chain 0::41,41,Chain 0 / LEU41,Chain 0 / GLY41,LEU,GLY,aa_scale:kyte_doolittle,Kyte-Doolittle Score,sasa_relative,Relative SASA,0,0,-4.2,-0.29906035675090403,-4.2,-0.29906035675090403,Q3,Intermediate
delta_vs_wt,wt-homo-4,wt-homo-4 (wt-homo-4),sdt5-homo-3,sdt5-homo-3 (sdt5-homo-3),Chain 0::44,44,Chain 0 / PHE44,Chain 0 / ASP44,PHE,ASP,aa_scale:kyte_doolittle,Kyte-Doolittle Score,sasa_relative,Relative SASA,0,0,-6.3,-0.03209152879827293,-6.3,-0.03209152879827293,Q3,Exposed
delta_vs_wt,wt-homo-4,wt-homo-4 (wt-homo-4),sdt5-homo-3,sdt5-homo-3 (sdt5-homo-3),Chain 0::45,45,Chain 0 / VAL45,Chain 0 / VAL45,VAL,VAL,aa_scale:kyte_doolittle,Kyte-Doolittle Score,sasa_relative,Relative SASA,0,0,0,0.2058310573822809,0,0.2058310573822809,,Intermediate
delta_vs_wt,wt-homo-4,wt-homo-4 (wt-homo-4),sdt5-homo-3,sdt5-homo-3 (sdt5-homo-3),Chain 0::47,47,Chain 0 / SER47,Chain 0 / SER47,SER,SER,aa_scale:kyte_doolittle,Kyte-Doolittle Score,sasa_relative,Relative SASA,0,0,0,-0.1034286670695792,0,-0.1034286670695792,,Buried
delta_vs_wt,wt-homo-4,wt-homo-4 (wt-homo-4),sdt5-homo-3,sdt5-homo-3 (sdt5-homo-3),Chain 0::48,48,Chain 0 / LYS48,Chain 0 / LYS48,LYS,LYS,aa_scale:kyte_doolittle,Kyte-Doolittle Score,sasa_relative,Relative SASA,0,0,0,0.24403384442068715,0,0.24403384442068715,,Exposed
delta_vs_wt,wt-homo-4,wt-homo-4 (wt-homo-4),sdt5-homo-3,sdt5-homo-3 (sdt5-homo-3),Chain 0::49,49,Chain 0 / ALA49,Chain 0 / GLU49,ALA,GLU,aa_scale:kyte_doolittle,Kyte-Doolittle Score,sasa_relative,Relative SASA,0,0,-5.3,0.0012572568601710854,-5.3,0.0012572568601710854,Q2,Buried
delta_vs_wt,wt-homo-4,wt-homo-4 (wt-homo-4),sdt5-homo-3,sdt5-homo-3 (sdt5-homo-3),Chain 0::51,51,Chain 0 / GLN51,Chain 0 / LYS51,GLN,LYS,aa_scale:kyte_doolittle,Kyte-Doolittle Score,sasa_relative,Relative SASA,0,0,-0.3999999999999999,-0.03161699127848494,-0.3999999999999999,-0.03161699127848494,Q3,Exposed
delta_vs_wt,wt-homo-4,wt-homo-4 (wt-homo-4),sdt5-homo-3,sdt5-homo-3 (sdt5-homo-3),Chain 0::52,52,Chain 0 / ARG52,Chain 0 / ARG52,ARG,ARG,aa_scale:kyte_doolittle,Kyte-Doolittle Score,sasa_relative,Relative SASA,0,0,0,-0.004754694247945057,0,-0.004754694247945057,,Intermediate
delta_vs_wt,wt-homo-4,wt-homo-4 (wt-homo-4),sdt5-homo-3,sdt5-homo-3 (sdt5-homo-3),Chain 0::53,53,Chain 0 / ASN53,Chain 0 / TRP53,ASN,TRP,aa_scale:kyte_doolittle,Kyte-Doolittle Score,sasa_relative,Relative SASA,0,0,2.6,0.022873820657154556,2.6,0.022873820657154556,Q1,Buried
delta_vs_wt,wt-homo-4,wt-homo-4 (wt-homo-4),sdt5-homo-3,sdt5-homo-3 (sdt5-homo-3),Chain 0::54,54,Chain 0 / LYS54,Chain 0 / GLU54,LYS,GLU,aa_scale:kyte_doolittle,Kyte-Doolittle Score,sasa_relative,Relative SASA,0,0,0.3999999999999999,-0.2921918412272705,0.3999999999999999,-0.2921918412272705,Q4,Intermediate
delta_vs_wt,wt-homo-4,wt-homo-4 (wt-homo-4),sdt5-homo-3,sdt5-homo-3 (sdt5-homo-3),Chain 0::55,55,Chain 0 / HIS55,Chain 0 / LYS55,HIS,LYS,aa_scale:kyte_doolittle,Kyte-Doolittle Score,sasa_relative,Relative SASA,0,0,-0.6999999999999997,0.06673929820405355,-0.6999999999999997,0.06673929820405355,Q2,Exposed
delta_vs_wt,wt-homo-4,wt-homo-4 (wt-homo-4),sdt5-homo-3,sdt5-homo-3 (sdt5-homo-3),Chain 0::56,56,Chain 0 / LEU56,Chain 0 / ARG56,LEU,ARG,aa_scale:kyte_doolittle,Kyte-Doolittle Score,sasa_relative,Relative SASA,0,0,-8.3,-0.100822000276236,-8.3,-0.100822000276236,Q3,Intermediate
delta_vs_wt,wt-homo-4,wt-homo-4 (wt-homo-4),sdt5-homo-3,sdt5-homo-3 (sdt5-homo-3),Chain 0::57,57,Chain 0 / GLY57,Chain 0 / GLY57,GLY,GLY,aa_scale:kyte_doolittle,Kyte-Doolittle Score,sasa_relative,Relative SASA,0,0,0,0.05502837694967666,0,0.05502837694967666,,Exposed
delta_vs_wt,wt-homo-4,wt-homo-4 (wt-homo-4),sdt5-homo-3,sdt5-homo-3 (sdt5-homo-3),Chain 0::58,58,Chain 0 / ILE58,Chain 0 / ILE58,ILE,ILE,aa_scale:kyte_doolittle,Kyte-Doolittle Score,sasa_relative,Relative SASA,0,0,0,0.16374077194922923,0,0.16374077194922923,,Intermediate
delta_vs_wt,wt-homo-4,wt-homo-4 (wt-homo-4),sdt5-homo-3,sdt5-homo-3 (sdt5-homo-3),Chain 0::59,59,Chain 0 / GLU59,Chain 0 / LYS59,GLU,LYS,aa_scale:kyte_doolittle,Kyte-Doolittle Score,sasa_relative,Relative SASA,0,0,-0.3999999999999999,0.09409057852115582,-0.3999999999999999,0.09409057852115582,Q2,Exposed
delta_vs_wt,wt-homo-4,wt-homo-4 (wt-homo-4),sdt5-homo-3,sdt5-homo-3 (sdt5-homo-3),Chain 0::61,61,Chain 0 / GLU61,Chain 0 / ASP61,GLU,ASP,aa_scale:kyte_doolittle,Kyte-Doolittle Score,sasa_relative,Relative SASA,0,0,0,-0.1809155958930062,0,-0.1809155958930062,,Intermediate
delta_vs_wt,wt-homo-4,wt-homo-4 (wt-homo-4),sdt5-homo-3,sdt5-homo-3 (sdt5-homo-3),Chain 0::64,64,Chain 0 / LEU64,Chain 0 / LEU64,LEU,LEU,aa_scale:kyte_doolittle,Kyte-Doolittle Score,sasa_relative,Relative SASA,0,0,0,0.0019690744008390437,0,0.0019690744008390437,,Intermediate
delta_vs_wt,wt-homo-4,wt-homo-4 (wt-homo-4),sdt5-homo-3,sdt5-homo-3 (sdt5-homo-3),Chain 0::69,69,Chain 0 / ALA69,Chain 0 / ALA69,ALA,ALA,aa_scale:kyte_doolittle,Kyte-Doolittle Score,sasa_relative,Relative SASA,0,0,0,-0.003267976194534783,0,-0.003267976194534783,,Buried
delta_vs_wt,wt-homo-4,wt-homo-4 (wt-homo-4),sdt5-homo-3,sdt5-homo-3 (sdt5-homo-3),Chain 0::70,70,Chain 0 / VAL70,Chain 0 / LYS70,VAL,LYS,aa_scale:kyte_doolittle,Kyte-Doolittle Score,sasa_relative,Relative SASA,0,0,-8.1,0.052588524058494124,-8.1,0.052588524058494124,Q2,Exposed
delta_vs_wt,wt-homo-4,wt-homo-4 (wt-homo-4),sdt5-homo-3,sdt5-homo-3 (sdt5-homo-3),Chain 0::72,72,Chain 0 / ASN72,Chain 0 / PHE72,ASN,PHE,aa_scale:kyte_doolittle,Kyte-Doolittle Score,sasa_relative,Relative SASA,0,0,6.3,0.1920436270234031,6.3,0.1920436270234031,Q1,Intermediate
delta_vs_wt,wt-homo-4,wt-homo-4 (wt-homo-4),sdt5-homo-3,sdt5-homo-3 (sdt5-homo-3),Chain 0::77,77,Chain 0 / GLU77,Chain 0 / GLU77,GLU,GLU,aa_scale:kyte_doolittle,Kyte-Doolittle Score,sasa_relative,Relative SASA,0,0,0,0.06785907952298154,0,0.06785907952298154,,Exposed
delta_vs_wt,wt-homo-4,wt-homo-4 (wt-homo-4),sdt5-homo-3,sdt5-homo-3 (sdt5-homo-3),Chain 0::83,83,Chain 0 / GLN83,Chain 0 / ASP83,GLN,ASP,aa_scale:kyte_doolittle,Kyte-Doolittle Score,sasa_relative,Relative SASA,0,0,0,-0.03380128651385872,0,-0.03380128651385872,,Intermediate
delta_vs_wt,wt-homo-4,wt-homo-4 (wt-homo-4),sdt5-homo-3,sdt5-homo-3 (sdt5-homo-3),Chain 0::84,84,Chain 0 / ILE84,Chain 0 / VAL84,ILE,VAL,aa_scale:kyte_doolittle,Kyte-Doolittle Score,sasa_relative,Relative SASA,0,0,-0.2999999999999998,-0.01737021446145824,-0.2999999999999998,-0.01737021446145824,Q3,Buried
delta_vs_wt,wt-homo-4,wt-homo-4 (wt-homo-4),sdt5-homo-3,sdt5-homo-3 (sdt5-homo-3),Chain 0::85,85,Chain 0 / PRO85,Chain 0 / PRO85,PRO,PRO,aa_scale:kyte_doolittle,Kyte-Doolittle Score,sasa_relative,Relative SASA,0,0,0,0.051653813209082355,0,0.051653813209082355,,Exposed
delta_vs_wt,wt-homo-4,wt-homo-4 (wt-homo-4),sdt5-homo-3,sdt5-homo-3 (sdt5-homo-3),Chain 0::88,88,Chain 0 / GLU88,Chain 0 / GLU88,GLU,GLU,aa_scale:kyte_doolittle,Kyte-Doolittle Score,sasa_relative,Relative SASA,0,0,0,0.006284550048822446,0,0.006284550048822446,,Exposed
delta_vs_wt,wt-homo-4,wt-homo-4 (wt-homo-4),sdt5-homo-3,sdt5-homo-3 (sdt5-homo-3),Chain 0::89,89,Chain 0 / LYS89,Chain 0 / ASP89,LYS,ASP,aa_scale:kyte_doolittle,Kyte-Doolittle Score,sasa_relative,Relative SASA,0,0,0.3999999999999999,-0.2658497930321683,0.3999999999999999,-0.2658497930321683,Q4,Buried
delta_vs_wt,wt-homo-4,wt-homo-4 (wt-homo-4),sdt5-homo-3,sdt5-homo-3 (sdt5-homo-3),Chain 0::91,91,Chain 0 / PRO91,Chain 0 / PRO91,PRO,PRO,aa_scale:kyte_doolittle,Kyte-Doolittle Score,sasa_relative,Relative SASA,0,0,0,0.12609255648033316,0,0.12609255648033316,,Intermediate
delta_vs_wt,wt-homo-4,wt-homo-4 (wt-homo-4),sdt5-homo-3,sdt5-homo-3 (sdt5-homo-3),Chain 0::92,92,Chain 0 / ASN92,Chain 0 / LYS92,ASN,LYS,aa_scale:kyte_doolittle,Kyte-Doolittle Score,sasa_relative,Relative SASA,0,0,-0.3999999999999999,0.10385997601892805,-0.3999999999999999,0.10385997601892805,Q2,Intermediate
delta_vs_wt,wt-homo-4,wt-homo-4 (wt-homo-4),sdt5-homo-3,sdt5-homo-3 (sdt5-homo-3),Chain 0::95,95,Chain 0 / LYS95,Chain 0 / ALA95,LYS,ALA,aa_scale:kyte_doolittle,Kyte-Doolittle Score,sasa_relative,Relative SASA,0,0,5.7,-0.28766251140951926,5.7,-0.28766251140951926,Q4,Intermediate
delta_vs_wt,wt-homo-4,wt-homo-4 (wt-homo-4),sdt5-homo-3,sdt5-homo-3 (sdt5-homo-3),Chain 0::97,97,Chain 0 / VAL97,Chain 0 / LEU97,VAL,LEU,aa_scale:kyte_doolittle,Kyte-Doolittle Score,sasa_relative,Relative SASA,0,0,-0.40000000000000036,-0.029689207910024978,-0.40000000000000036,-0.029689207910024978,Q3,Buried
delta_vs_wt,wt-homo-4,wt-homo-4 (wt-homo-4),sdt5-homo-3,sdt5-homo-3 (sdt5-homo-3),Chain 0::98,98,Chain 0 / ALA98,Chain 0 / ARG98,ALA,ARG,aa_scale:kyte_doolittle,Kyte-Doolittle Score,sasa_relative,Relative SASA,0,0,-6.3,0.2198233353794833,-6.3,0.2198233353794833,Q2,Intermediate
delta_vs_wt,wt-homo-4,wt-homo-4 (wt-homo-4),sdt5-homo-3,sdt5-homo-3 (sdt5-homo-3),Chain 0::99,99,Chain 0 / MET99,Chain 0 / ALA99,MET,ALA,aa_scale:kyte_doolittle,Kyte-Doolittle Score,sasa_relative,Relative SASA,0,0,-0.09999999999999987,-0.11560895529231502,-0.09999999999999987,-0.11560895529231502,Q3,Intermediate
delta_vs_wt,wt-homo-4,wt-homo-4 (wt-homo-4),sdt5-homo-3,sdt5-homo-3 (sdt5-homo-3),Chain 0::102,102,Chain 0 / GLU102,Chain 0 / GLU102,GLU,GLU,aa_scale:kyte_doolittle,Kyte-Doolittle Score,sasa_relative,Relative SASA,0,0,0,-0.006504791610455252,0,-0.006504791610455252,,Exposed
delta_vs_wt,wt-homo-4,wt-homo-4 (wt-homo-4),sdt5-homo-3,sdt5-homo-3 (sdt5-homo-3),Chain 0::106,106,Chain 0 / GLN106,Chain 0 / LYS106,GLN,LYS,aa_scale:kyte_doolittle,Kyte-Doolittle Score,sasa_relative,Relative SASA,0,0,-0.3999999999999999,0.11121324524388032,-0.3999999999999999,0.11121324524388032,Q2,Exposed
delta_vs_wt,wt-homo-4,wt-homo-4 (wt-homo-4),sdt5-homo-3,sdt5-homo-3 (sdt5-homo-3),Chain 0::109,109,Chain 0 / GLU109,Chain 0 / ALA109,GLU,ALA,aa_scale:kyte_doolittle,Kyte-Doolittle Score,sasa_relative,Relative SASA,0,0,5.3,-0.09360122719882469,5.3,-0.09360122719882469,Q4,Intermediate
delta_vs_wt,wt-homo-4,wt-homo-4 (wt-homo-4),sdt5-homo-3,sdt5-homo-3 (sdt5-homo-3),Chain 0::110,110,Chain 0 / GLU110,Chain 0 / GLU110,GLU,GLU,aa_scale:kyte_doolittle,Kyte-Doolittle Score,sasa_relative,Relative SASA,0,0,0,-0.008741272933125543,0,-0.008741272933125543,,Exposed
delta_vs_wt,wt-homo-4,wt-homo-4 (wt-homo-4),sdt5-homo-3,sdt5-homo-3 (sdt5-homo-3),Chain 0::111,111,Chain 0 / CYS111,Chain 0 / GLU111,CYS,GLU,aa_scale:kyte_doolittle,Kyte-Doolittle Score,sasa_relative,Relative SASA,0,0,-6,0.0623680741837537,-6,0.0623680741837537,Q2,Intermediate
delta_vs_wt,wt-homo-4,wt-homo-4 (wt-homo-4),sdt5-homo-3,sdt5-homo-3 (sdt5-homo-3),Chain 0::112,112,Chain 0 / ARG112,Chain 0 / LYS112,ARG,LYS,aa_scale:kyte_doolittle,Kyte-Doolittle Score,sasa_relative,Relative SASA,0,0,0.6000000000000001,0.06175368333676379,0.6000000000000001,0.06175368333676379,Q1,Exposed
delta_vs_wt,wt-homo-4,wt-homo-4 (wt-homo-4),sdt5-homo-3,sdt5-homo-3 (sdt5-homo-3),Chain 0::118,118,Chain 0 / SER118,Chain 0 / SER118,SER,SER,aa_scale:kyte_doolittle,Kyte-Doolittle Score,sasa_relative,Relative SASA,0,0,0,0.002114664155656896,0,0.002114664155656896,,Buried
delta_vs_wt,wt-homo-4,wt-homo-4 (wt-homo-4),sdt5-homo-3,sdt5-homo-3 (sdt5-homo-3),Chain 0::123,123,Chain 0 / PRO123,Chain 0 / PRO123,PRO,PRO,aa_scale:kyte_doolittle,Kyte-Doolittle Score,sasa_relative,Relative SASA,0,0,0,0.014672986037384442,0,0.014672986037384442,,Buried
delta_vs_wt,wt-homo-4,wt-homo-4 (wt-homo-4),sdt5-homo-3,sdt5-homo-3 (sdt5-homo-3),Chain 0::125,125,Chain 0 / THR125,Chain 0 / THR125,THR,THR,aa_scale:kyte_doolittle,Kyte-Doolittle Score,sasa_relative,Relative SASA,0,0,0,0.0005739511916231634,0,0.0005739511916231634,,Buried
delta_vs_wt,wt-homo-4,wt-homo-4 (wt-homo-4),sdt5-homo-3,sdt5-homo-3 (sdt5-homo-3),Chain 0::126,126,Chain 0 / THR126,Chain 0 / VAL126,THR,VAL,aa_scale:kyte_doolittle,Kyte-Doolittle Score,sasa_relative,Relative SASA,0,0,4.9,0.039341108548657855,4.9,0.039341108548657855,Q1,Buried
delta_vs_wt,wt-homo-4,wt-homo-4 (wt-homo-4),sdt5-homo-3,sdt5-homo-3 (sdt5-homo-3),Chain 0::127,127,Chain 0 / ASP127,Chain 0 / ASP127,ASP,ASP,aa_scale:kyte_doolittle,Kyte-Doolittle Score,sasa_relative,Relative SASA,0,0,0,-0.016656892424750214,0,-0.016656892424750214,,Intermediate
delta_vs_wt,wt-homo-4,wt-homo-4 (wt-homo-4),sdt5-homo-3,sdt5-homo-3 (sdt5-homo-3),Chain 0::128,128,Chain 0 / THR128,Chain 0 / VAL128,THR,VAL,aa_scale:kyte_doolittle,Kyte-Doolittle Score,sasa_relative,Relative SASA,0,0,4.9,0.00041211215094381914,4.9,0.00041211215094381914,Q1,Buried
delta_vs_wt,wt-homo-4,wt-homo-4 (wt-homo-4),sdt5-homo-3,sdt5-homo-3 (sdt5-homo-3),Chain 0::133,133,Chain 0 / ASN133,Chain 0 / ASN133,ASN,ASN,aa_scale:kyte_doolittle,Kyte-Doolittle Score,sasa_relative,Relative SASA,0,0,0,-0.06398611035399737,0,-0.06398611035399737,,Exposed
delta_vs_wt,wt-homo-4,wt-homo-4 (wt-homo-4),sdt5-homo-3,sdt5-homo-3 (sdt5-homo-3),Chain 0::138,138,Chain 0 / VAL138,Chain 0 / ILE138,VAL,ILE,aa_scale:kyte_doolittle,Kyte-Doolittle Score,sasa_relative,Relative SASA,0,0,0.2999999999999998,-0.006357444209688424,0.2999999999999998,-0.006357444209688424,Q4,Buried
delta_vs_wt,wt-homo-4,wt-homo-4 (wt-homo-4),sdt5-homo-3,sdt5-homo-3 (sdt5-homo-3),Chain 0::144,144,Chain 0 / PHE144,Chain 0 / LEU144,PHE,LEU,aa_scale:kyte_doolittle,Kyte-Doolittle Score,sasa_relative,Relative SASA,0,0,1,0.00336318840507222,1,0.00336318840507222,Q1,Buried
delta_vs_wt,wt-homo-4,wt-homo-4 (wt-homo-4),sdt5-homo-3,sdt5-homo-3 (sdt5-homo-3),Chain 0::147,147,Chain 0 / LEU147,Chain 0 / ARG147,LEU,ARG,aa_scale:kyte_doolittle,Kyte-Doolittle Score,sasa_relative,Relative SASA,0,0,-8.3,-0.025491605520787317,-8.3,-0.025491605520787317,Q3,Buried
delta_vs_wt,wt-homo-4,wt-homo-4 (wt-homo-4),sdt5-homo-3,sdt5-homo-3 (sdt5-homo-3),Chain 0::148,148,Chain 0 / CYS148,Chain 0 / VAL148,CYS,VAL,aa_scale:kyte_doolittle,Kyte-Doolittle Score,sasa_relative,Relative SASA,0,0,1.7000000000000002,0.0050140530939869555,1.7000000000000002,0.0050140530939869555,Q1,Buried
delta_vs_wt,wt-homo-4,wt-homo-4 (wt-homo-4),sdt5-homo-3,sdt5-homo-3 (sdt5-homo-3),Chain 0::149,149,Chain 0 / VAL149,Chain 0 / VAL149,VAL,VAL,aa_scale:kyte_doolittle,Kyte-Doolittle Score,sasa_relative,Relative SASA,0,0,0,0.002276431774721108,0,0.002276431774721108,,Buried
delta_vs_wt,wt-homo-4,wt-homo-4 (wt-homo-4),sdt5-homo-3,sdt5-homo-3 (sdt5-homo-3),Chain 0::151,151,Chain 0 / ASN151,Chain 0 / ILE151,ASN,ILE,aa_scale:kyte_doolittle,Kyte-Doolittle Score,sasa_relative,Relative SASA,0,0,8,0.0018127874555870505,8,0.0018127874555870505,Q1,Buried
delta_vs_wt,wt-homo-4,wt-homo-4 (wt-homo-4),sdt5-homo-3,sdt5-homo-3 (sdt5-homo-3),Chain 0::153,153,Chain 0 / VAL153,Chain 0 / VAL153,VAL,VAL,aa_scale:kyte_doolittle,Kyte-Doolittle Score,sasa_relative,Relative SASA,0,0,0,-0.014232267858809829,0,-0.014232267858809829,,Buried
delta_vs_wt,wt-homo-4,wt-homo-4 (wt-homo-4),sdt5-homo-3,sdt5-homo-3 (sdt5-homo-3),Chain 0::154,154,Chain 0 / ARG154,Chain 0 / ARG154,ARG,ARG,aa_scale:kyte_doolittle,Kyte-Doolittle Score,sasa_relative,Relative SASA,0,0,0,-0.0015034531736382861,0,-0.0015034531736382861,,Intermediate
delta_vs_wt,wt-homo-4,wt-homo-4 (wt-homo-4),sdt5-homo-3,sdt5-homo-3 (sdt5-homo-3),Chain 0::155,155,Chain 0 / LEU155,Chain 0 / LYS155,LEU,LYS,aa_scale:kyte_doolittle,Kyte-Doolittle Score,sasa_relative,Relative SASA,0,0,-7.699999999999999,-0.033291100948429686,-7.699999999999999,-0.033291100948429686,Q3,Exposed
delta_vs_wt,wt-homo-4,wt-homo-4 (wt-homo-4),sdt5-homo-3,sdt5-homo-3 (sdt5-homo-3),Chain 0::156,156,Chain 0 / ASN156,Chain 0 / HIS156,ASN,HIS,aa_scale:kyte_doolittle,Kyte-Doolittle Score,sasa_relative,Relative SASA,0,0,0.2999999999999998,0.0030128981275506783,0.2999999999999998,0.0030128981275506783,Q1,Intermediate
delta_vs_wt,wt-homo-4,wt-homo-4 (wt-homo-4),sdt5-homo-3,sdt5-homo-3 (sdt5-homo-3),Chain 0::157,157,Chain 0 / LYS157,Chain 0 / GLN157,LYS,GLN,aa_scale:kyte_doolittle,Kyte-Doolittle Score,sasa_relative,Relative SASA,0,0,0.3999999999999999,-0.058270291593862655,0.3999999999999999,-0.058270291593862655,Q4,Intermediate
delta_vs_wt,wt-homo-4,wt-homo-4 (wt-homo-4),sdt5-homo-3,sdt5-homo-3 (sdt5-homo-3),Chain 0::159,159,Chain 0 / PHE159,Chain 0 / TRP159,PHE,TRP,aa_scale:kyte_doolittle,Kyte-Doolittle Score,sasa_relative,Relative SASA,0,0,-3.6999999999999997,0.08093090736896304,-3.6999999999999997,0.08093090736896304,Q2,Buried
delta_vs_wt,wt-homo-4,wt-homo-4 (wt-homo-4),sdt5-homo-3,sdt5-homo-3 (sdt5-homo-3),Chain 0::160,160,Chain 0 / LYS160,Chain 0 / LYS160,LYS,LYS,aa_scale:kyte_doolittle,Kyte-Doolittle Score,sasa_relative,Relative SASA,0,0,0,-0.011119215436090513,0,-0.011119215436090513,,Exposed
delta_vs_wt,wt-homo-4,wt-homo-4 (wt-homo-4),sdt5-homo-3,sdt5-homo-3 (sdt5-homo-3),Chain 0::161,161,Chain 0 / ASN161,Chain 0 / THR161,ASN,THR,aa_scale:kyte_doolittle,Kyte-Doolittle Score,sasa_relative,Relative SASA,0,0,2.8,-0.03847380800538447,2.8,-0.03847380800538447,Q4,Exposed
delta_vs_wt,wt-homo-4,wt-homo-4 (wt-homo-4),sdt5-homo-3,sdt5-homo-3 (sdt5-homo-3),Chain 0::162,162,Chain 0 / VAL162,Chain 0 / VAL162,VAL,VAL,aa_scale:kyte_doolittle,Kyte-Doolittle Score,sasa_relative,Relative SASA,0,0,0,0.0710132284419085,0,0.0710132284419085,,Buried
delta_vs_wt,wt-homo-4,wt-homo-4 (wt-homo-4),sdt5-homo-3,sdt5-homo-3 (sdt5-homo-3),Chain 0::163,163,Chain 0 / SER163,Chain 0 / LYS163,SER,LYS,aa_scale:kyte_doolittle,Kyte-Doolittle Score,sasa_relative,Relative SASA,0,0,-3.0999999999999996,0.18776756738686884,-3.0999999999999996,0.18776756738686884,Q2,Exposed
delta_vs_wt,wt-homo-4,wt-homo-4 (wt-homo-4),sdt5-homo-3,sdt5-homo-3 (sdt5-homo-3),Chain 0::166,166,Chain 0 / SER166,Chain 0 / THR166,SER,THR,aa_scale:kyte_doolittle,Kyte-Doolittle Score,sasa_relative,Relative SASA,0,0,0.10000000000000009,-0.018936594158586395,0.10000000000000009,-0.018936594158586395,Q4,Exposed
delta_vs_wt,wt-homo-4,wt-homo-4 (wt-homo-4),sdt5-homo-3,sdt5-homo-3 (sdt5-homo-3),Chain 0::168,168,Chain 0 / THR168,Chain 0 / GLU168,THR,GLU,aa_scale:kyte_doolittle,Kyte-Doolittle Score,sasa_relative,Relative SASA,0,0,-2.8,-0.07984954313380727,-2.8,-0.07984954313380727,Q3,Intermediate
delta_vs_wt,wt-homo-4,wt-homo-4 (wt-homo-4),sdt5-homo-3,sdt5-homo-3 (sdt5-homo-3),Chain 0::170,170,Chain 0 / VAL170,Chain 0 / VAL170,VAL,VAL,aa_scale:kyte_doolittle,Kyte-Doolittle Score,sasa_relative,Relative SASA,0,0,0,0.015502174158837423,0,0.015502174158837423,,Intermediate
delta_vs_wt,wt-homo-4,wt-homo-4 (wt-homo-4),sdt5-homo-3,sdt5-homo-3 (sdt5-homo-3),Chain 0::173,173,Chain 0 / ASP173,Chain 0 / ASP173,ASP,ASP,aa_scale:kyte_doolittle,Kyte-Doolittle Score,sasa_relative,Relative SASA,0,0,0,-0.10623866621671751,0,-0.10623866621671751,,Exposed
delta_vs_wt,wt-homo-4,wt-homo-4 (wt-homo-4),sdt5-homo-3,sdt5-homo-3 (sdt5-homo-3),Chain 0::176,176,Chain 0 / HIS176,Chain 0 / HIS176,HIS,HIS,aa_scale:kyte_doolittle,Kyte-Doolittle Score,sasa_relative,Relative SASA,0,0,0,0.1376616627491566,0,0.1376616627491566,,Intermediate
delta_vs_wt,wt-homo-4,wt-homo-4 (wt-homo-4),sdt5-homo-3,sdt5-homo-3 (sdt5-homo-3),Chain 0::177,177,Chain 0 / GLU177,Chain 0 / GLU177,GLU,GLU,aa_scale:kyte_doolittle,Kyte-Doolittle Score,sasa_relative,Relative SASA,0,0,0,0.003476042282882452,0,0.003476042282882452,,Exposed
delta_vs_wt,wt-homo-4,wt-homo-4 (wt-homo-4),sdt5-homo-3,sdt5-homo-3 (sdt5-homo-3),Chain 0::179,179,Chain 0 / LYS179,Chain 0 / LYS179,LYS,LYS,aa_scale:kyte_doolittle,Kyte-Doolittle Score,sasa_relative,Relative SASA,0,0,0,-0.07172137280758523,0,-0.07172137280758523,,Intermediate
delta_vs_wt,wt-homo-4,wt-homo-4 (wt-homo-4),sdt5-homo-3,sdt5-homo-3 (sdt5-homo-3),Chain 0::182,182,Chain 0 / ARG182,Chain 0 / LYS182,ARG,LYS,aa_scale:kyte_doolittle,Kyte-Doolittle Score,sasa_relative,Relative SASA,0,0,0.6000000000000001,0.048378917075050515,0.6000000000000001,0.048378917075050515,Q1,Intermediate
delta_vs_wt,wt-homo-4,wt-homo-4 (wt-homo-4),sdt5-homo-3,sdt5-homo-3 (sdt5-homo-3),Chain 0::183,183,Chain 0 / THR183,Chain 0 / THR183,THR,THR,aa_scale:kyte_doolittle,Kyte-Doolittle Score,sasa_relative,Relative SASA,0,0,0,0.24275652299868358,0,0.24275652299868358,,Intermediate
delta_vs_wt,wt-homo-4,wt-homo-4 (wt-homo-4),sdt5-homo-3,sdt5-homo-3 (sdt5-homo-3),Chain 0::189,189,Chain 0 / GLU189,Chain 0 / LEU189,GLU,LEU,aa_scale:kyte_doolittle,Kyte-Doolittle Score,sasa_relative,Relative SASA,0,0,7.3,0.017679356540400842,7.3,0.017679356540400842,Q1,Buried
delta_vs_wt,wt-homo-4,wt-homo-4 (wt-homo-4),sdt5-homo-3,sdt5-homo-3 (sdt5-homo-3),Chain 0::190,190,Chain 0 / ARG190,Chain 0 / ARG190,ARG,ARG,aa_scale:kyte_doolittle,Kyte-Doolittle Score,sasa_relative,Relative SASA,0,0,0,-0.006212759703848658,0,-0.006212759703848658,,Intermediate
delta_vs_wt,wt-homo-4,wt-homo-4 (wt-homo-4),sdt5-homo-3,sdt5-homo-3 (sdt5-homo-3),Chain 0::191,191,Chain 0 / SER191,Chain 0 / SER191,SER,SER,aa_scale:kyte_doolittle,Kyte-Doolittle Score,sasa_relative,Relative SASA,0,0,0,0.03913116696088392,0,0.03913116696088392,,Intermediate
delta_vs_wt,wt-homo-4,wt-homo-4 (wt-homo-4),sdt5-homo-3,sdt5-homo-3 (sdt5-homo-3),Chain 0::192,192,Chain 0 / GLY192,Chain 0 / GLY192,GLY,GLY,aa_scale:kyte_doolittle,Kyte-Doolittle Score,sasa_relative,Relative SASA,0,0,0,-0.1373791306483888,0,-0.1373791306483888,,Exposed
delta_vs_wt,wt-homo-4,wt-homo-4 (wt-homo-4),sdt5-homo-3,sdt5-homo-3 (sdt5-homo-3),Chain 0::193,193,Chain 0 / GLU193,Chain 0 / GLU193,GLU,GLU,aa_scale:kyte_doolittle,Kyte-Doolittle Score,sasa_relative,Relative SASA,0,0,0,-0.06271203726659691,0,-0.06271203726659691,,Exposed
delta_vs_wt,wt-homo-4,wt-homo-4 (wt-homo-4),sdt5-homo-3,sdt5-homo-3 (sdt5-homo-3),Chain 0::194,194,Chain 0 / GLU194,Chain 0 / GLU194,GLU,GLU,aa_scale:kyte_doolittle,Kyte-Doolittle Score,sasa_relative,Relative SASA,0,0,0,0.16293122025591555,0,0.16293122025591555,,Exposed
delta_vs_wt,wt-homo-4,wt-homo-4 (wt-homo-4),sdt5-homo-3,sdt5-homo-3 (sdt5-homo-3),Chain 0::195,195,Chain 0 / THR195,Chain 0 / THR195,THR,THR,aa_scale:kyte_doolittle,Kyte-Doolittle Score,sasa_relative,Relative SASA,0,0,0,-0.03496708241701202,0,-0.03496708241701202,,Intermediate
delta_vs_wt,wt-homo-4,wt-homo-4 (wt-homo-4),sdt5-homo-3,sdt5-homo-3 (sdt5-homo-3),Chain 0::196,196,Chain 0 / ALA196,Chain 0 / PRO196,ALA,PRO,aa_scale:kyte_doolittle,Kyte-Doolittle Score,sasa_relative,Relative SASA,0,0,-3.4000000000000004,0.1137241879140719,-3.4000000000000004,0.1137241879140719,Q2,Exposed
delta_vs_wt,wt-homo-4,wt-homo-4 (wt-homo-4),sdt5-homo-3,sdt5-homo-3 (sdt5-homo-3),Chain 0::198,198,Chain 0 / THR198,Chain 0 / SER198,THR,SER,aa_scale:kyte_doolittle,Kyte-Doolittle Score,sasa_relative,Relative SASA,0,0,-0.10000000000000009,0.004496341422945291,-0.10000000000000009,0.004496341422945291,Q2,Buried
delta_vs_wt,wt-homo-4,wt-homo-4 (wt-homo-4),sdt5-homo-3,sdt5-homo-3 (sdt5-homo-3),Chain 0::199,199,Chain 0 / ARG199,Chain 0 / LYS199,ARG,LYS,aa_scale:kyte_doolittle,Kyte-Doolittle Score,sasa_relative,Relative SASA,0,0,0.6000000000000001,-0.02847224938468529,0.6000000000000001,-0.02847224938468529,Q4,Exposed
delta_vs_wt,wt-homo-4,wt-homo-4 (wt-homo-4),sdt5-homo-3,sdt5-homo-3 (sdt5-homo-3),Chain 0::200,200,Chain 0 / MET200,Chain 0 / LEU200,MET,LEU,aa_scale:kyte_doolittle,Kyte-Doolittle Score,sasa_relative,Relative SASA,0,0,1.9,-0.01482240188999144,1.9,-0.01482240188999144,Q4,Buried
delta_vs_wt,wt-homo-4,wt-homo-4 (wt-homo-4),sdt5-homo-3,sdt5-homo-3 (sdt5-homo-3),Chain 0::202,202,Chain 0 / LYS202,Chain 0 / ALA202,LYS,ALA,aa_scale:kyte_doolittle,Kyte-Doolittle Score,sasa_relative,Relative SASA,0,0,5.7,-0.09012342038368715,5.7,-0.09012342038368715,Q4,Intermediate
delta_vs_wt,wt-homo-4,wt-homo-4 (wt-homo-4),sdt5-homo-3,sdt5-homo-3 (sdt5-homo-3),Chain 0::203,203,Chain 0 / THR203,Chain 0 / GLU203,THR,GLU,aa_scale:kyte_doolittle,Kyte-Doolittle Score,sasa_relative,Relative SASA,0,0,-2.8,-0.021221163226378348,-2.8,-0.021221163226378348,Q3,Intermediate
delta_vs_wt,wt-homo-4,wt-homo-4 (wt-homo-4),sdt5-homo-3,sdt5-homo-3 (sdt5-homo-3),Chain 0::204,204,Chain 0 / VAL204,Chain 0 / MET204,VAL,MET,aa_scale:kyte_doolittle,Kyte-Doolittle Score,sasa_relative,Relative SASA,0,0,-2.3000000000000003,-0.04413719449307871,-2.3000000000000003,-0.04413719449307871,Q3,Buried
delta_vs_wt,wt-homo-4,wt-homo-4 (wt-homo-4),sdt5-homo-3,sdt5-homo-3 (sdt5-homo-3),Chain 0::205,205,Chain 0 / ARG205,Chain 0 / TYR205,ARG,TYR,aa_scale:kyte_doolittle,Kyte-Doolittle Score,sasa_relative,Relative SASA,0,0,3.2,-0.06166763220218577,3.2,-0.06166763220218577,Q4,Buried
delta_vs_wt,wt-homo-4,wt-homo-4 (wt-homo-4),sdt5-homo-3,sdt5-homo-3 (sdt5-homo-3),Chain 0::206,206,Chain 0 / GLU206,Chain 0 / GLU206,GLU,GLU,aa_scale:kyte_doolittle,Kyte-Doolittle Score,sasa_relative,Relative SASA,0,0,0,0.009506095610638254,0,0.009506095610638254,,Intermediate
delta_vs_wt,wt-homo-4,wt-homo-4 (wt-homo-4),sdt5-homo-3,sdt5-homo-3 (sdt5-homo-3),Chain 0::208,208,Chain 0 / ASP208,Chain 0 / ASP208,ASP,ASP,aa_scale:kyte_doolittle,Kyte-Doolittle Score,sasa_relative,Relative SASA,0,0,0,-0.08059233695689938,0,-0.08059233695689938,,Buried
delta_vs_wt,wt-homo-4,wt-homo-4 (wt-homo-4),sdt5-homo-3,sdt5-homo-3 (sdt5-homo-3),Chain 0::209,209,Chain 0 / SER209,Chain 0 / GLU209,SER,GLU,aa_scale:kyte_doolittle,Kyte-Doolittle Score,sasa_relative,Relative SASA,0,0,-2.7,-0.03967185515429594,-2.7,-0.03967185515429594,Q3,Exposed
delta_vs_wt,wt-homo-4,wt-homo-4 (wt-homo-4),sdt5-homo-3,sdt5-homo-3 (sdt5-homo-3),Chain 0::210,210,Chain 0 / LYS210,Chain 0 / LYS210,LYS,LYS,aa_scale:kyte_doolittle,Kyte-Doolittle Score,sasa_relative,Relative SASA,0,0,0,-0.015661641025255912,0,-0.015661641025255912,,Exposed
delta_vs_wt,wt-homo-4,wt-homo-4 (wt-homo-4),sdt5-homo-3,sdt5-homo-3 (sdt5-homo-3),Chain 0::212,212,Chain 0 / TYR212,Chain 0 / TRP212,TYR,TRP,aa_scale:kyte_doolittle,Kyte-Doolittle Score,sasa_relative,Relative SASA,0,0,0.4,-0.028821149423556208,0.4,-0.028821149423556208,Q4,Buried
delta_vs_wt,wt-homo-4,wt-homo-4 (wt-homo-4),sdt5-homo-3,sdt5-homo-3 (sdt5-homo-3),Chain 0::216,216,Chain 0 / PHE216,Chain 0 / PHE216,PHE,PHE,aa_scale:kyte_doolittle,Kyte-Doolittle Score,sasa_relative,Relative SASA,0,0,0,0.0007774869317506905,0,0.0007774869317506905,,Buried
delta_vs_wt,wt-homo-4,wt-homo-4 (wt-homo-4),sdt5-homo-3,sdt5-homo-3 (sdt5-homo-3),Chain 0::224,224,Chain 0 / THR224,Chain 0 / PRO224,THR,PRO,aa_scale:kyte_doolittle,Kyte-Doolittle Score,sasa_relative,Relative SASA,0,0,-0.9000000000000001,-0.03275345960820897,-0.9000000000000001,-0.03275345960820897,Q3,Intermediate
delta_vs_wt,wt-homo-4,wt-homo-4 (wt-homo-4),sdt5-homo-3,sdt5-homo-3 (sdt5-homo-3),Chain 0::225,225,Chain 0 / ASP225,Chain 0 / ASP225,ASP,ASP,aa_scale:kyte_doolittle,Kyte-Doolittle Score,sasa_relative,Relative SASA,0,0,0,0.004769890495333051,0,0.004769890495333051,,Intermediate
delta_vs_wt,wt-homo-4,wt-homo-4 (wt-homo-4),sdt5-homo-3,sdt5-homo-3 (sdt5-homo-3),Chain 0::227,227,Chain 0 / VAL227,Chain 0 / TYR227,VAL,TYR,aa_scale:kyte_doolittle,Kyte-Doolittle Score,sasa_relative,Relative SASA,0,0,-5.5,0.10836196118049464,-5.5,0.10836196118049464,Q2,Intermediate
delta_vs_wt,wt-homo-4,wt-homo-4 (wt-homo-4),sdt5-homo-3,sdt5-homo-3 (sdt5-homo-3),Chain 0::228,228,Chain 0 / GLU228,Chain 0 / LYS228,GLU,LYS,aa_scale:kyte_doolittle,Kyte-Doolittle Score,sasa_relative,Relative SASA,0,0,-0.3999999999999999,0.14958229698288567,-0.3999999999999999,0.14958229698288567,Q2,Exposed
delta_vs_wt,wt-homo-4,wt-homo-4 (wt-homo-4),sdt5-homo-3,sdt5-homo-3 (sdt5-homo-3),Chain 0::229,229,Chain 0 / HIS229,Chain 0 / HIS229,HIS,HIS,aa_scale:kyte_doolittle,Kyte-Doolittle Score,sasa_relative,Relative SASA,0,0,0,0.0390989533794595,0,0.0390989533794595,,Buried
delta_vs_wt,wt-homo-4,wt-homo-4 (wt-homo-4),sdt5-homo-3,sdt5-homo-3 (sdt5-homo-3),Chain 0::231,231,Chain 0 / THR231,Chain 0 / THR231,THR,THR,aa_scale:kyte_doolittle,Kyte-Doolittle Score,sasa_relative,Relative SASA,0,0,0,-0.11176911777202525,0,-0.11176911777202525,,Intermediate
delta_vs_wt,wt-homo-4,wt-homo-4 (wt-homo-4),sdt5-homo-3,sdt5-homo-3 (sdt5-homo-3),Chain 0::232,232,Chain 0 / LYS232,Chain 0 / GLU232,LYS,GLU,aa_scale:kyte_doolittle,Kyte-Doolittle Score,sasa_relative,Relative SASA,0,0,0.3999999999999999,-0.21477600158206434,0.3999999999999999,-0.21477600158206434,Q4,Exposed
delta_vs_wt,wt-homo-4,wt-homo-4 (wt-homo-4),sdt5-homo-3,sdt5-homo-3 (sdt5-homo-3),Chain 0::233,233,Chain 0 / VAL233,Chain 0 / LYS233,VAL,LYS,aa_scale:kyte_doolittle,Kyte-Doolittle Score,sasa_relative,Relative SASA,0,0,-8.1,0.04737877563054382,-8.1,0.04737877563054382,Q2,Exposed
delta_vs_wt,wt-homo-4,wt-homo-4 (wt-homo-4),sdt5-homo-3,sdt5-homo-3 (sdt5-homo-3),Chain 0::234,234,Chain 0 / LEU234,Chain 0 / LEU234,LEU,LEU,aa_scale:kyte_doolittle,Kyte-Doolittle Score,sasa_relative,Relative SASA,0,0,0,0.01229888793685674,0,0.01229888793685674,,Intermediate
delta_vs_wt,wt-homo-4,wt-homo-4 (wt-homo-4),sdt5-homo-3,sdt5-homo-3 (sdt5-homo-3),Chain 0::235,235,Chain 0 / GLY235,Chain 0 / LYS235,GLY,LYS,aa_scale:kyte_doolittle,Kyte-Doolittle Score,sasa_relative,Relative SASA,0,0,-3.5,0.2522246207771749,-3.5,0.2522246207771749,Q2,Exposed
delta_vs_wt,wt-homo-4,wt-homo-4 (wt-homo-4),sdt5-homo-3,sdt5-homo-3 (sdt5-homo-3),Chain 0::240,240,Chain 0 / ALA240,Chain 0 / ALA240,ALA,ALA,aa_scale:kyte_doolittle,Kyte-Doolittle Score,sasa_relative,Relative SASA,0,0,0,-0.026289636458052074,0,-0.026289636458052074,,Buried
delta_vs_wt,wt-homo-4,wt-homo-4 (wt-homo-4),sdt5-homo-3,sdt5-homo-3 (sdt5-homo-3),Chain 0::247,247,Chain 0 / CYS247,Chain 0 / CYS247,CYS,CYS,aa_scale:kyte_doolittle,Kyte-Doolittle Score,sasa_relative,Relative SASA,0,0,0,-0.07999286111389407,0,-0.07999286111389407,,Buried
delta_vs_wt,wt-homo-4,wt-homo-4 (wt-homo-4),sdt5-homo-3,sdt5-homo-3 (sdt5-homo-3),Chain 0::248,248,Chain 0 / ASN248,Chain 0 / ASN248,ASN,ASN,aa_scale:kyte_doolittle,Kyte-Doolittle Score,sasa_relative,Relative SASA,0,0,0,-0.06416813603215707,0,-0.06416813603215707,,Buried
delta_vs_wt,wt-homo-4,wt-homo-4 (wt-homo-4),sdt5-homo-3,sdt5-homo-3 (sdt5-homo-3),Chain 0::249,249,Chain 0 / ARG249,Chain 0 / LYS249,ARG,LYS,aa_scale:kyte_doolittle,Kyte-Doolittle Score,sasa_relative,Relative SASA,0,0,0.6000000000000001,-0.05014867560438763,0.6000000000000001,-0.05014867560438763,Q4,Exposed
delta_vs_wt,wt-homo-4,wt-homo-4 (wt-homo-4),sdt5-homo-3,sdt5-homo-3 (sdt5-homo-3),Chain 0::250,250,Chain 0 / ASP250,Chain 0 / THR250,ASP,THR,aa_scale:kyte_doolittle,Kyte-Doolittle Score,sasa_relative,Relative SASA,0,0,2.8,0.16748112090032907,2.8,0.16748112090032907,Q1,Intermediate
delta_vs_wt,wt-homo-4,wt-homo-4 (wt-homo-4),sdt5-homo-3,sdt5-homo-3 (sdt5-homo-3),Chain 0::251,251,Chain 0 / ILE251,Chain 0 / LEU251,ILE,LEU,aa_scale:kyte_doolittle,Kyte-Doolittle Score,sasa_relative,Relative SASA,0,0,-0.7000000000000002,-0.05239450556827224,-0.7000000000000002,-0.05239450556827224,Q3,Intermediate
delta_vs_wt,wt-homo-4,wt-homo-4 (wt-homo-4),sdt5-homo-3,sdt5-homo-3 (sdt5-homo-3),Chain 0::252,252,Chain 0 / GLU252,Chain 0 / GLU252,GLU,GLU,aa_scale:kyte_doolittle,Kyte-Doolittle Score,sasa_relative,Relative SASA,0,0,0,0.12655933177734796,0,0.12655933177734796,,Exposed
delta_vs_wt,wt-homo-4,wt-homo-4 (wt-homo-4),sdt5-homo-3,sdt5-homo-3 (sdt5-homo-3),Chain 0::253,253,Chain 0 / ASP253,Chain 0 / ASP253,ASP,ASP,aa_scale:kyte_doolittle,Kyte-Doolittle Score,sasa_relative,Relative SASA,0,0,0,-0.059173097162878635,0,-0.059173097162878635,,Buried
delta_vs_wt,wt-homo-4,wt-homo-4 (wt-homo-4),sdt5-homo-3,sdt5-homo-3 (sdt5-homo-3),Chain 0::263,263,Chain 0 / ILE263,Chain 0 / ILE263,ILE,ILE,aa_scale:kyte_doolittle,Kyte-Doolittle Score,sasa_relative,Relative SASA,0,0,0,0.00790107544307983,0,0.00790107544307983,,Buried
delta_vs_wt,wt-homo-4,wt-homo-4 (wt-homo-4),sdt5-homo-3,sdt5-homo-3 (sdt5-homo-3),Chain 0::265,265,Chain 0 / LYS265,Chain 0 / PRO265,LYS,PRO,aa_scale:kyte_doolittle,Kyte-Doolittle Score,sasa_relative,Relative SASA,0,0,2.3,-0.1260525362355025,2.3,-0.1260525362355025,Q4,Intermediate
delta_vs_wt,wt-homo-4,wt-homo-4 (wt-homo-4),sdt5-homo-3,sdt5-homo-3 (sdt5-homo-3),Chain 0::266,266,Chain 0 / HIS266,Chain 0 / GLU266,HIS,GLU,aa_scale:kyte_doolittle,Kyte-Doolittle Score,sasa_relative,Relative SASA,0,0,-0.2999999999999998,0.09064570297230767,-0.2999999999999998,0.09064570297230767,Q2,Exposed
delta_vs_wt,wt-homo-4,wt-homo-4 (wt-homo-4),sdt5-homo-3,sdt5-homo-3 (sdt5-homo-3),Chain 0::267,267,Chain 0 / GLU267,Chain 0 / GLU267,GLU,GLU,aa_scale:kyte_doolittle,Kyte-Doolittle Score,sasa_relative,Relative SASA,0,0,0,0.0828201327125801,0,0.0828201327125801,,Exposed
delta_vs_wt,wt-homo-4,wt-homo-4 (wt-homo-4),sdt5-homo-3,sdt5-homo-3 (sdt5-homo-3),Chain 0::270,270,Chain 0 / LYS270,Chain 0 / ALA270,LYS,ALA,aa_scale:kyte_doolittle,Kyte-Doolittle Score,sasa_relative,Relative SASA,0,0,5.7,-0.1190751596271602,5.7,-0.1190751596271602,Q4,Intermediate
delta_vs_wt,wt-homo-4,wt-homo-4 (wt-homo-4),sdt5-homo-3,sdt5-homo-3 (sdt5-homo-3),Chain 0::274,274,Chain 0 / SER274,Chain 0 / SER274,SER,SER,aa_scale:kyte_doolittle,Kyte-Doolittle Score,sasa_relative,Relative SASA,0,0,0,0.06452520567319453,0,0.06452520567319453,,Exposed
delta_vs_wt,wt-homo-4,wt-homo-4 (wt-homo-4),sdt5-homo-3,sdt5-homo-3 (sdt5-homo-3),Chain 0::276,276,Chain 0 / LYS276,Chain 0 / GLU276,LYS,GLU,aa_scale:kyte_doolittle,Kyte-Doolittle Score,sasa_relative,Relative SASA,0,0,0.3999999999999999,-0.10117556107145864,0.3999999999999999,-0.10117556107145864,Q4,Exposed
delta_vs_wt,wt-homo-4,wt-homo-4 (wt-homo-4),sdt5-homo-3,sdt5-homo-3 (sdt5-homo-3),Chain 0::277,277,Chain 0 / PRO277,Chain 0 / PRO277,PRO,PRO,aa_scale:kyte_doolittle,Kyte-Doolittle Score,sasa_relative,Relative SASA,0,0,0,0.07794884141159508,0,0.07794884141159508,,Exposed
delta_vs_wt,wt-homo-4,wt-homo-4 (wt-homo-4),sdt5-homo-3,sdt5-homo-3 (sdt5-homo-3),Chain 0::278,278,Chain 0 / SER278,Chain 0 / GLY278,SER,GLY,aa_scale:kyte_doolittle,Kyte-Doolittle Score,sasa_relative,Relative SASA,0,0,0.4,-0.05019814948201365,0.4,-0.05019814948201365,Q4,Buried
delta_vs_wt,wt-homo-4,wt-homo-4 (wt-homo-4),sdt5-homo-3,sdt5-homo-3 (sdt5-homo-3),Chain 0::290,290,Chain 0 / ASN290,Chain 0 / ARG290,ASN,ARG,aa_scale:kyte_doolittle,Kyte-Doolittle Score,sasa_relative,Relative SASA,0,0,-1,-0.08090217090837015,-1,-0.08090217090837015,Q3,Intermediate
delta_vs_wt,wt-homo-4,wt-homo-4 (wt-homo-4),sdt5-homo-3,sdt5-homo-3 (sdt5-homo-3),Chain 0::291,291,Chain 0 / PHE291,Chain 0 / LEU291,PHE,LEU,aa_scale:kyte_doolittle,Kyte-Doolittle Score,sasa_relative,Relative SASA,0,0,1,0.0033559432936376005,1,0.0033559432936376005,Q1,Buried
delta_vs_wt,wt-homo-4,wt-homo-4 (wt-homo-4),sdt5-homo-3,sdt5-homo-3 (sdt5-homo-3),Chain 0::293,293,Chain 0 / ALA293,Chain 0 / PRO293,ALA,PRO,aa_scale:kyte_doolittle,Kyte-Doolittle Score,sasa_relative,Relative SASA,0,0,-3.4000000000000004,0.024165197413828943,-3.4000000000000004,0.024165197413828943,Q2,Intermediate
delta_vs_wt,wt-homo-4,wt-homo-4 (wt-homo-4),sdt5-homo-3,sdt5-homo-3 (sdt5-homo-3),Chain 0::294,294,Chain 0 / SER294,Chain 0 / GLU294,SER,GLU,aa_scale:kyte_doolittle,Kyte-Doolittle Score,sasa_relative,Relative SASA,0,0,-2.7,0.08238229937159558,-2.7,0.08238229937159558,Q2,Exposed
delta_vs_wt,wt-homo-4,wt-homo-4 (wt-homo-4),sdt5-homo-3,sdt5-homo-3 (sdt5-homo-3),Chain 0::297,297,Chain 0 / HIS297,Chain 0 / ARG297,HIS,ARG,aa_scale:kyte_doolittle,Kyte-Doolittle Score,sasa_relative,Relative SASA,0,0,-1.2999999999999998,0.07126183241974654,-1.2999999999999998,0.07126183241974654,Q2,Intermediate
delta_vs_wt,wt-homo-4,wt-homo-4 (wt-homo-4),sdt5-homo-3,sdt5-homo-3 (sdt5-homo-3),Chain 0::301,301,Chain 0 / MET301,Chain 0 / LEU301,MET,LEU,aa_scale:kyte_doolittle,Kyte-Doolittle Score,sasa_relative,Relative SASA,0,0,1.9,-0.024415250495380902,1.9,-0.024415250495380902,Q4,Buried
delta_vs_wt,wt-homo-4,wt-homo-4 (wt-homo-4),sdt5-homo-3,sdt5-homo-3 (sdt5-homo-3),Chain 0::308,308,Chain 0 / GLN308,Chain 0 / GLN308,GLN,GLN,aa_scale:kyte_doolittle,Kyte-Doolittle Score,sasa_relative,Relative SASA,0,0,0,-0.023217398738446304,0,-0.023217398738446304,,Buried
delta_vs_wt,wt-homo-4,wt-homo-4 (wt-homo-4),sdt5-homo-3,sdt5-homo-3 (sdt5-homo-3),Chain 0::309,309,Chain 0 / GLU309,Chain 0 / ASP309,GLU,ASP,aa_scale:kyte_doolittle,Kyte-Doolittle Score,sasa_relative,Relative SASA,0,0,0,-0.07074920792047082,0,-0.07074920792047082,,Buried
delta_vs_wt,wt-homo-4,wt-homo-4 (wt-homo-4),sdt5-homo-3,sdt5-homo-3 (sdt5-homo-3),Chain 0::316,316,Chain 0 / THR316,Chain 0 / PRO316,THR,PRO,aa_scale:kyte_doolittle,Kyte-Doolittle Score,sasa_relative,Relative SASA,0,0,-0.9000000000000001,0.23587143380895959,-0.9000000000000001,0.23587143380895959,Q2,Exposed
delta_vs_wt,wt-homo-4,wt-homo-4 (wt-homo-4),sdt5-homo-3,sdt5-homo-3 (sdt5-homo-3),Chain 0::317,317,Chain 0 / GLU317,Chain 0 / ASP317,GLU,ASP,aa_scale:kyte_doolittle,Kyte-Doolittle Score,sasa_relative,Relative SASA,0,0,0,-0.33075567162433545,0,-0.33075567162433545,,Intermediate
delta_vs_wt,wt-homo-4,wt-homo-4 (wt-homo-4),sdt5-homo-3,sdt5-homo-3 (sdt5-homo-3),Chain 0::318,318,Chain 0 / LEU318,Chain 0 / TYR318,LEU,TYR,aa_scale:kyte_doolittle,Kyte-Doolittle Score,sasa_relative,Relative SASA,0,0,-5.1,-0.28087924676304094,-5.1,-0.28087924676304094,Q3,Intermediate
delta_vs_wt,wt-homo-4,wt-homo-4 (wt-homo-4),sdt5-homo-3,sdt5-homo-3 (sdt5-homo-3),Chain 0::319,319,Chain 0 / ASP319,Chain 0 / GLU319,ASP,GLU,aa_scale:kyte_doolittle,Kyte-Doolittle Score,sasa_relative,Relative SASA,0,0,0,0.08216702471467419,0,0.08216702471467419,,Exposed
delta_vs_wt,wt-homo-4,wt-homo-4 (wt-homo-4),sdt5-homo-3,sdt5-homo-3 (sdt5-homo-3),Chain 0::320,320,Chain 0 / ASN320,Chain 0 / SER320,ASN,SER,aa_scale:kyte_doolittle,Kyte-Doolittle Score,sasa_relative,Relative SASA,0,0,2.7,-0.0625619340653048,2.7,-0.0625619340653048,Q4,Intermediate
delta_vs_wt,wt-homo-4,wt-homo-4 (wt-homo-4),sdt5-homo-3,sdt5-homo-3 (sdt5-homo-3),Chain 0::321,321,Chain 0 / GLU321,Chain 0 / GLU321,GLU,GLU,aa_scale:kyte_doolittle,Kyte-Doolittle Score,sasa_relative,Relative SASA,0,0,0,-0.007617458159248303,0,-0.007617458159248303,,Intermediate
delta_vs_wt,wt-homo-4,wt-homo-4 (wt-homo-4),sdt5-homo-3,sdt5-homo-3 (sdt5-homo-3),Chain 0::322,322,Chain 0 / ASP322,Chain 0 / ASP322,ASP,ASP,aa_scale:kyte_doolittle,Kyte-Doolittle Score,sasa_relative,Relative SASA,0,0,0,0.0019349794109596585,0,0.0019349794109596585,,Exposed
delta_vs_wt,wt-homo-4,wt-homo-4 (wt-homo-4),sdt5-homo-3,sdt5-homo-3 (sdt5-homo-3),Chain 0::323,323,Chain 0 / TRP323,Chain 0 / TRP323,TRP,TRP,aa_scale:kyte_doolittle,Kyte-Doolittle Score,sasa_relative,Relative SASA,0,0,0,0.02690823678851592,0,0.02690823678851592,,Buried
delta_vs_wt,wt-homo-4,wt-homo-4 (wt-homo-4),sdt5-homo-3,sdt5-homo-3 (sdt5-homo-3),Chain 0::326,326,Chain 0 / GLU326,Chain 0 / GLU326,GLU,GLU,aa_scale:kyte_doolittle,Kyte-Doolittle Score,sasa_relative,Relative SASA,0,0,0,-0.062100172726753056,0,-0.062100172726753056,,Exposed
delta_vs_wt,wt-homo-4,wt-homo-4 (wt-homo-4),sdt5-homo-3,sdt5-homo-3 (sdt5-homo-3),Chain 0::333,333,Chain 0 / LYS333,Chain 0 / ARG333,LYS,ARG,aa_scale:kyte_doolittle,Kyte-Doolittle Score,sasa_relative,Relative SASA,0,0,-0.6000000000000001,-0.05631483176593455,-0.6000000000000001,-0.05631483176593455,Q3,Exposed
delta_vs_wt,wt-homo-4,wt-homo-4 (wt-homo-4),sdt5-homo-3,sdt5-homo-3 (sdt5-homo-3),Chain 0::334,334,Chain 0 / GLU334,Chain 0 / GLU334,GLU,GLU,aa_scale:kyte_doolittle,Kyte-Doolittle Score,sasa_relative,Relative SASA,0,0,0,0.03514572022481188,0,0.03514572022481188,,Exposed
delta_vs_wt,wt-homo-4,wt-homo-4 (wt-homo-4),sdt5-homo-3,sdt5-homo-3 (sdt5-homo-3),Chain 0::352,352,Chain 0 / GLU352,Chain 0 / PRO352,GLU,PRO,aa_scale:kyte_doolittle,Kyte-Doolittle Score,sasa_relative,Relative SASA,0,0,1.9,0.04528565428711828,1.9,0.04528565428711828,Q1,Exposed
delta_vs_wt,wt-homo-4,wt-homo-4 (wt-homo-4),sdt5-homo-3,sdt5-homo-3 (sdt5-homo-3),Chain 0::356,356,Chain 0 / ALA356,Chain 0 / ALA356,ALA,ALA,aa_scale:kyte_doolittle,Kyte-Doolittle Score,sasa_relative,Relative SASA,0,0,0,0.00025435956221669194,0,0.00025435956221669194,,Buried
delta_vs_wt,wt-homo-4,wt-homo-4 (wt-homo-4),sdt5-homo-3,sdt5-homo-3 (sdt5-homo-3),Chain 0::371,371,Chain 0 / SER371,Chain 0 / ALA371,SER,ALA,aa_scale:kyte_doolittle,Kyte-Doolittle Score,sasa_relative,Relative SASA,0,0,2.6,0.032821946129757446,2.6,0.032821946129757446,Q1,Buried
delta_vs_wt,wt-homo-4,wt-homo-4 (wt-homo-4),sdt5-homo-3,sdt5-homo-3 (sdt5-homo-3),Chain 0::374,374,Chain 0 / VAL374,Chain 0 / VAL374,VAL,VAL,aa_scale:kyte_doolittle,Kyte-Doolittle Score,sasa_relative,Relative SASA,0,0,0,-0.007323939615886843,0,-0.007323939615886843,,Buried
delta_vs_wt,wt-homo-4,wt-homo-4 (wt-homo-4),sdt5-homo-3,sdt5-homo-3 (sdt5-homo-3),Chain 0::397,397,Chain 0 / LYS397,Chain 0 / LYS397,LYS,LYS,aa_scale:kyte_doolittle,Kyte-Doolittle Score,sasa_relative,Relative SASA,0,0,0,-0.007932316471778167,0,-0.007932316471778167,,Exposed
delta_vs_wt,wt-homo-4,wt-homo-4 (wt-homo-4),sdt5-homo-3,sdt5-homo-3 (sdt5-homo-3),Chain 0::401,401,Chain 0 / GLY401,Chain 0 / SER401,GLY,SER,aa_scale:kyte_doolittle,Kyte-Doolittle Score,sasa_relative,Relative SASA,0,0,-0.4,0.029962547282152474,-0.4,0.029962547282152474,Q2,Intermediate
delta_vs_wt,wt-homo-4,wt-homo-4 (wt-homo-4),sdt5-homo-3,sdt5-homo-3 (sdt5-homo-3),Chain 0::404,404,Chain 0 / SER404,Chain 0 / ALA404,SER,ALA,aa_scale:kyte_doolittle,Kyte-Doolittle Score,sasa_relative,Relative SASA,0,0,2.6,-0.011308735670751538,2.6,-0.011308735670751538,Q4,Buried
delta_vs_wt,wt-homo-4,wt-homo-4 (wt-homo-4),sdt5-homo-3,sdt5-homo-3 (sdt5-homo-3),Chain 0::405,405,Chain 0 / ILE405,Chain 0 / THR405,ILE,THR,aa_scale:kyte_doolittle,Kyte-Doolittle Score,sasa_relative,Relative SASA,0,0,-5.2,-0.053650426875537616,-5.2,-0.053650426875537616,Q3,Intermediate
delta_vs_wt,wt-homo-4,wt-homo-4 (wt-homo-4),sdt5-homo-3,sdt5-homo-3 (sdt5-homo-3),Chain 0::406,406,Chain 0 / GLN406,Chain 0 / VAL406,GLN,VAL,aa_scale:kyte_doolittle,Kyte-Doolittle Score,sasa_relative,Relative SASA,0,0,7.7,-0.046330720688383176,7.7,-0.046330720688383176,Q4,Intermediate
delta_vs_wt,wt-homo-4,wt-homo-4 (wt-homo-4),sdt5-homo-3,sdt5-homo-3 (sdt5-homo-3),Chain 0::408,408,Chain 0 / LYS408,Chain 0 / LYS408,LYS,LYS,aa_scale:kyte_doolittle,Kyte-Doolittle Score,sasa_relative,Relative SASA,0,0,0,-0.030972001063018006,0,-0.030972001063018006,,Intermediate
delta_vs_wt,wt-homo-4,wt-homo-4 (wt-homo-4),sdt5-homo-3,sdt5-homo-3 (sdt5-homo-3),Chain 0::410,410,Chain 0 / SER410,Chain 0 / GLU410,SER,GLU,aa_scale:kyte_doolittle,Kyte-Doolittle Score,sasa_relative,Relative SASA,0,0,-2.7,-0.0766494256160829,-2.7,-0.0766494256160829,Q3,Intermediate
delta_vs_wt,wt-homo-4,wt-homo-4 (wt-homo-4),sdt5-homo-3,sdt5-homo-3 (sdt5-homo-3),Chain 0::411,411,Chain 0 / ALA411,Chain 0 / ASP411,ALA,ASP,aa_scale:kyte_doolittle,Kyte-Doolittle Score,sasa_relative,Relative SASA,0,0,-5.3,0.15216832637897026,-5.3,0.15216832637897026,Q2,Intermediate
delta_vs_wt,wt-homo-4,wt-homo-4 (wt-homo-4),sdt5-homo-3,sdt5-homo-3 (sdt5-homo-3),Chain 0::412,412,Chain 0 / SER412,Chain 0 / ALA412,SER,ALA,aa_scale:kyte_doolittle,Kyte-Doolittle Score,sasa_relative,Relative SASA,0,0,2.6,-0.023118514839214427,2.6,-0.023118514839214427,Q4,Buried
delta_vs_wt,wt-homo-4,wt-homo-4 (wt-homo-4),sdt5-homo-3,sdt5-homo-3 (sdt5-homo-3),Chain 0::413,413,Chain 0 / GLU413,Chain 0 / ASP413,GLU,ASP,aa_scale:kyte_doolittle,Kyte-Doolittle Score,sasa_relative,Relative SASA,0,0,0,-0.12103885073463116,0,-0.12103885073463116,,Intermediate
delta_vs_wt,wt-homo-4,wt-homo-4 (wt-homo-4),sdt5-homo-3,sdt5-homo-3 (sdt5-homo-3),Chain 0::414,414,Chain 0 / GLY414,Chain 0 / GLY414,GLY,GLY,aa_scale:kyte_doolittle,Kyte-Doolittle Score,sasa_relative,Relative SASA,0,0,0,0.0854348563242655,0,0.0854348563242655,,Exposed
delta_vs_wt,wt-homo-4,wt-homo-4 (wt-homo-4),sdt5-homo-3,sdt5-homo-3 (sdt5-homo-3),Chain 0::416,416,Chain 0 / LYS416,Chain 0 / SER416,LYS,SER,aa_scale:kyte_doolittle,Kyte-Doolittle Score,sasa_relative,Relative SASA,0,0,3.0999999999999996,-0.2020743769705431,3.0999999999999996,-0.2020743769705431,Q4,Intermediate
delta_vs_wt,wt-homo-4,wt-homo-4 (wt-homo-4),sdt5-homo-3,sdt5-homo-3 (sdt5-homo-3),Chain 0::417,417,Chain 0 / ARG417,Chain 0 / ARG417,ARG,ARG,aa_scale:kyte_doolittle,Kyte-Doolittle Score,sasa_relative,Relative SASA,0,0,0,0.050574660234399604,0,0.050574660234399604,,Intermediate
delta_vs_wt,wt-homo-4,wt-homo-4 (wt-homo-4),sdt5-homo-3,sdt5-homo-3 (sdt5-homo-3),Chain 0::421,421,Chain 0 / ALA421,Chain 0 / ALA421,ALA,ALA,aa_scale:kyte_doolittle,Kyte-Doolittle Score,sasa_relative,Relative SASA,0,0,0,-0.02306762172224557,0,-0.02306762172224557,,Buried
delta_vs_wt,wt-homo-4,wt-homo-4 (wt-homo-4),sdt5-homo-3,sdt5-homo-3 (sdt5-homo-3),Chain 0::422,422,Chain 0 / LYS422,Chain 0 / ALA422,LYS,ALA,aa_scale:kyte_doolittle,Kyte-Doolittle Score,sasa_relative,Relative SASA,0,0,5.7,-0.23255082167650076,5.7,-0.23255082167650076,Q4,Intermediate
delta_vs_wt,wt-homo-4,wt-homo-4 (wt-homo-4),sdt5-homo-3,sdt5-homo-3 (sdt5-homo-3),Chain 0::425,425,Chain 0 / LYS425,Chain 0 / ARG425,LYS,ARG,aa_scale:kyte_doolittle,Kyte-Doolittle Score,sasa_relative,Relative SASA,0,0,-0.6000000000000001,0.0003073087269688246,-0.6000000000000001,0.0003073087269688246,Q2,Intermediate
delta_vs_wt,wt-homo-4,wt-homo-4 (wt-homo-4),sdt5-homo-3,sdt5-homo-3 (sdt5-homo-3),Chain 0::426,426,Chain 0 / ARG426,Chain 0 / ARG426,ARG,ARG,aa_scale:kyte_doolittle,Kyte-Doolittle Score,sasa_relative,Relative SASA,0,0,0,0.0008393496458673488,0,0.0008393496458673488,,Intermediate
delta_vs_wt,wt-homo-4,wt-homo-4 (wt-homo-4),sdt5-homo-3,sdt5-homo-3 (sdt5-homo-3),Chain 0::429,429,Chain 0 / VAL429,Chain 0 / THR429,VAL,THR,aa_scale:kyte_doolittle,Kyte-Doolittle Score,sasa_relative,Relative SASA,0,0,-4.9,0.08564142767019378,-4.9,0.08564142767019378,Q2,Exposed
delta_vs_wt,wt-homo-4,wt-homo-4 (wt-homo-4),sdt5-homo-3,sdt5-homo-3 (sdt5-homo-3),Chain 0::430,430,Chain 0 / SER430,Chain 0 / SER430,SER,SER,aa_scale:kyte_doolittle,Kyte-Doolittle Score,sasa_relative,Relative SASA,0,0,0,-0.20031883630661446,0,-0.20031883630661446,,Intermediate
delta_vs_wt,wt-homo-4,wt-homo-4 (wt-homo-4),sdt5-homo-3,sdt5-homo-3 (sdt5-homo-3),Chain 0::434,434,Chain 0 / ASP434,Chain 0 / PRO434,ASP,PRO,aa_scale:kyte_doolittle,Kyte-Doolittle Score,sasa_relative,Relative SASA,0,0,1.9,0.0645740456893058,1.9,0.0645740456893058,Q1,Exposed
delta_vs_wt,wt-homo-4,wt-homo-4 (wt-homo-4),sdt5-homo-3,sdt5-homo-3 (sdt5-homo-3),Chain 0::435,435,Chain 0 / GLY435,Chain 0 / ALA435,GLY,ALA,aa_scale:kyte_doolittle,Kyte-Doolittle Score,sasa_relative,Relative SASA,0,0,2.2,0.10223513559166938,2.2,0.10223513559166938,Q1,Intermediate
delta_vs_wt,wt-homo-4,wt-homo-4 (wt-homo-4),sdt5-homo-3,sdt5-homo-3 (sdt5-homo-3),Chain 0::436,436,Chain 0 / PHE436,Chain 0 / TYR436,PHE,TYR,aa_scale:kyte_doolittle,Kyte-Doolittle Score,sasa_relative,Relative SASA,0,0,-4.1,0.008588928065572925,-4.1,0.008588928065572925,Q2,Buried
delta_vs_wt,wt-homo-4,wt-homo-4 (wt-homo-4),sdt5-homo-3,sdt5-homo-3 (sdt5-homo-3),Chain 0::438,438,Chain 0 / ASN438,Chain 0 / GLU438,ASN,GLU,aa_scale:kyte_doolittle,Kyte-Doolittle Score,sasa_relative,Relative SASA,0,0,0,0.00505740889934847,0,0.00505740889934847,,Exposed
delta_vs_wt,wt-homo-4,wt-homo-4 (wt-homo-4),sdt5-homo-3,sdt5-homo-3 (sdt5-homo-3),Chain 0::441,441,Chain 0 / LYS441,Chain 0 / LYS441,LYS,LYS,aa_scale:kyte_doolittle,Kyte-Doolittle Score,sasa_relative,Relative SASA,0,0,0,0.029197922052620784,0,0.029197922052620784,,Exposed
delta_vs_wt,wt-homo-4,wt-homo-4 (wt-homo-4),sdt5-homo-3,sdt5-homo-3 (sdt5-homo-3),Chain 0::442,442,Chain 0 / ALA442,Chain 0 / ALA442,ALA,ALA,aa_scale:kyte_doolittle,Kyte-Doolittle Score,sasa_relative,Relative SASA,0,0,0,0.011503883727335684,0,0.011503883727335684,,Intermediate
delta_vs_wt,wt-homo-4,wt-homo-4 (wt-homo-4),sdt5-homo-3,sdt5-homo-3 (sdt5-homo-3),Chain 0::443,443,Chain 0 / TYR443,Chain 0 / LEU443,TYR,LEU,aa_scale:kyte_doolittle,Kyte-Doolittle Score,sasa_relative,Relative SASA,0,0,5.1,-0.04597782078255397,5.1,-0.04597782078255397,Q4,Buried
delta_vs_wt,wt-homo-4,wt-homo-4 (wt-homo-4),sdt5-homo-3,sdt5-homo-3 (sdt5-homo-3),Chain 0::444,444,Chain 0 / LYS444,Chain 0 / ALA444,LYS,ALA,aa_scale:kyte_doolittle,Kyte-Doolittle Score,sasa_relative,Relative SASA,0,0,5.7,-0.16646529307424646,5.7,-0.16646529307424646,Q4,Buried
delta_vs_wt,wt-homo-4,wt-homo-4 (wt-homo-4),sdt5-homo-3,sdt5-homo-3 (sdt5-homo-3),Chain 0::445,445,Chain 0 / GLU445,Chain 0 / LYS445,GLU,LYS,aa_scale:kyte_doolittle,Kyte-Doolittle Score,sasa_relative,Relative SASA,0,0,-0.3999999999999999,0.29176318901726367,-0.3999999999999999,0.29176318901726367,Q2,Exposed
delta_vs_wt,wt-homo-4,wt-homo-4 (wt-homo-4),sdt5-homo-3,sdt5-homo-3 (sdt5-homo-3),Chain 0::446,446,Chain 0 / MET446,Chain 0 / LYS446,MET,LYS,aa_scale:kyte_doolittle,Kyte-Doolittle Score,sasa_relative,Relative SASA,0,0,-5.8,0.11175675202091068,-5.8,0.11175675202091068,Q2,Intermediate
delta_vs_wt,wt-homo-4,wt-homo-4 (wt-homo-4),sdt5-homo-3,sdt5-homo-3 (sdt5-homo-3),Chain 0::448,448,Chain 0 / ARG448,Chain 0 / LYS448,ARG,LYS,aa_scale:kyte_doolittle,Kyte-Doolittle Score,sasa_relative,Relative SASA,0,0,0.6000000000000001,0.0688687091823798,0.6000000000000001,0.0688687091823798,Q1,Exposed
delta_vs_wt,wt-homo-4,wt-homo-4 (wt-homo-4),sdt5-homo-3,sdt5-homo-3 (sdt5-homo-3),Chain 0::449,449,Chain 0 / LYS449,Chain 0 / ALA449,LYS,ALA,aa_scale:kyte_doolittle,Kyte-Doolittle Score,sasa_relative,Relative SASA,0,0,5.7,-0.06062177884445663,5.7,-0.06062177884445663,Q4,Intermediate
delta_vs_wt,wt-homo-4,wt-homo-4 (wt-homo-4),sdt5-homo-3,sdt5-homo-3 (sdt5-homo-3),Chain 0::452,452,Chain 0 / GLU452,Chain 0 / GLU452,GLU,GLU,aa_scale:kyte_doolittle,Kyte-Doolittle Score,sasa_relative,Relative SASA,0,0,0,0.03434139947352055,0,0.03434139947352055,,Intermediate
delta_vs_wt,wt-homo-4,wt-homo-4 (wt-homo-4),sdt5-homo-3,sdt5-homo-3 (sdt5-homo-3),Chain 0::458,458,Chain 0 / TYR458,Chain 0 / ASP458,TYR,ASP,aa_scale:kyte_doolittle,Kyte-Doolittle Score,sasa_relative,Relative SASA,0,0,-2.2,-0.186046509880248,-2.2,-0.186046509880248,Q3,Buried
delta_vs_wt,wt-homo-4,wt-homo-4 (wt-homo-4),sdt5-homo-3,sdt5-homo-3 (sdt5-homo-3),Chain 0::459,459,Chain 0 / THR459,Chain 0 / LYS459,THR,LYS,aa_scale:kyte_doolittle,Kyte-Doolittle Score,sasa_relative,Relative SASA,0,0,-3.2,0.16092315726696554,-3.2,0.16092315726696554,Q2,Exposed
delta_vs_wt,wt-homo-4,wt-homo-4 (wt-homo-4),sdt5-homo-3,sdt5-homo-3 (sdt5-homo-3),Chain 0::462,462,Chain 0 / THR462,Chain 0 / ASP462,THR,ASP,aa_scale:kyte_doolittle,Kyte-Doolittle Score,sasa_relative,Relative SASA,0,0,-2.8,0.07352519711257793,-2.8,0.07352519711257793,Q2,Intermediate
delta_vs_wt,wt-homo-4,wt-homo-4 (wt-homo-4),sdt5-homo-3,sdt5-homo-3 (sdt5-homo-3),Chain 0::463,463,Chain 0 / THR463,Chain 0 / ASP463,THR,ASP,aa_scale:kyte_doolittle,Kyte-Doolittle Score,sasa_relative,Relative SASA,0,0,-2.8,-0.031804904932351,-2.8,-0.031804904932351,Q3,Intermediate
delta_vs_wt,wt-homo-4,wt-homo-4 (wt-homo-4),sdt5-homo-3,sdt5-homo-3 (sdt5-homo-3),Chain 0::466,466,Chain 0 / GLU466,Chain 0 / ALA466,GLU,ALA,aa_scale:kyte_doolittle,Kyte-Doolittle Score,sasa_relative,Relative SASA,0,0,5.3,0.02717916408716292,5.3,0.02717916408716292,Q1,Intermediate
delta_vs_wt,wt-homo-4,wt-homo-4 (wt-homo-4),sdt5-homo-3,sdt5-homo-3 (sdt5-homo-3),Chain 0::467,467,Chain 0 / ASP467,Chain 0 / ASP467,ASP,ASP,aa_scale:kyte_doolittle,Kyte-Doolittle Score,sasa_relative,Relative SASA,0,0,0,0.07418593223233672,0,0.07418593223233672,,Intermediate
delta_vs_wt,wt-homo-4,wt-homo-4 (wt-homo-4),sdt5-homo-3,sdt5-homo-3 (sdt5-homo-3),Chain 0::469,469,Chain 0 / SER469,Chain 0 / ALA469,SER,ALA,aa_scale:kyte_doolittle,Kyte-Doolittle Score,sasa_relative,Relative SASA,0,0,2.6,0.08651784046234423,2.6,0.08651784046234423,Q1,Intermediate
delta_vs_wt,wt-homo-4,wt-homo-4 (wt-homo-4),sdt5-homo-3,sdt5-homo-3 (sdt5-homo-3),Chain 0::470,470,Chain 0 / THR470,Chain 0 / ALA470,THR,ALA,aa_scale:kyte_doolittle,Kyte-Doolittle Score,sasa_relative,Relative SASA,0,0,2.5,0.01256844153427139,2.5,0.01256844153427139,Q1,Exposed
delta_vs_wt,wt-homo-4,wt-homo-4 (wt-homo-4),sdt5-homo-3,sdt5-homo-3 (sdt5-homo-3),Chain 0::471,471,Chain 0 / TYR471,Chain 0 / PHE471,TYR,PHE,aa_scale:kyte_doolittle,Kyte-Doolittle Score,sasa_relative,Relative SASA,0,0,4.1,-0.00930206976448561,4.1,-0.00930206976448561,Q4,Intermediate
delta_vs_wt,wt-homo-4,wt-homo-4 (wt-homo-4),sdt5-homo-3,sdt5-homo-3 (sdt5-homo-3),Chain 0::472,472,Chain 0 / SER472,Chain 0 / ARG472,SER,ARG,aa_scale:kyte_doolittle,Kyte-Doolittle Score,sasa_relative,Relative SASA,0,0,-3.7,-0.06676148274364901,-3.7,-0.06676148274364901,Q3,Intermediate
delta_vs_wt,wt-homo-4,wt-homo-4 (wt-homo-4),sdt5-homo-3,sdt5-homo-3 (sdt5-homo-3),Chain 0::473,473,Chain 0 / SER473,Chain 0 / ALA473,SER,ALA,aa_scale:kyte_doolittle,Kyte-Doolittle Score,sasa_relative,Relative SASA,0,0,2.6,0.08497874844220032,2.6,0.08497874844220032,Q1,Exposed
delta_vs_wt,wt-homo-4,wt-homo-4 (wt-homo-4),sdt5-homo-3,sdt5-homo-3 (sdt5-homo-3),Chain 0::474,474,Chain 0 / THR474,Chain 0 / ALA474,THR,ALA,aa_scale:kyte_doolittle,Kyte-Doolittle Score,sasa_relative,Relative SASA,0,0,2.5,0.03492776096275374,2.5,0.03492776096275374,Q1,Exposed
delta_vs_wt,wt-homo-4,wt-homo-4 (wt-homo-4),sdt5-homo-3,sdt5-homo-3 (sdt5-homo-3),Chain 0::475,475,Chain 0 / GLY475,Chain 0 / GLY475,GLY,GLY,aa_scale:kyte_doolittle,Kyte-Doolittle Score,sasa_relative,Relative SASA,0,0,0,-0.10572935295698771,0,-0.10572935295698771,,Exposed
delta_vs_wt,wt-homo-4,wt-homo-4 (wt-homo-4),sdt5-homo-3,sdt5-homo-3 (sdt5-homo-3),Chain 0::476,476,Chain 0 / HIS476,Chain 0 / HIS476,HIS,HIS,aa_scale:kyte_doolittle,Kyte-Doolittle Score,sasa_relative,Relative SASA,0,0,0,0.0073149073547962296,0,0.0073149073547962296,,Exposed
