project_residue_id,aligned_residue_number,label,reference_residue_name,tags,count_value,avg_value,any_atom_to_any_atom_min_angstrom,is_conserved,is_first_shell,is_second_shell,selection_category
Chain 0::11,11,VAL11,VAL,second shell | Buried,4.0,-0.05410084734999997,3.98451030254364,False,False,True,Structure only
Chain 0::12,12,MET12,MET,conserved | Buried,3.0,-0.015793729333333336,6.46540105342865,True,False,False,Sequence only
Chain 0::13,13,ALA13,ALA,second shell | conserved | Buried,4.0,-0.0908188021166666,3.88929545879364,True,False,True,Structure + sequence
Chain 0::14,14,HIS14,HIS,second shell | conserved | Mixed_exposure,3.0,-0.00764933106666665,7.034175395965576,True,False,True,Structure + sequence
Chain 0::15,15,GLY15,GLY,first shell | conserved | Buried,4.0,-0.03308099368333331,6.029810905456543,True,True,False,Structure + sequence
Chain 0::16,16,HIS16,HISD,first shell | conserved | Buried,4.0,-0.021231943350000004,2.731097936630249,True,True,False,Structure + sequence
Chain 0::17,17,MET17,MET,second shell | conserved | Buried,1.0,-0.007732,8.233318328857422,True,False,True,Structure + sequence
Chain 0::80,80,ARG80,ARG,conserved | Mixed_exposure,1.0,-0.0627750199999988,8.244670629501343,True,False,False,Sequence only
Chain 0::81,81,LEU81,LEU,second shell | conserved | Mixed_exposure,4.0,-1.0293084808,3.616364300251007,True,False,True,Structure + sequence
Chain 0::82,82,ASP82,ASP,second shell | conserved | Mixed_exposure,4.0,-0.2358417853999999,8.077999949455261,True,False,True,Structure + sequence
Chain 0::83,83,GLN83,GLN,Intermediate,1.0,-0.1145044072,10.420796871185305,False,False,False,None
Chain 0::84,84,VAL84,VAL,Buried,4.0,-0.2479950105999998,8.189170360565186,False,False,False,None
Chain 0::85,85,PRO85,PRO,Mixed_exposure,1.0,-0.0307630536,11.062774658203123,False,False,False,None
Chain 0::87,87,ASP87,ASP,second shell | Intermediate,2.0,-0.7742937730000002,7.334235310554504,False,False,True,Structure only
Chain 0::90,90,LEU90,LEU,second shell | Buried,4.0,-0.8412656266,3.929452896118164,False,False,True,Structure only
Chain 0::93,93,PHE93,PHE,conserved | Buried,1.0,-0.0627153448,6.010000705718994,True,False,False,Sequence only
Chain 0::94,94,PHE94,PHE,second shell | Buried,4.0,-0.2479832765833333,4.829996526241303,False,False,True,Structure only
Chain 0::119,119,ASP119,ASP,second shell | conserved | Buried,3.0,0.08281990853333314,6.450451612472534,True,False,True,Structure + sequence
Chain 0::120,120,MET120,MET,second shell | conserved | Mixed_exposure,4.0,-0.09486361939999992,5.67972719669342,True,False,True,Structure + sequence
Chain 0::121,121,PHE121,PHE,second shell | conserved | Mixed_exposure,4.0,-0.5327950177833334,3.5667482018470764,True,False,True,Structure + sequence
Chain 0::139,139,PHE139,PHE,second shell | conserved | Buried,1.0,0.006991,9.730664491653442,True,False,True,Structure + sequence
Chain 0::140,140,HIS140,HIS,second shell | conserved | Buried,4.0,0.011965720099999973,7.683265805244446,True,False,True,Structure + sequence
Chain 0::141,141,GLY141,GLY,second shell | conserved | Buried,3.0,0.007326034266666673,7.799422144889831,True,False,True,Structure + sequence
Chain 0::142,142,THR142,THR,second shell | conserved | Buried,4.0,-0.020533815533333326,9.557927250862122,True,False,True,Structure + sequence
Chain 0::150,150,GLU150,GLU,second shell | Mixed_exposure,1.0,0.0543156992000002,11.217334270477297,False,False,True,Structure only
Chain 0::186,186,SER186,SER,second shell | Buried,4.0,-0.05075228759999996,7.063407897949219,False,False,True,Structure only
Chain 0::187,187,PRO187,PRO,second shell | Intermediate,3.0,-0.03321231639999992,7.561519742012024,False,False,True,Structure only
Chain 0::188,188,PHE188,PHE,second shell | Mixed_exposure,4.0,-0.5979048008166666,4.089509844779968,False,False,True,Structure only
Chain 0::197,197,MET197,MET,second shell | Buried,4.0,-0.5673461288166666,4.307817816734314,False,False,True,Structure only
Chain 0::200,200,LEU200,LEU,Mixed_exposure,2.0,-0.153563632,7.218908667564392,False,False,False,None
Chain 0::201,201,ILE201,ILE,second shell | Mixed_exposure,4.0,-0.3462526451833333,7.180881500244141,False,False,True,Structure only
Chain 0::204,204,MET204,MET,Buried,3.0,-0.10460614346666659,8.206570744514465,False,False,False,None
Chain 0::205,205,ARG205,ARG,Mixed_exposure,2.0,0.00027783660000060134,11.33411169052124,False,False,False,None
Chain 0::287,287,SER287,SER,first shell | conserved | Mixed_exposure,3.0,-0.03378872071111107,6.421823501586914,True,True,False,Structure + sequence
Chain 0::288,288,VAL288,VAL,second shell | conserved | Mixed_exposure,4.0,-0.45711099944999994,3.7380757927894592,True,False,True,Structure + sequence
Chain 0::289,289,ALA289,ALA,second shell | conserved | Buried,1.0,-0.0062116816000001,7.106678485870361,True,False,True,Structure + sequence
Chain 0::290,290,ARG290,ARG,Mixed_exposure,1.0,-0.2350946272000004,8.286826014518738,False,False,False,None
Chain 0::315,315,ARG315,ARG,second shell | conserved | Mixed_exposure,1.0,-0.0278251719999997,10.239346027374268,True,False,True,Structure + sequence
Chain 0::363,363,TRP363,TRP,first shell | conserved | Buried,1.0,0.0041960000000002,9.34637486934662,True,True,False,Structure + sequence
Chain 0::364,364,ASN364,ASN,first shell | conserved | Buried,3.0,-0.04707400000000014,8.545893430709839,True,True,False,Structure + sequence
Chain 0::381,381,VAL381,VAL,second shell | conserved | Buried,1.0,-0.1166714696,8.45565378665924,True,False,True,Structure + sequence
Chain 0::382,382,PHE382,PHE,second shell | conserved | Mixed_exposure,4.0,-0.7303725881500001,3.18359911441803,True,False,True,Structure + sequence
Chain 0::383,383,ALA383,ALA,second shell | conserved | Mixed_exposure,4.0,-0.1860332286,5.510073900222778,True,False,True,Structure + sequence
Chain 0::384,384,GLU384,GLU,first shell | conserved | Mixed_exposure,4.0,-0.22860659545000006,8.106405138969421,True,True,False,Structure + sequence
Chain 0::385,385,GLN385,GLN,first shell | conserved | Buried,4.0,-0.021043696266666502,8.07029128074646,True,True,False,Structure + sequence
Chain 0::388,388,ASN388,ASN,second shell | conserved | Buried,1.0,0.0026809999999998,11.133278608322144,True,False,True,Structure + sequence
Chain 0::407,407,TRP407,TRP,second shell | Mixed_exposure,4.0,-0.2510204741833333,3.7202689051628113,False,False,True,Structure only
Chain 0::408,408,ARG408,ARG,Mixed_exposure,3.0,0.0045723941333333665,6.874670386314392,False,False,False,None
Chain 0::409,409,ARG409,ARG,second shell | Mixed_exposure,4.0,-0.6989379121333333,4.428024291992188,False,False,True,Structure only
Chain 0::410,410,TYR410,TYR,Mixed_exposure,2.0,-1.0418600931999995,8.09346079826355,False,False,False,None
