project_residue_id,aligned_residue_number,reference_residue_name,label,tags,count_value,avg_value,avg_sd,total_energy,is_conserved,is_first_shell,is_second_shell,is_selected_union
Chain 0::14,14,PHE,PHE14,Second-shell | conserved | Buried,2,-0.4181560848999999,0.26645235587168536,-0.4181560848999999,True,False,True,True
Chain 0::15,15,PRO,PRO15,conserved | Buried,2,-0.046024487599999955,0.01103091726388396,-0.046024487599999955,True,False,False,True
Chain 0::16,16,GLY,GLY16,Second-shell | Mixed_exposure,2,-0.08366121439999998,0.11265292360275764,-0.08366121439999998,False,False,True,True
Chain 0::17,17,GLN,GLN17,Second-shell | conserved | Buried,2,-0.02750624839999995,0.026504734077858545,-0.02750624839999995,True,False,True,True
Chain 0::18,18,GLY,GLY18,First-shell | conserved | Buried,2,-0.03212146959999992,0.02428691704033126,-0.03212146959999992,True,True,False,True
Chain 0::19,19,HISD,HIS19,Second-shell | conserved | Buried,2,-0.07104865,0.37493791893088385,-0.07104865,True,False,True,True
Chain 0::83,83,LEU,LEU83,Mixed_exposure,1,0.00114,0.0,0.00114,False,False,False,False
Chain 0::84,84,LEU,LEU84,Mixed_exposure,1,-0.10304558319999994,0.0,-0.10304558319999994,False,False,False,False
Chain 0::85,85,ASP,ASP85,conserved | Intermediate,1,0.0155380000000001,0.0,0.0155380000000001,True,False,False,True
Chain 0::86,86,LEU,LEU86,Second-shell | Mixed_exposure,2,-0.9602900914,0.5057191902472497,-0.9602900914,False,False,True,True
Chain 0::89,89,TYR,TYR89,Buried,1,-0.0633108176,0.0,-0.0633108176,False,False,False,False
Chain 0::90,90,LEU,LEU90,Second-shell | Buried,1,-0.02585532239999995,0.0,-0.02585532239999995,False,False,True,True
Chain 0::122,122,PRO,PRO122,Second-shell | conserved | Buried,2,-0.026592361999999876,0.013221578761148343,-0.026592361999999876,True,False,True,True
Chain 0::123,123,PHE,PHE123,Second-shell | conserved | Buried,2,-0.8451638301000001,0.36196263380548294,-0.8451638301000001,True,False,True,True
Chain 0::143,143,VAL,VAL143,First-shell | conserved | Buried,2,-0.009013100199999942,0.007537638079295784,-0.009013100199999942,True,True,False,True
Chain 0::144,144,GLN,GLN144,Second-shell | conserved | Buried,2,-0.05928932616666657,0.025614240614325413,-0.05928932616666657,True,False,True,True
Chain 0::152,152,TYR,TYR152,Second-shell | conserved | Buried,1,-0.00771825720000005,0.0,-0.00771825720000005,True,False,True,True
Chain 0::188,188,PHE,PHE188,Second-shell | conserved | Buried,2,-0.5152337236,0.17230374795098619,-0.5152337236,True,False,True,True
Chain 0::195,195,TYR,TYR195,Second-shell | Mixed_exposure,2,-0.44447651706666663,0.5451480956711459,-0.44447651706666663,False,False,True,True
Chain 0::198,198,LEU,LEU198,Second-shell | Mixed_exposure,2,-0.8513196524,0.20299255956666076,-0.8513196524,False,False,True,True
Chain 0::201,201,ALA,ALA201,Second-shell | Mixed_exposure,2,-0.00977252479999995,0.009750691385578698,-0.00977252479999995,False,False,True,True
Chain 0::202,202,ILE,ILE202,Second-shell | Buried,2,-0.16187244946666662,0.16999113702690102,-0.16187244946666662,False,False,True,True
Chain 0::258,258,PHE,PHE258,Second-shell | conserved | Mixed_exposure,1,-0.010651,0.0,-0.010651,True,False,True,True
Chain 0::283,283,SER,SER283,Second-shell | conserved | Buried,2,-0.028203118533333214,0.018455470206968066,-0.028203118533333214,True,False,True,True
Chain 0::284,284,VAL,VAL284,First-shell | Mixed_exposure,2,-0.7756788854000001,0.1720790090512498,-0.7756788854000001,False,True,False,True
Chain 0::285,285,VAL,VAL285,Second-shell | conserved | Buried,1,-0.0580389576,0.0,-0.0580389576,True,False,True,True
Chain 0::286,286,TYR,TYR286,Intermediate,1,-0.0126519999999999,0.0,-0.0126519999999999,False,False,False,False
Chain 0::362,362,ASN,ASN362,First-shell | conserved | Buried,1,-0.0536031392000004,0.0,-0.0536031392000004,True,True,False,True
Chain 0::380,380,TRP,TRP380,Second-shell | conserved | Mixed_exposure,2,-0.7514858770999999,0.0527498780840564,-0.7514858770999999,True,False,True,True
Chain 0::381,381,GLY,GLY381,Second-shell | conserved | Mixed_exposure,2,-0.048977420099999947,0.013417802448562518,-0.048977420099999947,True,False,True,True
Chain 0::382,382,ASP,ASP382,First-shell | conserved | Buried,2,-0.6984838239,1.3243801870045142,-0.6984838239,True,True,False,True
Chain 0::383,383,GLN,GLN383,First-shell | conserved | Buried,2,-0.11056100409999997,0.12485823251737121,-0.11056100409999997,True,True,False,True
Chain 0::404,404,GLU,GLU404,Mixed_exposure,1,0.0113389999999994,0.0,0.0113389999999994,False,False,False,False
