chart_scope,metric_id,metric_label,dataset_id,dataset_label,project_residue_id,aligned_residue_number,chain_id,reference_residue_label,dataset_residue_label,value
dataset,mmpbsa_metrics.TOTAL__average,Imported: TOTAL__average,wt-homo,wt-homo (wt-homo),Chain 0::14,14,Chain 0,Chain 0 / PHE14,Chain 0 / PHE14,-0.27396372320000023
dataset,mmpbsa_metrics.TOTAL__average,Imported: TOTAL__average,wt-homo,wt-homo (wt-homo),Chain 0::15,15,Chain 0,Chain 0 / PRO15,Chain 0 / PRO15,0.008972639200000231
dataset,mmpbsa_metrics.TOTAL__average,Imported: TOTAL__average,wt-homo,wt-homo (wt-homo),Chain 0::16,16,Chain 0,Chain 0 / GLY16,Chain 0 / GLY16,0.011437449600000017
dataset,mmpbsa_metrics.TOTAL__average,Imported: TOTAL__average,wt-homo,wt-homo (wt-homo),Chain 0::17,17,Chain 0,Chain 0 / GLN17,Chain 0 / GLN17,
dataset,mmpbsa_metrics.TOTAL__average,Imported: TOTAL__average,wt-homo,wt-homo (wt-homo),Chain 0::18,18,Chain 0,Chain 0 / GLY18,Chain 0 / GLY18,-0.022859364799999993
dataset,mmpbsa_metrics.TOTAL__average,Imported: TOTAL__average,wt-homo,wt-homo (wt-homo),Chain 0::19,19,Chain 0,Chain 0 / HISD19,Chain 0 / HISD19,0.3865578312
dataset,mmpbsa_metrics.TOTAL__average,Imported: TOTAL__average,wt-homo,wt-homo (wt-homo),Chain 0::83,83,Chain 0,Chain 0 / LEU83,Chain 0 / LEU83,0.0011400000000000082
dataset,mmpbsa_metrics.TOTAL__average,Imported: TOTAL__average,wt-homo,wt-homo (wt-homo),Chain 0::84,84,Chain 0,Chain 0 / LEU84,Chain 0 / LEU84,-0.0008526504000000142
dataset,mmpbsa_metrics.TOTAL__average,Imported: TOTAL__average,wt-homo,wt-homo (wt-homo),Chain 0::85,85,Chain 0,Chain 0 / ASP85,Chain 0 / ASP85,0.015538000000000152
dataset,mmpbsa_metrics.TOTAL__average,Imported: TOTAL__average,wt-homo,wt-homo (wt-homo),Chain 0::86,86,Chain 0,Chain 0 / LEU86,Chain 0 / LEU86,-0.558696548
dataset,mmpbsa_metrics.TOTAL__average,Imported: TOTAL__average,wt-homo,wt-homo (wt-homo),Chain 0::89,89,Chain 0,Chain 0 / TYR89,Chain 0 / TYR89,-0.005960178400000012
dataset,mmpbsa_metrics.TOTAL__average,Imported: TOTAL__average,wt-homo,wt-homo (wt-homo),Chain 0::90,90,Chain 0,Chain 0 / LEU90,Chain 0 / LEU90,-0.027721394399999925
dataset,mmpbsa_metrics.TOTAL__average,Imported: TOTAL__average,wt-homo,wt-homo (wt-homo),Chain 0::122,122,Chain 0,Chain 0 / PRO122,Chain 0 / PRO122,-0.017456747999999866
dataset,mmpbsa_metrics.TOTAL__average,Imported: TOTAL__average,wt-homo,wt-homo (wt-homo),Chain 0::123,123,Chain 0,Chain 0 / PHE123,Chain 0 / PHE123,-0.8917668759999999
dataset,mmpbsa_metrics.TOTAL__average,Imported: TOTAL__average,wt-homo,wt-homo (wt-homo),Chain 0::143,143,Chain 0,Chain 0 / VAL143,Chain 0 / VAL143,-0.005528370399999984
dataset,mmpbsa_metrics.TOTAL__average,Imported: TOTAL__average,wt-homo,wt-homo (wt-homo),Chain 0::144,144,Chain 0,Chain 0 / GLN144,Chain 0 / GLN144,-0.08083162159999983
dataset,mmpbsa_metrics.TOTAL__average,Imported: TOTAL__average,wt-homo,wt-homo (wt-homo),Chain 0::152,152,Chain 0,Chain 0 / TYR152,Chain 0 / TYR152,
dataset,mmpbsa_metrics.TOTAL__average,Imported: TOTAL__average,wt-homo,wt-homo (wt-homo),Chain 0::188,188,Chain 0,Chain 0 / PHE188,Chain 0 / PHE188,-0.9305223760000001
dataset,mmpbsa_metrics.TOTAL__average,Imported: TOTAL__average,wt-homo,wt-homo (wt-homo),Chain 0::195,195,Chain 0,Chain 0 / TYR195,Chain 0 / TYR195,-0.9134061087999998
dataset,mmpbsa_metrics.TOTAL__average,Imported: TOTAL__average,wt-homo,wt-homo (wt-homo),Chain 0::198,198,Chain 0,Chain 0 / LEU198,Chain 0 / LEU198,-1.2639205592
dataset,mmpbsa_metrics.TOTAL__average,Imported: TOTAL__average,wt-homo,wt-homo (wt-homo),Chain 0::201,201,Chain 0,Chain 0 / ALA201,Chain 0 / ALA201,
dataset,mmpbsa_metrics.TOTAL__average,Imported: TOTAL__average,wt-homo,wt-homo (wt-homo),Chain 0::202,202,Chain 0,Chain 0 / ILE202,Chain 0 / ILE202,-0.07245428879999997
dataset,mmpbsa_metrics.TOTAL__average,Imported: TOTAL__average,wt-homo,wt-homo (wt-homo),Chain 0::258,258,Chain 0,Chain 0 / PHE258,Chain 0 / PHE258,
dataset,mmpbsa_metrics.TOTAL__average,Imported: TOTAL__average,wt-homo,wt-homo (wt-homo),Chain 0::283,283,Chain 0,Chain 0 / SER283,Chain 0 / SER283,
dataset,mmpbsa_metrics.TOTAL__average,Imported: TOTAL__average,wt-homo,wt-homo (wt-homo),Chain 0::284,284,Chain 0,Chain 0 / VAL284,Chain 0 / VAL284,-0.7933423504
dataset,mmpbsa_metrics.TOTAL__average,Imported: TOTAL__average,wt-homo,wt-homo (wt-homo),Chain 0::285,285,Chain 0,Chain 0 / VAL285,Chain 0 / VAL285,
dataset,mmpbsa_metrics.TOTAL__average,Imported: TOTAL__average,wt-homo,wt-homo (wt-homo),Chain 0::286,286,Chain 0,Chain 0 / TYR286,Chain 0 / TYR286,
dataset,mmpbsa_metrics.TOTAL__average,Imported: TOTAL__average,wt-homo,wt-homo (wt-homo),Chain 0::362,362,Chain 0,Chain 0 / ASN362,Chain 0 / ASN362,
dataset,mmpbsa_metrics.TOTAL__average,Imported: TOTAL__average,wt-homo,wt-homo (wt-homo),Chain 0::380,380,Chain 0,Chain 0 / TRP380,Chain 0 / TRP380,-0.6355825544
dataset,mmpbsa_metrics.TOTAL__average,Imported: TOTAL__average,wt-homo,wt-homo (wt-homo),Chain 0::381,381,Chain 0,Chain 0 / GLY381,Chain 0 / GLY381,
dataset,mmpbsa_metrics.TOTAL__average,Imported: TOTAL__average,wt-homo,wt-homo (wt-homo),Chain 0::382,382,Chain 0,Chain 0 / ASP382,Chain 0 / ASP382,-2.0936101192
dataset,mmpbsa_metrics.TOTAL__average,Imported: TOTAL__average,wt-homo,wt-homo (wt-homo),Chain 0::383,383,Chain 0,Chain 0 / GLN383,Chain 0 / GLN383,-0.09877386160000014
dataset,mmpbsa_metrics.TOTAL__average,Imported: TOTAL__average,wt-homo,wt-homo (wt-homo),Chain 0::404,404,Chain 0,Chain 0 / GLU404,Chain 0 / GLU404,
dataset,mmpbsa_metrics.TOTAL__average,Imported: TOTAL__average,wt-homo-2,wt-homo-2 (wt-homo-2),Chain 0::14,14,Chain 0,Chain 0 / PHE14,Chain 0 / PHE14,-0.2008720295999999
dataset,mmpbsa_metrics.TOTAL__average,Imported: TOTAL__average,wt-homo-2,wt-homo-2 (wt-homo-2),Chain 0::15,15,Chain 0,Chain 0 / PRO15,Chain 0 / PRO15,
dataset,mmpbsa_metrics.TOTAL__average,Imported: TOTAL__average,wt-homo-2,wt-homo-2 (wt-homo-2),Chain 0::16,16,Chain 0,Chain 0 / GLY16,Chain 0 / GLY16,-0.02586750319999999
dataset,mmpbsa_metrics.TOTAL__average,Imported: TOTAL__average,wt-homo-2,wt-homo-2 (wt-homo-2),Chain 0::17,17,Chain 0,Chain 0 / GLN17,Chain 0 / GLN17,
dataset,mmpbsa_metrics.TOTAL__average,Imported: TOTAL__average,wt-homo-2,wt-homo-2 (wt-homo-2),Chain 0::18,18,Chain 0,Chain 0 / GLY18,Chain 0 / GLY18,-0.017255493599999994
dataset,mmpbsa_metrics.TOTAL__average,Imported: TOTAL__average,wt-homo-2,wt-homo-2 (wt-homo-2),Chain 0::19,19,Chain 0,Chain 0 / HISD19,Chain 0 / HISD19,0.053293028000000006
dataset,mmpbsa_metrics.TOTAL__average,Imported: TOTAL__average,wt-homo-2,wt-homo-2 (wt-homo-2),Chain 0::83,83,Chain 0,Chain 0 / LEU83,Chain 0 / LEU83,
dataset,mmpbsa_metrics.TOTAL__average,Imported: TOTAL__average,wt-homo-2,wt-homo-2 (wt-homo-2),Chain 0::84,84,Chain 0,Chain 0 / LEU84,Chain 0 / LEU84,-0.20523851599999993
dataset,mmpbsa_metrics.TOTAL__average,Imported: TOTAL__average,wt-homo-2,wt-homo-2 (wt-homo-2),Chain 0::85,85,Chain 0,Chain 0 / ASP85,Chain 0 / ASP85,
dataset,mmpbsa_metrics.TOTAL__average,Imported: TOTAL__average,wt-homo-2,wt-homo-2 (wt-homo-2),Chain 0::86,86,Chain 0,Chain 0 / LEU86,Chain 0 / LEU86,-1.0676733632
dataset,mmpbsa_metrics.TOTAL__average,Imported: TOTAL__average,wt-homo-2,wt-homo-2 (wt-homo-2),Chain 0::89,89,Chain 0,Chain 0 / TYR89,Chain 0 / TYR89,
dataset,mmpbsa_metrics.TOTAL__average,Imported: TOTAL__average,wt-homo-2,wt-homo-2 (wt-homo-2),Chain 0::90,90,Chain 0,Chain 0 / LEU90,Chain 0 / LEU90,
dataset,mmpbsa_metrics.TOTAL__average,Imported: TOTAL__average,wt-homo-2,wt-homo-2 (wt-homo-2),Chain 0::122,122,Chain 0,Chain 0 / PRO122,Chain 0 / PRO122,
dataset,mmpbsa_metrics.TOTAL__average,Imported: TOTAL__average,wt-homo-2,wt-homo-2 (wt-homo-2),Chain 0::123,123,Chain 0,Chain 0 / PHE123,Chain 0 / PHE123,-0.2169081312000002
dataset,mmpbsa_metrics.TOTAL__average,Imported: TOTAL__average,wt-homo-2,wt-homo-2 (wt-homo-2),Chain 0::143,143,Chain 0,Chain 0 / VAL143,Chain 0 / VAL143,-0.0018380000000000293
dataset,mmpbsa_metrics.TOTAL__average,Imported: TOTAL__average,wt-homo-2,wt-homo-2 (wt-homo-2),Chain 0::144,144,Chain 0,Chain 0 / GLN144,Chain 0 / GLN144,-0.013545422399999946
dataset,mmpbsa_metrics.TOTAL__average,Imported: TOTAL__average,wt-homo-2,wt-homo-2 (wt-homo-2),Chain 0::152,152,Chain 0,Chain 0 / TYR152,Chain 0 / TYR152,0.0019170615999999376
dataset,mmpbsa_metrics.TOTAL__average,Imported: TOTAL__average,wt-homo-2,wt-homo-2 (wt-homo-2),Chain 0::188,188,Chain 0,Chain 0 / PHE188,Chain 0 / PHE188,-0.37870502319999994
dataset,mmpbsa_metrics.TOTAL__average,Imported: TOTAL__average,wt-homo-2,wt-homo-2 (wt-homo-2),Chain 0::195,195,Chain 0,Chain 0 / TYR195,Chain 0 / TYR195,-1.2189939048
dataset,mmpbsa_metrics.TOTAL__average,Imported: TOTAL__average,wt-homo-2,wt-homo-2 (wt-homo-2),Chain 0::198,198,Chain 0,Chain 0 / LEU198,Chain 0 / LEU198,-1.1661641584
dataset,mmpbsa_metrics.TOTAL__average,Imported: TOTAL__average,wt-homo-2,wt-homo-2 (wt-homo-2),Chain 0::201,201,Chain 0,Chain 0 / ALA201,Chain 0 / ALA201,-0.016667304799999998
dataset,mmpbsa_metrics.TOTAL__average,Imported: TOTAL__average,wt-homo-2,wt-homo-2 (wt-homo-2),Chain 0::202,202,Chain 0,Chain 0 / ILE202,Chain 0 / ILE202,-0.034129167200000074
dataset,mmpbsa_metrics.TOTAL__average,Imported: TOTAL__average,wt-homo-2,wt-homo-2 (wt-homo-2),Chain 0::258,258,Chain 0,Chain 0 / PHE258,Chain 0 / PHE258,
dataset,mmpbsa_metrics.TOTAL__average,Imported: TOTAL__average,wt-homo-2,wt-homo-2 (wt-homo-2),Chain 0::283,283,Chain 0,Chain 0 / SER283,Chain 0 / SER283,
dataset,mmpbsa_metrics.TOTAL__average,Imported: TOTAL__average,wt-homo-2,wt-homo-2 (wt-homo-2),Chain 0::284,284,Chain 0,Chain 0 / VAL284,Chain 0 / VAL284,-0.36239918560000006
dataset,mmpbsa_metrics.TOTAL__average,Imported: TOTAL__average,wt-homo-2,wt-homo-2 (wt-homo-2),Chain 0::285,285,Chain 0,Chain 0 / VAL285,Chain 0 / VAL285,
dataset,mmpbsa_metrics.TOTAL__average,Imported: TOTAL__average,wt-homo-2,wt-homo-2 (wt-homo-2),Chain 0::286,286,Chain 0,Chain 0 / TYR286,Chain 0 / TYR286,
dataset,mmpbsa_metrics.TOTAL__average,Imported: TOTAL__average,wt-homo-2,wt-homo-2 (wt-homo-2),Chain 0::362,362,Chain 0,Chain 0 / ASN362,Chain 0 / ASN362,
dataset,mmpbsa_metrics.TOTAL__average,Imported: TOTAL__average,wt-homo-2,wt-homo-2 (wt-homo-2),Chain 0::380,380,Chain 0,Chain 0 / TRP380,Chain 0 / TRP380,-0.4617742119999996
dataset,mmpbsa_metrics.TOTAL__average,Imported: TOTAL__average,wt-homo-2,wt-homo-2 (wt-homo-2),Chain 0::381,381,Chain 0,Chain 0 / GLY381,Chain 0 / GLY381,-0.010398913600000005
dataset,mmpbsa_metrics.TOTAL__average,Imported: TOTAL__average,wt-homo-2,wt-homo-2 (wt-homo-2),Chain 0::382,382,Chain 0,Chain 0 / ASP382,Chain 0 / ASP382,0.05233507919999963
dataset,mmpbsa_metrics.TOTAL__average,Imported: TOTAL__average,wt-homo-2,wt-homo-2 (wt-homo-2),Chain 0::383,383,Chain 0,Chain 0 / GLN383,Chain 0 / GLN383,-0.008755999999999806
dataset,mmpbsa_metrics.TOTAL__average,Imported: TOTAL__average,wt-homo-2,wt-homo-2 (wt-homo-2),Chain 0::404,404,Chain 0,Chain 0 / GLU404,Chain 0 / GLU404,
dataset,mmpbsa_metrics.TOTAL__average,Imported: TOTAL__average,wt-homo-3,wt-homo-3 (wt-homo-3),Chain 0::14,14,Chain 0,Chain 0 / PHE14,Chain 0 / PHE14,-0.24568882720000026
dataset,mmpbsa_metrics.TOTAL__average,Imported: TOTAL__average,wt-homo-3,wt-homo-3 (wt-homo-3),Chain 0::15,15,Chain 0,Chain 0 / PRO15,Chain 0 / PRO15,
dataset,mmpbsa_metrics.TOTAL__average,Imported: TOTAL__average,wt-homo-3,wt-homo-3 (wt-homo-3),Chain 0::16,16,Chain 0,Chain 0 / GLY16,Chain 0 / GLY16,0.004463820000000034
dataset,mmpbsa_metrics.TOTAL__average,Imported: TOTAL__average,wt-homo-3,wt-homo-3 (wt-homo-3),Chain 0::17,17,Chain 0,Chain 0 / GLN17,Chain 0 / GLN17,
dataset,mmpbsa_metrics.TOTAL__average,Imported: TOTAL__average,wt-homo-3,wt-homo-3 (wt-homo-3),Chain 0::18,18,Chain 0,Chain 0 / GLY18,Chain 0 / GLY18,
dataset,mmpbsa_metrics.TOTAL__average,Imported: TOTAL__average,wt-homo-3,wt-homo-3 (wt-homo-3),Chain 0::19,19,Chain 0,Chain 0 / HISD19,Chain 0 / HISD19,0.2668138575999999
dataset,mmpbsa_metrics.TOTAL__average,Imported: TOTAL__average,wt-homo-3,wt-homo-3 (wt-homo-3),Chain 0::83,83,Chain 0,Chain 0 / LEU83,Chain 0 / LEU83,
dataset,mmpbsa_metrics.TOTAL__average,Imported: TOTAL__average,wt-homo-3,wt-homo-3 (wt-homo-3),Chain 0::84,84,Chain 0,Chain 0 / LEU84,Chain 0 / LEU84,
dataset,mmpbsa_metrics.TOTAL__average,Imported: TOTAL__average,wt-homo-3,wt-homo-3 (wt-homo-3),Chain 0::85,85,Chain 0,Chain 0 / ASP85,Chain 0 / ASP85,
dataset,mmpbsa_metrics.TOTAL__average,Imported: TOTAL__average,wt-homo-3,wt-homo-3 (wt-homo-3),Chain 0::86,86,Chain 0,Chain 0 / LEU86,Chain 0 / LEU86,-0.4771207216
dataset,mmpbsa_metrics.TOTAL__average,Imported: TOTAL__average,wt-homo-3,wt-homo-3 (wt-homo-3),Chain 0::89,89,Chain 0,Chain 0 / TYR89,Chain 0 / TYR89,
dataset,mmpbsa_metrics.TOTAL__average,Imported: TOTAL__average,wt-homo-3,wt-homo-3 (wt-homo-3),Chain 0::90,90,Chain 0,Chain 0 / LEU90,Chain 0 / LEU90,
dataset,mmpbsa_metrics.TOTAL__average,Imported: TOTAL__average,wt-homo-3,wt-homo-3 (wt-homo-3),Chain 0::122,122,Chain 0,Chain 0 / PRO122,Chain 0 / PRO122,-0.017029839999999935
dataset,mmpbsa_metrics.TOTAL__average,Imported: TOTAL__average,wt-homo-3,wt-homo-3 (wt-homo-3),Chain 0::123,123,Chain 0,Chain 0 / PHE123,Chain 0 / PHE123,-0.9207261640000001
dataset,mmpbsa_metrics.TOTAL__average,Imported: TOTAL__average,wt-homo-3,wt-homo-3 (wt-homo-3),Chain 0::143,143,Chain 0,Chain 0 / VAL143,Chain 0 / VAL143,
dataset,mmpbsa_metrics.TOTAL__average,Imported: TOTAL__average,wt-homo-3,wt-homo-3 (wt-homo-3),Chain 0::144,144,Chain 0,Chain 0 / GLN144,Chain 0 / GLN144,-0.17893269840000006
dataset,mmpbsa_metrics.TOTAL__average,Imported: TOTAL__average,wt-homo-3,wt-homo-3 (wt-homo-3),Chain 0::152,152,Chain 0,Chain 0 / TYR152,Chain 0 / TYR152,
dataset,mmpbsa_metrics.TOTAL__average,Imported: TOTAL__average,wt-homo-3,wt-homo-3 (wt-homo-3),Chain 0::188,188,Chain 0,Chain 0 / PHE188,Chain 0 / PHE188,-1.0018189903999999
dataset,mmpbsa_metrics.TOTAL__average,Imported: TOTAL__average,wt-homo-3,wt-homo-3 (wt-homo-3),Chain 0::195,195,Chain 0,Chain 0 / TYR195,Chain 0 / TYR195,-0.3574632831999999
dataset,mmpbsa_metrics.TOTAL__average,Imported: TOTAL__average,wt-homo-3,wt-homo-3 (wt-homo-3),Chain 0::198,198,Chain 0,Chain 0 / LEU198,Chain 0 / LEU198,-1.0304489864
dataset,mmpbsa_metrics.TOTAL__average,Imported: TOTAL__average,wt-homo-3,wt-homo-3 (wt-homo-3),Chain 0::201,201,Chain 0,Chain 0 / ALA201,Chain 0 / ALA201,
dataset,mmpbsa_metrics.TOTAL__average,Imported: TOTAL__average,wt-homo-3,wt-homo-3 (wt-homo-3),Chain 0::202,202,Chain 0,Chain 0 / ILE202,Chain 0 / ILE202,
dataset,mmpbsa_metrics.TOTAL__average,Imported: TOTAL__average,wt-homo-3,wt-homo-3 (wt-homo-3),Chain 0::258,258,Chain 0,Chain 0 / PHE258,Chain 0 / PHE258,
dataset,mmpbsa_metrics.TOTAL__average,Imported: TOTAL__average,wt-homo-3,wt-homo-3 (wt-homo-3),Chain 0::283,283,Chain 0,Chain 0 / SER283,Chain 0 / SER283,
dataset,mmpbsa_metrics.TOTAL__average,Imported: TOTAL__average,wt-homo-3,wt-homo-3 (wt-homo-3),Chain 0::284,284,Chain 0,Chain 0 / VAL284,Chain 0 / VAL284,-1.2029192344
dataset,mmpbsa_metrics.TOTAL__average,Imported: TOTAL__average,wt-homo-3,wt-homo-3 (wt-homo-3),Chain 0::285,285,Chain 0,Chain 0 / VAL285,Chain 0 / VAL285,
dataset,mmpbsa_metrics.TOTAL__average,Imported: TOTAL__average,wt-homo-3,wt-homo-3 (wt-homo-3),Chain 0::286,286,Chain 0,Chain 0 / TYR286,Chain 0 / TYR286,
dataset,mmpbsa_metrics.TOTAL__average,Imported: TOTAL__average,wt-homo-3,wt-homo-3 (wt-homo-3),Chain 0::362,362,Chain 0,Chain 0 / ASN362,Chain 0 / ASN362,
dataset,mmpbsa_metrics.TOTAL__average,Imported: TOTAL__average,wt-homo-3,wt-homo-3 (wt-homo-3),Chain 0::380,380,Chain 0,Chain 0 / TRP380,Chain 0 / TRP380,-1.1572040879999999
dataset,mmpbsa_metrics.TOTAL__average,Imported: TOTAL__average,wt-homo-3,wt-homo-3 (wt-homo-3),Chain 0::381,381,Chain 0,Chain 0 / GLY381,Chain 0 / GLY381,-0.09325056400000001
dataset,mmpbsa_metrics.TOTAL__average,Imported: TOTAL__average,wt-homo-3,wt-homo-3 (wt-homo-3),Chain 0::382,382,Chain 0,Chain 0 / ASP382,Chain 0 / ASP382,-4.2282275384
dataset,mmpbsa_metrics.TOTAL__average,Imported: TOTAL__average,wt-homo-3,wt-homo-3 (wt-homo-3),Chain 0::383,383,Chain 0,Chain 0 / GLN383,Chain 0 / GLN383,-0.6664577087999997
dataset,mmpbsa_metrics.TOTAL__average,Imported: TOTAL__average,wt-homo-3,wt-homo-3 (wt-homo-3),Chain 0::404,404,Chain 0,Chain 0 / GLU404,Chain 0 / GLU404,
dataset,mmpbsa_metrics.TOTAL__average,Imported: TOTAL__average,wt-homo-4,wt-homo-4 (wt-homo-4),Chain 0::14,14,Chain 0,Chain 0 / PHE14,Chain 0 / PHE14,-0.19845868879999967
dataset,mmpbsa_metrics.TOTAL__average,Imported: TOTAL__average,wt-homo-4,wt-homo-4 (wt-homo-4),Chain 0::15,15,Chain 0,Chain 0 / PRO15,Chain 0 / PRO15,-0.08542154159999991
dataset,mmpbsa_metrics.TOTAL__average,Imported: TOTAL__average,wt-homo-4,wt-homo-4 (wt-homo-4),Chain 0::16,16,Chain 0,Chain 0 / GLY16,Chain 0 / GLY16,-0.0060480392000000285
dataset,mmpbsa_metrics.TOTAL__average,Imported: TOTAL__average,wt-homo-4,wt-homo-4 (wt-homo-4),Chain 0::17,17,Chain 0,Chain 0 / GLN17,Chain 0 / GLN17,-0.008764571200000074
dataset,mmpbsa_metrics.TOTAL__average,Imported: TOTAL__average,wt-homo-4,wt-homo-4 (wt-homo-4),Chain 0::18,18,Chain 0,Chain 0 / GLY18,Chain 0 / GLY18,-0.004729219199999997
dataset,mmpbsa_metrics.TOTAL__average,Imported: TOTAL__average,wt-homo-4,wt-homo-4 (wt-homo-4),Chain 0::19,19,Chain 0,Chain 0 / HISD19,Chain 0 / HISD19,0.06962526320000001
dataset,mmpbsa_metrics.TOTAL__average,Imported: TOTAL__average,wt-homo-4,wt-homo-4 (wt-homo-4),Chain 0::83,83,Chain 0,Chain 0 / LEU83,Chain 0 / LEU83,
dataset,mmpbsa_metrics.TOTAL__average,Imported: TOTAL__average,wt-homo-4,wt-homo-4 (wt-homo-4),Chain 0::84,84,Chain 0,Chain 0 / LEU84,Chain 0 / LEU84,
dataset,mmpbsa_metrics.TOTAL__average,Imported: TOTAL__average,wt-homo-4,wt-homo-4 (wt-homo-4),Chain 0::85,85,Chain 0,Chain 0 / ASP85,Chain 0 / ASP85,
dataset,mmpbsa_metrics.TOTAL__average,Imported: TOTAL__average,wt-homo-4,wt-homo-4 (wt-homo-4),Chain 0::86,86,Chain 0,Chain 0 / LEU86,Chain 0 / LEU86,-0.3072798576
dataset,mmpbsa_metrics.TOTAL__average,Imported: TOTAL__average,wt-homo-4,wt-homo-4 (wt-homo-4),Chain 0::89,89,Chain 0,Chain 0 / TYR89,Chain 0 / TYR89,-0.12066145680000001
dataset,mmpbsa_metrics.TOTAL__average,Imported: TOTAL__average,wt-homo-4,wt-homo-4 (wt-homo-4),Chain 0::90,90,Chain 0,Chain 0 / LEU90,Chain 0 / LEU90,-0.023989250400000068
dataset,mmpbsa_metrics.TOTAL__average,Imported: TOTAL__average,wt-homo-4,wt-homo-4 (wt-homo-4),Chain 0::122,122,Chain 0,Chain 0 / PRO122,Chain 0 / PRO122,
dataset,mmpbsa_metrics.TOTAL__average,Imported: TOTAL__average,wt-homo-4,wt-homo-4 (wt-homo-4),Chain 0::123,123,Chain 0,Chain 0 / PHE123,Chain 0 / PHE123,-0.32746921759999986
dataset,mmpbsa_metrics.TOTAL__average,Imported: TOTAL__average,wt-homo-4,wt-homo-4 (wt-homo-4),Chain 0::143,143,Chain 0,Chain 0 / VAL143,Chain 0 / VAL143,
dataset,mmpbsa_metrics.TOTAL__average,Imported: TOTAL__average,wt-homo-4,wt-homo-4 (wt-homo-4),Chain 0::144,144,Chain 0,Chain 0 / GLN144,Chain 0 / GLN144,-0.0362955752000001
dataset,mmpbsa_metrics.TOTAL__average,Imported: TOTAL__average,wt-homo-4,wt-homo-4 (wt-homo-4),Chain 0::152,152,Chain 0,Chain 0 / TYR152,Chain 0 / TYR152,-0.01735357600000007
dataset,mmpbsa_metrics.TOTAL__average,Imported: TOTAL__average,wt-homo-4,wt-homo-4 (wt-homo-4),Chain 0::188,188,Chain 0,Chain 0 / PHE188,Chain 0 / PHE188,-0.23723709920000008
dataset,mmpbsa_metrics.TOTAL__average,Imported: TOTAL__average,wt-homo-4,wt-homo-4 (wt-homo-4),Chain 0::195,195,Chain 0,Chain 0 / TYR195,Chain 0 / TYR195,
dataset,mmpbsa_metrics.TOTAL__average,Imported: TOTAL__average,wt-homo-4,wt-homo-4 (wt-homo-4),Chain 0::198,198,Chain 0,Chain 0 / LEU198,Chain 0 / LEU198,-0.5188945671999999
dataset,mmpbsa_metrics.TOTAL__average,Imported: TOTAL__average,wt-homo-4,wt-homo-4 (wt-homo-4),Chain 0::201,201,Chain 0,Chain 0 / ALA201,Chain 0 / ALA201,
dataset,mmpbsa_metrics.TOTAL__average,Imported: TOTAL__average,wt-homo-4,wt-homo-4 (wt-homo-4),Chain 0::202,202,Chain 0,Chain 0 / ILE202,Chain 0 / ILE202,-0.018428235200000066
dataset,mmpbsa_metrics.TOTAL__average,Imported: TOTAL__average,wt-homo-4,wt-homo-4 (wt-homo-4),Chain 0::258,258,Chain 0,Chain 0 / PHE258,Chain 0 / PHE258,
dataset,mmpbsa_metrics.TOTAL__average,Imported: TOTAL__average,wt-homo-4,wt-homo-4 (wt-homo-4),Chain 0::283,283,Chain 0,Chain 0 / SER283,Chain 0 / SER283,-0.015153130399999883
dataset,mmpbsa_metrics.TOTAL__average,Imported: TOTAL__average,wt-homo-4,wt-homo-4 (wt-homo-4),Chain 0::284,284,Chain 0,Chain 0 / VAL284,Chain 0 / VAL284,-0.2573418344
dataset,mmpbsa_metrics.TOTAL__average,Imported: TOTAL__average,wt-homo-4,wt-homo-4 (wt-homo-4),Chain 0::285,285,Chain 0,Chain 0 / VAL285,Chain 0 / VAL285,
dataset,mmpbsa_metrics.TOTAL__average,Imported: TOTAL__average,wt-homo-4,wt-homo-4 (wt-homo-4),Chain 0::286,286,Chain 0,Chain 0 / TYR286,Chain 0 / TYR286,
dataset,mmpbsa_metrics.TOTAL__average,Imported: TOTAL__average,wt-homo-4,wt-homo-4 (wt-homo-4),Chain 0::362,362,Chain 0,Chain 0 / ASN362,Chain 0 / ASN362,
dataset,mmpbsa_metrics.TOTAL__average,Imported: TOTAL__average,wt-homo-4,wt-homo-4 (wt-homo-4),Chain 0::380,380,Chain 0,Chain 0 / TRP380,Chain 0 / TRP380,-0.6021834680000001
dataset,mmpbsa_metrics.TOTAL__average,Imported: TOTAL__average,wt-homo-4,wt-homo-4 (wt-homo-4),Chain 0::381,381,Chain 0,Chain 0 / GLY381,Chain 0 / GLY381,-0.07174623999999998
dataset,mmpbsa_metrics.TOTAL__average,Imported: TOTAL__average,wt-homo-4,wt-homo-4 (wt-homo-4),Chain 0::382,382,Chain 0,Chain 0 / ASP382,Chain 0 / ASP382,-0.27034556159999945
dataset,mmpbsa_metrics.TOTAL__average,Imported: TOTAL__average,wt-homo-4,wt-homo-4 (wt-homo-4),Chain 0::383,383,Chain 0,Chain 0 / GLN383,Chain 0 / GLN383,-0.021408857599999987
dataset,mmpbsa_metrics.TOTAL__average,Imported: TOTAL__average,wt-homo-4,wt-homo-4 (wt-homo-4),Chain 0::404,404,Chain 0,Chain 0 / GLU404,Chain 0 / GLU404,
dataset,mmpbsa_metrics.TOTAL__average,Imported: TOTAL__average,sdu6-homo,sdu6-homo (sdu6-homo),Chain 0::14,14,Chain 0,Chain 0 / PHE14,Chain 0 / PHE14,-0.8723499567999998
dataset,mmpbsa_metrics.TOTAL__average,Imported: TOTAL__average,sdu6-homo,sdu6-homo (sdu6-homo),Chain 0::15,15,Chain 0,Chain 0 / PRO15,Chain 0 / PRO15,-0.09956054640000005
dataset,mmpbsa_metrics.TOTAL__average,Imported: TOTAL__average,sdu6-homo,sdu6-homo (sdu6-homo),Chain 0::16,16,Chain 0,Chain 0 / GLY16,Chain 0 / GLY16,-0.2927053256
dataset,mmpbsa_metrics.TOTAL__average,Imported: TOTAL__average,sdu6-homo,sdu6-homo (sdu6-homo),Chain 0::17,17,Chain 0,Chain 0 / GLN17,Chain 0 / GLN17,-0.09365569920000001
dataset,mmpbsa_metrics.TOTAL__average,Imported: TOTAL__average,sdu6-homo,sdu6-homo (sdu6-homo),Chain 0::18,18,Chain 0,Chain 0 / GLY18,Chain 0 / GLY18,-0.0724825272
dataset,mmpbsa_metrics.TOTAL__average,Imported: TOTAL__average,sdu6-homo,sdu6-homo (sdu6-homo),Chain 0::19,19,Chain 0,Chain 0 / HISD19,Chain 0 / HISD19,0.031751517600000015
dataset,mmpbsa_metrics.TOTAL__average,Imported: TOTAL__average,sdu6-homo,sdu6-homo (sdu6-homo),Chain 0::83,83,Chain 0,Chain 0 / LEU83,Chain 0 / LEU83,
dataset,mmpbsa_metrics.TOTAL__average,Imported: TOTAL__average,sdu6-homo,sdu6-homo (sdu6-homo),Chain 0::84,84,Chain 0,Chain 0 / LEU84,Chain 0 / ARG84,
dataset,mmpbsa_metrics.TOTAL__average,Imported: TOTAL__average,sdu6-homo,sdu6-homo (sdu6-homo),Chain 0::85,85,Chain 0,Chain 0 / ASP85,Chain 0 / ASP85,
dataset,mmpbsa_metrics.TOTAL__average,Imported: TOTAL__average,sdu6-homo,sdu6-homo (sdu6-homo),Chain 0::86,86,Chain 0,Chain 0 / LEU86,Chain 0 / LEU86,-1.4445929000000002
dataset,mmpbsa_metrics.TOTAL__average,Imported: TOTAL__average,sdu6-homo,sdu6-homo (sdu6-homo),Chain 0::89,89,Chain 0,Chain 0 / TYR89,Chain 0 / TYR89,
dataset,mmpbsa_metrics.TOTAL__average,Imported: TOTAL__average,sdu6-homo,sdu6-homo (sdu6-homo),Chain 0::90,90,Chain 0,Chain 0 / LEU90,Chain 0 / LEU90,
dataset,mmpbsa_metrics.TOTAL__average,Imported: TOTAL__average,sdu6-homo,sdu6-homo (sdu6-homo),Chain 0::122,122,Chain 0,Chain 0 / PRO122,Chain 0 / PRO122,-0.04730282159999984
dataset,mmpbsa_metrics.TOTAL__average,Imported: TOTAL__average,sdu6-homo,sdu6-homo (sdu6-homo),Chain 0::123,123,Chain 0,Chain 0 / PHE123,Chain 0 / PHE123,-1.2659938024000004
dataset,mmpbsa_metrics.TOTAL__average,Imported: TOTAL__average,sdu6-homo,sdu6-homo (sdu6-homo),Chain 0::143,143,Chain 0,Chain 0 / VAL143,Chain 0 / VAL143,-0.006850526400000037
dataset,mmpbsa_metrics.TOTAL__average,Imported: TOTAL__average,sdu6-homo,sdu6-homo (sdu6-homo),Chain 0::144,144,Chain 0,Chain 0 / GLN144,Chain 0 / GLN144,-0.1189762471999998
dataset,mmpbsa_metrics.TOTAL__average,Imported: TOTAL__average,sdu6-homo,sdu6-homo (sdu6-homo),Chain 0::152,152,Chain 0,Chain 0 / TYR152,Chain 0 / TYR152,
dataset,mmpbsa_metrics.TOTAL__average,Imported: TOTAL__average,sdu6-homo,sdu6-homo (sdu6-homo),Chain 0::188,188,Chain 0,Chain 0 / PHE188,Chain 0 / PHE188,-0.08851009600000001
dataset,mmpbsa_metrics.TOTAL__average,Imported: TOTAL__average,sdu6-homo,sdu6-homo (sdu6-homo),Chain 0::195,195,Chain 0,Chain 0 / TYR195,Chain 0 / TYR195,-0.01477239120000007
dataset,mmpbsa_metrics.TOTAL__average,Imported: TOTAL__average,sdu6-homo,sdu6-homo (sdu6-homo),Chain 0::198,198,Chain 0,Chain 0 / LEU198,Chain 0 / LEU198,-0.10457224319999998
dataset,mmpbsa_metrics.TOTAL__average,Imported: TOTAL__average,sdu6-homo,sdu6-homo (sdu6-homo),Chain 0::201,201,Chain 0,Chain 0 / ALA201,Chain 0 / ALA201,
dataset,mmpbsa_metrics.TOTAL__average,Imported: TOTAL__average,sdu6-homo,sdu6-homo (sdu6-homo),Chain 0::202,202,Chain 0,Chain 0 / ILE202,Chain 0 / ILE202,-0.011909996000000042
dataset,mmpbsa_metrics.TOTAL__average,Imported: TOTAL__average,sdu6-homo,sdu6-homo (sdu6-homo),Chain 0::258,258,Chain 0,Chain 0 / PHE258,Chain 0 / PHE258,-0.010651000000000063
dataset,mmpbsa_metrics.TOTAL__average,Imported: TOTAL__average,sdu6-homo,sdu6-homo (sdu6-homo),Chain 0::283,283,Chain 0,Chain 0 / SER283,Chain 0 / SER283,-0.06154829119999995
dataset,mmpbsa_metrics.TOTAL__average,Imported: TOTAL__average,sdu6-homo,sdu6-homo (sdu6-homo),Chain 0::284,284,Chain 0,Chain 0 / VAL284,Chain 0 / VAL284,-1.344369444
dataset,mmpbsa_metrics.TOTAL__average,Imported: TOTAL__average,sdu6-homo,sdu6-homo (sdu6-homo),Chain 0::285,285,Chain 0,Chain 0 / VAL285,Chain 0 / VAL285,
dataset,mmpbsa_metrics.TOTAL__average,Imported: TOTAL__average,sdu6-homo,sdu6-homo (sdu6-homo),Chain 0::286,286,Chain 0,Chain 0 / TYR286,Chain 0 / PHE286,
dataset,mmpbsa_metrics.TOTAL__average,Imported: TOTAL__average,sdu6-homo,sdu6-homo (sdu6-homo),Chain 0::362,362,Chain 0,Chain 0 / ASN362,Chain 0 / ASN362,
dataset,mmpbsa_metrics.TOTAL__average,Imported: TOTAL__average,sdu6-homo,sdu6-homo (sdu6-homo),Chain 0::380,380,Chain 0,Chain 0 / TRP380,Chain 0 / TRP380,-0.8141371223999998
dataset,mmpbsa_metrics.TOTAL__average,Imported: TOTAL__average,sdu6-homo,sdu6-homo (sdu6-homo),Chain 0::381,381,Chain 0,Chain 0 / GLY381,Chain 0 / GLY381,-0.038758614400000016
dataset,mmpbsa_metrics.TOTAL__average,Imported: TOTAL__average,sdu6-homo,sdu6-homo (sdu6-homo),Chain 0::382,382,Chain 0,Chain 0 / ASP382,Chain 0 / ASP382,0.4448645191999998
dataset,mmpbsa_metrics.TOTAL__average,Imported: TOTAL__average,sdu6-homo,sdu6-homo (sdu6-homo),Chain 0::383,383,Chain 0,Chain 0 / GLN383,Chain 0 / GLN383,-0.026768318400000102
dataset,mmpbsa_metrics.TOTAL__average,Imported: TOTAL__average,sdu6-homo,sdu6-homo (sdu6-homo),Chain 0::404,404,Chain 0,Chain 0 / GLU404,Chain 0 / GLU404,
dataset,mmpbsa_metrics.TOTAL__average,Imported: TOTAL__average,sdu6-homo-2,sdu6-homo-2 (sdu6-homo-2),Chain 0::14,14,Chain 0,Chain 0 / PHE14,Chain 0 / PHE14,-0.7062184840000002
dataset,mmpbsa_metrics.TOTAL__average,Imported: TOTAL__average,sdu6-homo-2,sdu6-homo-2 (sdu6-homo-2),Chain 0::15,15,Chain 0,Chain 0 / PRO15,Chain 0 / PRO15,
dataset,mmpbsa_metrics.TOTAL__average,Imported: TOTAL__average,sdu6-homo-2,sdu6-homo-2 (sdu6-homo-2),Chain 0::16,16,Chain 0,Chain 0 / GLY16,Chain 0 / GLY16,-0.2105903968
dataset,mmpbsa_metrics.TOTAL__average,Imported: TOTAL__average,sdu6-homo-2,sdu6-homo-2 (sdu6-homo-2),Chain 0::17,17,Chain 0,Chain 0 / GLN17,Chain 0 / GLN17,
dataset,mmpbsa_metrics.TOTAL__average,Imported: TOTAL__average,sdu6-homo-2,sdu6-homo-2 (sdu6-homo-2),Chain 0::18,18,Chain 0,Chain 0 / GLY18,Chain 0 / GLY18,
dataset,mmpbsa_metrics.TOTAL__average,Imported: TOTAL__average,sdu6-homo-2,sdu6-homo-2 (sdu6-homo-2),Chain 0::19,19,Chain 0,Chain 0 / HISD19,Chain 0 / HISD19,-0.8612625943999999
dataset,mmpbsa_metrics.TOTAL__average,Imported: TOTAL__average,sdu6-homo-2,sdu6-homo-2 (sdu6-homo-2),Chain 0::83,83,Chain 0,Chain 0 / LEU83,Chain 0 / LEU83,
dataset,mmpbsa_metrics.TOTAL__average,Imported: TOTAL__average,sdu6-homo-2,sdu6-homo-2 (sdu6-homo-2),Chain 0::84,84,Chain 0,Chain 0 / LEU84,Chain 0 / ARG84,
dataset,mmpbsa_metrics.TOTAL__average,Imported: TOTAL__average,sdu6-homo-2,sdu6-homo-2 (sdu6-homo-2),Chain 0::85,85,Chain 0,Chain 0 / ASP85,Chain 0 / ASP85,
dataset,mmpbsa_metrics.TOTAL__average,Imported: TOTAL__average,sdu6-homo-2,sdu6-homo-2 (sdu6-homo-2),Chain 0::86,86,Chain 0,Chain 0 / LEU86,Chain 0 / LEU86,-0.7316131071999998
dataset,mmpbsa_metrics.TOTAL__average,Imported: TOTAL__average,sdu6-homo-2,sdu6-homo-2 (sdu6-homo-2),Chain 0::89,89,Chain 0,Chain 0 / TYR89,Chain 0 / TYR89,
dataset,mmpbsa_metrics.TOTAL__average,Imported: TOTAL__average,sdu6-homo-2,sdu6-homo-2 (sdu6-homo-2),Chain 0::90,90,Chain 0,Chain 0 / LEU90,Chain 0 / LEU90,
dataset,mmpbsa_metrics.TOTAL__average,Imported: TOTAL__average,sdu6-homo-2,sdu6-homo-2 (sdu6-homo-2),Chain 0::122,122,Chain 0,Chain 0 / PRO122,Chain 0 / PRO122,
dataset,mmpbsa_metrics.TOTAL__average,Imported: TOTAL__average,sdu6-homo-2,sdu6-homo-2 (sdu6-homo-2),Chain 0::123,123,Chain 0,Chain 0 / PHE123,Chain 0 / PHE123,-1.3782940343999999
dataset,mmpbsa_metrics.TOTAL__average,Imported: TOTAL__average,sdu6-homo-2,sdu6-homo-2 (sdu6-homo-2),Chain 0::143,143,Chain 0,Chain 0 / VAL143,Chain 0 / VAL143,
dataset,mmpbsa_metrics.TOTAL__average,Imported: TOTAL__average,sdu6-homo-2,sdu6-homo-2 (sdu6-homo-2),Chain 0::144,144,Chain 0,Chain 0 / GLN144,Chain 0 / GLN144,
dataset,mmpbsa_metrics.TOTAL__average,Imported: TOTAL__average,sdu6-homo-2,sdu6-homo-2 (sdu6-homo-2),Chain 0::152,152,Chain 0,Chain 0 / TYR152,Chain 0 / TYR152,
dataset,mmpbsa_metrics.TOTAL__average,Imported: TOTAL__average,sdu6-homo-2,sdu6-homo-2 (sdu6-homo-2),Chain 0::188,188,Chain 0,Chain 0 / PHE188,Chain 0 / PHE188,-0.3068071600000001
dataset,mmpbsa_metrics.TOTAL__average,Imported: TOTAL__average,sdu6-homo-2,sdu6-homo-2 (sdu6-homo-2),Chain 0::195,195,Chain 0,Chain 0 / TYR195,Chain 0 / TYR195,-0.05419705279999998
dataset,mmpbsa_metrics.TOTAL__average,Imported: TOTAL__average,sdu6-homo-2,sdu6-homo-2 (sdu6-homo-2),Chain 0::198,198,Chain 0,Chain 0 / LEU198,Chain 0 / LEU198,-1.1904251
dataset,mmpbsa_metrics.TOTAL__average,Imported: TOTAL__average,sdu6-homo-2,sdu6-homo-2 (sdu6-homo-2),Chain 0::201,201,Chain 0,Chain 0 / ALA201,Chain 0 / ALA201,
dataset,mmpbsa_metrics.TOTAL__average,Imported: TOTAL__average,sdu6-homo-2,sdu6-homo-2 (sdu6-homo-2),Chain 0::202,202,Chain 0,Chain 0 / ILE202,Chain 0 / ILE202,
dataset,mmpbsa_metrics.TOTAL__average,Imported: TOTAL__average,sdu6-homo-2,sdu6-homo-2 (sdu6-homo-2),Chain 0::258,258,Chain 0,Chain 0 / PHE258,Chain 0 / PHE258,
dataset,mmpbsa_metrics.TOTAL__average,Imported: TOTAL__average,sdu6-homo-2,sdu6-homo-2 (sdu6-homo-2),Chain 0::283,283,Chain 0,Chain 0 / SER283,Chain 0 / SER283,
dataset,mmpbsa_metrics.TOTAL__average,Imported: TOTAL__average,sdu6-homo-2,sdu6-homo-2 (sdu6-homo-2),Chain 0::284,284,Chain 0,Chain 0 / VAL284,Chain 0 / VAL284,-1.283976028
dataset,mmpbsa_metrics.TOTAL__average,Imported: TOTAL__average,sdu6-homo-2,sdu6-homo-2 (sdu6-homo-2),Chain 0::285,285,Chain 0,Chain 0 / VAL285,Chain 0 / VAL285,-0.058038957600000086
dataset,mmpbsa_metrics.TOTAL__average,Imported: TOTAL__average,sdu6-homo-2,sdu6-homo-2 (sdu6-homo-2),Chain 0::286,286,Chain 0,Chain 0 / TYR286,Chain 0 / PHE286,-0.01265199999999999
dataset,mmpbsa_metrics.TOTAL__average,Imported: TOTAL__average,sdu6-homo-2,sdu6-homo-2 (sdu6-homo-2),Chain 0::362,362,Chain 0,Chain 0 / ASN362,Chain 0 / ASN362,
dataset,mmpbsa_metrics.TOTAL__average,Imported: TOTAL__average,sdu6-homo-2,sdu6-homo-2 (sdu6-homo-2),Chain 0::380,380,Chain 0,Chain 0 / TRP380,Chain 0 / TRP380,-1.0621709424
dataset,mmpbsa_metrics.TOTAL__average,Imported: TOTAL__average,sdu6-homo-2,sdu6-homo-2 (sdu6-homo-2),Chain 0::381,381,Chain 0,Chain 0 / GLY381,Chain 0 / GLY381,-0.02484734159999996
dataset,mmpbsa_metrics.TOTAL__average,Imported: TOTAL__average,sdu6-homo-2,sdu6-homo-2 (sdu6-homo-2),Chain 0::382,382,Chain 0,Chain 0 / ASP382,Chain 0 / ASP382,
dataset,mmpbsa_metrics.TOTAL__average,Imported: TOTAL__average,sdu6-homo-2,sdu6-homo-2 (sdu6-homo-2),Chain 0::383,383,Chain 0,Chain 0 / GLN383,Chain 0 / GLN383,-0.017777484000000118
dataset,mmpbsa_metrics.TOTAL__average,Imported: TOTAL__average,sdu6-homo-2,sdu6-homo-2 (sdu6-homo-2),Chain 0::404,404,Chain 0,Chain 0 / GLU404,Chain 0 / GLU404,0.011338999999999473
dataset,mmpbsa_metrics.TOTAL__average,Imported: TOTAL__average,sdu6-homo-3,sdu6-homo-3 (sdu6-homo-3),Chain 0::14,14,Chain 0,Chain 0 / PHE14,Chain 0 / PHE14,-0.1104060679999998
dataset,mmpbsa_metrics.TOTAL__average,Imported: TOTAL__average,sdu6-homo-3,sdu6-homo-3 (sdu6-homo-3),Chain 0::15,15,Chain 0,Chain 0 / PRO15,Chain 0 / PRO15,-0.008088501600000126
dataset,mmpbsa_metrics.TOTAL__average,Imported: TOTAL__average,sdu6-homo-3,sdu6-homo-3 (sdu6-homo-3),Chain 0::16,16,Chain 0,Chain 0 / GLY16,Chain 0 / GLY16,-0.011833564799999991
dataset,mmpbsa_metrics.TOTAL__average,Imported: TOTAL__average,sdu6-homo-3,sdu6-homo-3 (sdu6-homo-3),Chain 0::17,17,Chain 0,Chain 0 / GLN17,Chain 0 / GLN17,-0.0015916871999999281
dataset,mmpbsa_metrics.TOTAL__average,Imported: TOTAL__average,sdu6-homo-3,sdu6-homo-3 (sdu6-homo-3),Chain 0::18,18,Chain 0,Chain 0 / GLY18,Chain 0 / GLY18,-0.0069494991999999815
dataset,mmpbsa_metrics.TOTAL__average,Imported: TOTAL__average,sdu6-homo-3,sdu6-homo-3 (sdu6-homo-3),Chain 0::19,19,Chain 0,Chain 0 / HISD19,Chain 0 / HISD19,0.01101902959999997
dataset,mmpbsa_metrics.TOTAL__average,Imported: TOTAL__average,sdu6-homo-3,sdu6-homo-3 (sdu6-homo-3),Chain 0::83,83,Chain 0,Chain 0 / LEU83,Chain 0 / LEU83,
dataset,mmpbsa_metrics.TOTAL__average,Imported: TOTAL__average,sdu6-homo-3,sdu6-homo-3 (sdu6-homo-3),Chain 0::84,84,Chain 0,Chain 0 / LEU84,Chain 0 / ARG84,
dataset,mmpbsa_metrics.TOTAL__average,Imported: TOTAL__average,sdu6-homo-3,sdu6-homo-3 (sdu6-homo-3),Chain 0::85,85,Chain 0,Chain 0 / ASP85,Chain 0 / ASP85,
dataset,mmpbsa_metrics.TOTAL__average,Imported: TOTAL__average,sdu6-homo-3,sdu6-homo-3 (sdu6-homo-3),Chain 0::86,86,Chain 0,Chain 0 / LEU86,Chain 0 / LEU86,-1.5365580055999999
dataset,mmpbsa_metrics.TOTAL__average,Imported: TOTAL__average,sdu6-homo-3,sdu6-homo-3 (sdu6-homo-3),Chain 0::89,89,Chain 0,Chain 0 / TYR89,Chain 0 / TYR89,
dataset,mmpbsa_metrics.TOTAL__average,Imported: TOTAL__average,sdu6-homo-3,sdu6-homo-3 (sdu6-homo-3),Chain 0::90,90,Chain 0,Chain 0 / LEU90,Chain 0 / LEU90,
dataset,mmpbsa_metrics.TOTAL__average,Imported: TOTAL__average,sdu6-homo-3,sdu6-homo-3 (sdu6-homo-3),Chain 0::122,122,Chain 0,Chain 0 / PRO122,Chain 0 / PRO122,
dataset,mmpbsa_metrics.TOTAL__average,Imported: TOTAL__average,sdu6-homo-3,sdu6-homo-3 (sdu6-homo-3),Chain 0::123,123,Chain 0,Chain 0 / PHE123,Chain 0 / PHE123,-1.0069036472
dataset,mmpbsa_metrics.TOTAL__average,Imported: TOTAL__average,sdu6-homo-3,sdu6-homo-3 (sdu6-homo-3),Chain 0::143,143,Chain 0,Chain 0 / VAL143,Chain 0 / VAL143,-0.0023089999999999903
dataset,mmpbsa_metrics.TOTAL__average,Imported: TOTAL__average,sdu6-homo-3,sdu6-homo-3 (sdu6-homo-3),Chain 0::144,144,Chain 0,Chain 0 / GLN144,Chain 0 / GLN144,-0.0021947344000000373
dataset,mmpbsa_metrics.TOTAL__average,Imported: TOTAL__average,sdu6-homo-3,sdu6-homo-3 (sdu6-homo-3),Chain 0::152,152,Chain 0,Chain 0 / TYR152,Chain 0 / TYR152,
dataset,mmpbsa_metrics.TOTAL__average,Imported: TOTAL__average,sdu6-homo-3,sdu6-homo-3 (sdu6-homo-3),Chain 0::188,188,Chain 0,Chain 0 / PHE188,Chain 0 / PHE188,-0.6578557352000001
dataset,mmpbsa_metrics.TOTAL__average,Imported: TOTAL__average,sdu6-homo-3,sdu6-homo-3 (sdu6-homo-3),Chain 0::195,195,Chain 0,Chain 0 / TYR195,Chain 0 / TYR195,-0.10802636159999997
dataset,mmpbsa_metrics.TOTAL__average,Imported: TOTAL__average,sdu6-homo-3,sdu6-homo-3 (sdu6-homo-3),Chain 0::198,198,Chain 0,Chain 0 / LEU198,Chain 0 / LEU198,-1.2588608568
dataset,mmpbsa_metrics.TOTAL__average,Imported: TOTAL__average,sdu6-homo-3,sdu6-homo-3 (sdu6-homo-3),Chain 0::201,201,Chain 0,Chain 0 / ALA201,Chain 0 / ALA201,
dataset,mmpbsa_metrics.TOTAL__average,Imported: TOTAL__average,sdu6-homo-3,sdu6-homo-3 (sdu6-homo-3),Chain 0::202,202,Chain 0,Chain 0 / ILE202,Chain 0 / ILE202,-0.7924025567999999
dataset,mmpbsa_metrics.TOTAL__average,Imported: TOTAL__average,sdu6-homo-3,sdu6-homo-3 (sdu6-homo-3),Chain 0::258,258,Chain 0,Chain 0 / PHE258,Chain 0 / PHE258,
dataset,mmpbsa_metrics.TOTAL__average,Imported: TOTAL__average,sdu6-homo-3,sdu6-homo-3 (sdu6-homo-3),Chain 0::283,283,Chain 0,Chain 0 / SER283,Chain 0 / SER283,-0.007555322399999989
dataset,mmpbsa_metrics.TOTAL__average,Imported: TOTAL__average,sdu6-homo-3,sdu6-homo-3 (sdu6-homo-3),Chain 0::284,284,Chain 0,Chain 0 / VAL284,Chain 0 / VAL284,-0.13927639760000005
dataset,mmpbsa_metrics.TOTAL__average,Imported: TOTAL__average,sdu6-homo-3,sdu6-homo-3 (sdu6-homo-3),Chain 0::285,285,Chain 0,Chain 0 / VAL285,Chain 0 / VAL285,
dataset,mmpbsa_metrics.TOTAL__average,Imported: TOTAL__average,sdu6-homo-3,sdu6-homo-3 (sdu6-homo-3),Chain 0::286,286,Chain 0,Chain 0 / TYR286,Chain 0 / PHE286,
dataset,mmpbsa_metrics.TOTAL__average,Imported: TOTAL__average,sdu6-homo-3,sdu6-homo-3 (sdu6-homo-3),Chain 0::362,362,Chain 0,Chain 0 / ASN362,Chain 0 / ASN362,
dataset,mmpbsa_metrics.TOTAL__average,Imported: TOTAL__average,sdu6-homo-3,sdu6-homo-3 (sdu6-homo-3),Chain 0::380,380,Chain 0,Chain 0 / TRP380,Chain 0 / TRP380,-0.19044056639999982
dataset,mmpbsa_metrics.TOTAL__average,Imported: TOTAL__average,sdu6-homo-3,sdu6-homo-3 (sdu6-homo-3),Chain 0::381,381,Chain 0,Chain 0 / GLY381,Chain 0 / GLY381,-0.007247654399999997
dataset,mmpbsa_metrics.TOTAL__average,Imported: TOTAL__average,sdu6-homo-3,sdu6-homo-3 (sdu6-homo-3),Chain 0::382,382,Chain 0,Chain 0 / ASP382,Chain 0 / ASP382,0.13973517200000038
dataset,mmpbsa_metrics.TOTAL__average,Imported: TOTAL__average,sdu6-homo-3,sdu6-homo-3 (sdu6-homo-3),Chain 0::383,383,Chain 0,Chain 0 / GLN383,Chain 0 / GLN383,
dataset,mmpbsa_metrics.TOTAL__average,Imported: TOTAL__average,sdu6-homo-3,sdu6-homo-3 (sdu6-homo-3),Chain 0::404,404,Chain 0,Chain 0 / GLU404,Chain 0 / GLU404,
dataset,mmpbsa_metrics.TOTAL__average,Imported: TOTAL__average,sdu6-homo-4,sdu6-homo-4 (sdu6-homo-4),Chain 0::14,14,Chain 0,Chain 0 / PHE14,Chain 0 / PHE14,-0.7372909015999997
dataset,mmpbsa_metrics.TOTAL__average,Imported: TOTAL__average,sdu6-homo-4,sdu6-homo-4 (sdu6-homo-4),Chain 0::15,15,Chain 0,Chain 0 / PRO15,Chain 0 / PRO15,
dataset,mmpbsa_metrics.TOTAL__average,Imported: TOTAL__average,sdu6-homo-4,sdu6-homo-4 (sdu6-homo-4),Chain 0::16,16,Chain 0,Chain 0 / GLY16,Chain 0 / GLY16,-0.13814615520000004
dataset,mmpbsa_metrics.TOTAL__average,Imported: TOTAL__average,sdu6-homo-4,sdu6-homo-4 (sdu6-homo-4),Chain 0::17,17,Chain 0,Chain 0 / GLN17,Chain 0 / GLN17,-0.04349639039999982
dataset,mmpbsa_metrics.TOTAL__average,Imported: TOTAL__average,sdu6-homo-4,sdu6-homo-4 (sdu6-homo-4),Chain 0::18,18,Chain 0,Chain 0 / GLY18,Chain 0 / GLY18,-0.06845271359999999
dataset,mmpbsa_metrics.TOTAL__average,Imported: TOTAL__average,sdu6-homo-4,sdu6-homo-4 (sdu6-homo-4),Chain 0::19,19,Chain 0,Chain 0 / HISD19,Chain 0 / HISD19,-0.5261871328
dataset,mmpbsa_metrics.TOTAL__average,Imported: TOTAL__average,sdu6-homo-4,sdu6-homo-4 (sdu6-homo-4),Chain 0::83,83,Chain 0,Chain 0 / LEU83,Chain 0 / LEU83,
dataset,mmpbsa_metrics.TOTAL__average,Imported: TOTAL__average,sdu6-homo-4,sdu6-homo-4 (sdu6-homo-4),Chain 0::84,84,Chain 0,Chain 0 / LEU84,Chain 0 / ARG84,
dataset,mmpbsa_metrics.TOTAL__average,Imported: TOTAL__average,sdu6-homo-4,sdu6-homo-4 (sdu6-homo-4),Chain 0::85,85,Chain 0,Chain 0 / ASP85,Chain 0 / ASP85,
dataset,mmpbsa_metrics.TOTAL__average,Imported: TOTAL__average,sdu6-homo-4,sdu6-homo-4 (sdu6-homo-4),Chain 0::86,86,Chain 0,Chain 0 / LEU86,Chain 0 / LEU86,-1.558786228
dataset,mmpbsa_metrics.TOTAL__average,Imported: TOTAL__average,sdu6-homo-4,sdu6-homo-4 (sdu6-homo-4),Chain 0::89,89,Chain 0,Chain 0 / TYR89,Chain 0 / TYR89,
dataset,mmpbsa_metrics.TOTAL__average,Imported: TOTAL__average,sdu6-homo-4,sdu6-homo-4 (sdu6-homo-4),Chain 0::90,90,Chain 0,Chain 0 / LEU90,Chain 0 / LEU90,
dataset,mmpbsa_metrics.TOTAL__average,Imported: TOTAL__average,sdu6-homo-4,sdu6-homo-4 (sdu6-homo-4),Chain 0::122,122,Chain 0,Chain 0 / PRO122,Chain 0 / PRO122,-0.024580038400000073
dataset,mmpbsa_metrics.TOTAL__average,Imported: TOTAL__average,sdu6-homo-4,sdu6-homo-4 (sdu6-homo-4),Chain 0::123,123,Chain 0,Chain 0 / PHE123,Chain 0 / PHE123,-0.7532487680000002
dataset,mmpbsa_metrics.TOTAL__average,Imported: TOTAL__average,sdu6-homo-4,sdu6-homo-4 (sdu6-homo-4),Chain 0::143,143,Chain 0,Chain 0 / VAL143,Chain 0 / VAL143,-0.033869519199999976
dataset,mmpbsa_metrics.TOTAL__average,Imported: TOTAL__average,sdu6-homo-4,sdu6-homo-4 (sdu6-homo-4),Chain 0::144,144,Chain 0,Chain 0 / GLN144,Chain 0 / GLN144,-0.002360987199999858
dataset,mmpbsa_metrics.TOTAL__average,Imported: TOTAL__average,sdu6-homo-4,sdu6-homo-4 (sdu6-homo-4),Chain 0::152,152,Chain 0,Chain 0 / TYR152,Chain 0 / TYR152,
dataset,mmpbsa_metrics.TOTAL__average,Imported: TOTAL__average,sdu6-homo-4,sdu6-homo-4 (sdu6-homo-4),Chain 0::188,188,Chain 0,Chain 0 / PHE188,Chain 0 / PHE188,-0.5204133088000001
dataset,mmpbsa_metrics.TOTAL__average,Imported: TOTAL__average,sdu6-homo-4,sdu6-homo-4 (sdu6-homo-4),Chain 0::195,195,Chain 0,Chain 0 / TYR195,Chain 0 / TYR195,
dataset,mmpbsa_metrics.TOTAL__average,Imported: TOTAL__average,sdu6-homo-4,sdu6-homo-4 (sdu6-homo-4),Chain 0::198,198,Chain 0,Chain 0 / LEU198,Chain 0 / LEU198,-0.2772707479999999
dataset,mmpbsa_metrics.TOTAL__average,Imported: TOTAL__average,sdu6-homo-4,sdu6-homo-4 (sdu6-homo-4),Chain 0::201,201,Chain 0,Chain 0 / ALA201,Chain 0 / ALA201,-0.0028777448000000083
dataset,mmpbsa_metrics.TOTAL__average,Imported: TOTAL__average,sdu6-homo-4,sdu6-homo-4 (sdu6-homo-4),Chain 0::202,202,Chain 0,Chain 0 / ILE202,Chain 0 / ILE202,-0.04191045279999997
dataset,mmpbsa_metrics.TOTAL__average,Imported: TOTAL__average,sdu6-homo-4,sdu6-homo-4 (sdu6-homo-4),Chain 0::258,258,Chain 0,Chain 0 / PHE258,Chain 0 / PHE258,
dataset,mmpbsa_metrics.TOTAL__average,Imported: TOTAL__average,sdu6-homo-4,sdu6-homo-4 (sdu6-homo-4),Chain 0::283,283,Chain 0,Chain 0 / SER283,Chain 0 / SER283,-0.054655706400000136
dataset,mmpbsa_metrics.TOTAL__average,Imported: TOTAL__average,sdu6-homo-4,sdu6-homo-4 (sdu6-homo-4),Chain 0::284,284,Chain 0,Chain 0 / VAL284,Chain 0 / VAL284,-0.8218066088
dataset,mmpbsa_metrics.TOTAL__average,Imported: TOTAL__average,sdu6-homo-4,sdu6-homo-4 (sdu6-homo-4),Chain 0::285,285,Chain 0,Chain 0 / VAL285,Chain 0 / VAL285,
dataset,mmpbsa_metrics.TOTAL__average,Imported: TOTAL__average,sdu6-homo-4,sdu6-homo-4 (sdu6-homo-4),Chain 0::286,286,Chain 0,Chain 0 / TYR286,Chain 0 / PHE286,
dataset,mmpbsa_metrics.TOTAL__average,Imported: TOTAL__average,sdu6-homo-4,sdu6-homo-4 (sdu6-homo-4),Chain 0::362,362,Chain 0,Chain 0 / ASN362,Chain 0 / ASN362,-0.053603139200000476
dataset,mmpbsa_metrics.TOTAL__average,Imported: TOTAL__average,sdu6-homo-4,sdu6-homo-4 (sdu6-homo-4),Chain 0::380,380,Chain 0,Chain 0 / TRP380,Chain 0 / TRP380,-1.0883940632
dataset,mmpbsa_metrics.TOTAL__average,Imported: TOTAL__average,sdu6-homo-4,sdu6-homo-4 (sdu6-homo-4),Chain 0::381,381,Chain 0,Chain 0 / GLY381,Chain 0 / GLY381,-0.08710479359999998
dataset,mmpbsa_metrics.TOTAL__average,Imported: TOTAL__average,sdu6-homo-4,sdu6-homo-4 (sdu6-homo-4),Chain 0::382,382,Chain 0,Chain 0 / ASP382,Chain 0 / ASP382,0.12938347039999984
dataset,mmpbsa_metrics.TOTAL__average,Imported: TOTAL__average,sdu6-homo-4,sdu6-homo-4 (sdu6-homo-4),Chain 0::383,383,Chain 0,Chain 0 / GLN383,Chain 0 / GLN383,
dataset,mmpbsa_metrics.TOTAL__average,Imported: TOTAL__average,sdu6-homo-4,sdu6-homo-4 (sdu6-homo-4),Chain 0::404,404,Chain 0,Chain 0 / GLU404,Chain 0 / GLU404,
