chain,residue_index,residue_name,residue_number,atom_count,target_chain,target_residue_index,target_residue_name,target_residue_number,ca_to_target_centroid_nm,ca_to_target_centroid_angstrom,ca_to_target_any_atom_min_nm,ca_to_target_any_atom_min_angstrom,any_atom_to_any_atom_min_nm,any_atom_to_any_atom_min_angstrom,source_min_atom_name,target_min_atom_name
0,0,MET,1,8,0,473,esc,474,4.882321834564209,48.82321834564209,4.581206798553467,45.81206798553467,4.380033016204834,43.80033016204834,O,O6
0,1,PRO,2,7,0,473,esc,474,4.625917434692383,46.25917434692383,4.329007625579834,43.29007625579834,4.1856255531311035,41.856255531311035,O,O6
0,2,PRO,3,7,0,473,esc,474,4.251967430114746,42.51967430114746,3.9527971744537354,39.52797174453735,3.8694047927856445,38.694047927856445,CB,O6
0,3,GLU,4,9,0,473,esc,474,4.079619407653809,40.796194076538086,3.7981908321380615,37.981908321380615,3.5725626945495605,35.725626945495605,O,O6
0,4,PRO,5,7,0,473,esc,474,3.7637109756469727,37.63710975646973,3.4952948093414307,34.95294809341431,3.3890111446380615,33.890111446380615,C,O6
0,5,LEU,6,8,0,473,esc,474,3.449186086654663,34.49186086654663,3.169752836227417,31.69752836227417,3.0446929931640625,30.446929931640625,CD1,O6
0,6,VAL,7,7,0,473,esc,474,3.2535295486450195,32.535295486450195,2.989598274230957,29.89598274230957,2.7888145446777344,27.888145446777344,O,O6
0,7,HIS,8,10,0,473,esc,474,2.9578957557678223,29.578957557678223,2.706159830093384,27.061598300933838,2.4982752799987793,24.982752799987793,NE2,O6
0,8,VAL,9,7,0,473,esc,474,2.5898194313049316,25.898194313049316,2.3431506156921387,23.431506156921387,2.215075731277466,22.150757312774658,CG2,O6
0,9,LEU,10,8,0,473,esc,474,2.2943437099456787,22.943437099456787,2.0664420127868652,20.664420127868652,1.9035757780075073,19.035757780075073,O,O6
0,10,LEU,11,8,0,473,esc,474,1.9430127143859863,19.430127143859863,1.6980361938476562,16.980361938476562,1.6297426223754883,16.297426223754883,C,O6
0,11,VAL,12,7,0,473,esc,474,1.669417381286621,16.69417381286621,1.469806432723999,14.69806432723999,1.261151909828186,12.61151909828186,O,O6
0,12,SER,13,6,0,473,esc,474,1.3264703750610352,13.264703750610352,1.1096711158752441,11.096711158752441,0.9823411107063293,9.823411107063293,OG,O6
0,13,PHE,14,11,0,473,esc,474,0.9923456907272339,9.923456907272339,0.8126751184463501,8.126751184463501,0.36053022742271423,3.6053022742271423,CE2,O8
0,14,PRO,15,7,0,473,esc,474,1.038813829421997,10.38813829421997,0.7506251335144043,7.506251335144043,0.6349526643753052,6.349526643753052,C,O8
0,15,GLY,16,4,0,473,esc,474,0.7620728015899658,7.620728015899658,0.4390057325363159,4.390057325363159,0.4390057325363159,4.390057325363159,CA,O8
0,16,GLN,17,9,0,473,esc,474,1.004734992980957,10.04734992980957,0.6878407597541809,6.878407597541809,0.558410108089447,5.58410108089447,N,O8
0,17,GLY,18,4,0,473,esc,474,0.9074493050575256,9.074493050575256,0.5454989075660706,5.454989075660706,0.5454989075660706,5.454989075660706,CA,O6
0,18,HISD,19,10,0,473,esc,474,0.9689105749130249,9.689105749130249,0.6353504061698914,6.353504061698914,0.3466843366622925,3.466843366622925,NE2,O6
0,19,VAL,20,7,0,473,esc,474,1.2808090448379517,12.808090448379517,0.9575639963150024,9.575639963150024,0.8120670914649963,8.120670914649963,N,O6
0,20,ASN,21,8,0,473,esc,474,1.4385000467300415,14.385000467300415,1.0801301002502441,10.801301002502441,0.9834808707237244,9.834808707237244,N,O6
0,21,PRO,22,7,0,473,esc,474,1.5222232341766357,15.222232341766357,1.1640576124191284,11.640576124191284,0.9383376240730286,9.383376240730286,CG,O6
0,22,LEU,23,8,0,473,esc,474,1.5840364694595337,15.840364694595337,1.2536512613296509,12.536512613296509,1.1731244325637817,11.731244325637817,N,O6
0,23,LEU,24,8,0,473,esc,474,1.809597373008728,18.09597373008728,1.4714163541793823,14.714163541793823,1.354876160621643,13.54876160621643,N,O6
0,24,ARG,25,11,0,473,esc,474,2.0053329467773438,20.053329467773438,1.6482797861099243,16.482797861099243,1.3634029626846313,13.634029626846313,NH1,O6
0,25,LEU,26,8,0,473,esc,474,2.0604166984558105,20.604166984558105,1.7221537828445435,17.221537828445435,1.6114919185638428,16.114919185638428,CD2,O6
0,26,GLY,27,4,0,473,esc,474,2.1763861179351807,21.763861179351807,1.8522294759750366,18.522294759750366,1.7670433521270752,17.670433521270752,N,O6
0,27,LEU,28,8,0,473,esc,474,2.4403157234191895,24.403157234191895,2.0972602367401123,20.972602367401123,1.971725344657898,19.71725344657898,N,O6
0,28,ARG,29,11,0,473,esc,474,2.546868324279785,25.46868324279785,2.2042441368103027,22.042441368103027,2.107804775238037,21.07804775238037,CG,O6
0,29,LEU,30,8,0,473,esc,474,2.6196584701538086,26.196584701538086,2.29964017868042,22.9964017868042,2.0091423988342285,20.091423988342285,CD1,O6
0,30,ALA,31,5,0,473,esc,474,2.8088889122009277,28.088889122009277,2.4832584857940674,24.832584857940674,2.3751473426818848,23.751473426818848,N,O6
0,31,GLU,32,9,0,473,esc,474,3.005781888961792,30.05781888961792,2.6636993885040283,26.636993885040283,2.5149457454681396,25.149457454681396,OE2,O6
0,32,ARG,33,11,0,473,esc,474,3.1168131828308105,31.168131828308105,2.7882962226867676,27.882962226867676,2.6749610900878906,26.749610900878906,CG,O6
0,33,GLY,34,4,0,473,esc,474,3.2682394981384277,32.68239498138428,2.9522759914398193,29.522759914398193,2.868762731552124,28.68762731552124,N,O6
0,34,LEU,35,8,0,473,esc,474,3.0079574584960938,30.079574584960938,2.710658311843872,27.10658311843872,2.5730130672454834,25.730130672454834,CD1,O6
0,35,LEU,36,8,0,473,esc,474,2.9365456104278564,29.365456104278564,2.652399778366089,26.52399778366089,2.473738193511963,24.73738193511963,O,O6
0,36,VAL,37,7,0,473,esc,474,2.561548948287964,25.61548948287964,2.277263641357422,22.77263641357422,2.0587422847747803,20.587422847747803,CG1,O6
0,37,THR,38,7,0,473,esc,474,2.389192581176758,23.891925811767578,2.132552146911621,21.32552146911621,1.9326987266540527,19.326987266540527,O,O6
0,38,PHE,39,11,0,473,esc,474,2.0403027534484863,20.403027534484863,1.7825090885162354,17.825090885162354,1.333245038986206,13.33245038986206,CZ,O6
0,39,THR,40,7,0,473,esc,474,1.8866268396377563,18.866268396377563,1.647472620010376,16.47472620010376,1.4473894834518433,14.473894834518433,O,O8
0,40,THR,41,7,0,473,esc,474,1.553670883178711,15.53670883178711,1.3014016151428223,13.014016151428223,1.075759768486023,10.75759768486023,OG1,O8
0,41,PRO,42,7,0,473,esc,474,1.56707763671875,15.6707763671875,1.3183856010437012,13.183856010437012,1.1533645391464233,11.533645391464233,CG,O8
0,42,ALA,43,5,0,473,esc,474,1.8731340169906616,18.731340169906616,1.5931936502456665,15.931936502456665,1.491883635520935,14.91883635520935,N,O8
0,43,TRP,44,14,0,473,esc,474,1.741901159286499,17.41901159286499,1.4472770690917969,14.472770690917969,0.8579843640327454,8.579843640327454,CH2,O8
0,44,MET,45,8,0,473,esc,474,1.5336544513702393,15.336544513702393,1.208106279373169,12.08106279373169,0.9177743792533875,9.177743792533875,CE,O8
0,45,GLY,46,4,0,473,esc,474,1.8685719966888428,18.685719966888428,1.5448238849639893,15.448238849639893,1.4157553911209106,14.157553911209106,N,O8
0,46,GLU,47,9,0,473,esc,474,2.045774221420288,20.45774221420288,1.712733268737793,17.12733268737793,1.6366982460021973,16.366982460021973,N,O8
0,47,LYS,48,9,0,473,esc,474,1.832088828086853,18.32088828086853,1.4862948656082153,14.862948656082153,1.301475167274475,13.014751672744751,CG,O8
0,48,MET,49,8,0,473,esc,474,1.8948179483413696,18.948179483413696,1.546155333518982,15.46155333518982,1.3586167097091675,13.586167097091675,SD,O8
0,49,ARG,50,11,0,473,esc,474,2.242922306060791,22.42922306060791,1.8950700759887695,18.950700759887695,1.7508081197738647,17.508081197738647,N,O8
0,50,LYS,51,9,0,473,esc,474,2.288534641265869,22.88534641265869,1.9380320310592651,19.38032031059265,1.8881011009216309,18.88101100921631,N,O8
0,51,ALA,52,5,0,473,esc,474,2.158682107925415,21.58682107925415,1.8098602294921875,18.098602294921875,1.6608881950378418,16.608881950378418,CB,O8
0,52,SER,53,6,0,473,esc,474,2.257580280303955,22.57580280303955,1.9133583307266235,19.133583307266235,1.7033066749572754,17.033066749572754,OG,O8
0,53,GLY,54,4,0,473,esc,474,2.529849052429199,25.298490524291992,2.182050943374634,21.820509433746338,2.055039644241333,20.55039644241333,N,O8
0,54,VAL,55,7,0,473,esc,474,2.4302873611450195,24.302873611450195,2.092719316482544,20.92719316482544,1.8725665807724,18.725665807724,CG2,O8
0,55,THR,56,7,0,473,esc,474,2.7318930625915527,27.318930625915527,2.4010281562805176,24.010281562805176,2.2875752449035645,22.875752449035645,N,O8
0,56,GLU,57,9,0,473,esc,474,2.832366704940796,28.32366704940796,2.520258903503418,25.20258903503418,2.4955694675445557,24.955694675445557,CG,O8
0,57,GLU,58,9,0,473,esc,474,3.1220688819885254,31.220688819885254,2.811802387237549,28.11802387237549,2.673269271850586,26.73269271850586,O,O8
0,58,PRO,59,7,0,473,esc,474,3.0352518558502197,30.352518558502197,2.742896556854248,27.42896556854248,2.742896556854248,27.42896556854248,CA,O8
0,59,TYR,60,12,0,473,esc,474,2.9865880012512207,29.865880012512207,2.673576593399048,26.73576593399048,2.2773730754852295,22.773730754852295,OH,O8
0,60,PRO,61,7,0,473,esc,474,3.23716139793396,32.3716139793396,2.9106557369232178,29.106557369232178,2.832263708114624,28.32263708114624,N,O6
0,61,VAL,62,7,0,473,esc,474,3.0335428714752197,30.335428714752197,2.692779302597046,26.92779302597046,2.4799654483795166,24.799654483795166,CG2,O6
0,62,GLY,63,4,0,473,esc,474,3.265570878982544,32.65570878982544,2.9197189807891846,29.197189807891846,2.8392186164855957,28.392186164855957,N,O6
0,63,LYS,64,9,0,473,esc,474,3.472667694091797,34.72667694091797,3.1394693851470947,31.394693851470947,3.0497608184814453,30.497608184814453,N,O6
0,64,GLY,65,4,0,473,esc,474,3.2104082107543945,32.104082107543945,2.8916077613830566,28.916077613830566,2.8717753887176514,28.717753887176514,C,O6
0,65,GLU,66,9,0,473,esc,474,3.052184581756592,30.521845817565918,2.7420573234558105,27.420573234558105,2.5444295406341553,25.444295406341553,O,O6
0,66,ILE,67,8,0,473,esc,474,2.714627265930176,27.146272659301758,2.41209077835083,24.1209077835083,2.0443360805511475,20.443360805511475,CD1,O6
0,67,ARG,68,11,0,473,esc,474,2.6405322551727295,26.405322551727295,2.363621473312378,23.63621473312378,2.1704466342926025,21.704466342926025,O,O6
0,68,PHE,69,11,0,473,esc,474,2.3648641109466553,23.648641109466553,2.0814859867095947,20.814859867095947,1.830032467842102,18.30032467842102,CE2,O8
0,69,GLU,70,9,0,473,esc,474,2.3588151931762695,23.588151931762695,2.0925240516662598,20.925240516662598,1.88706636428833,18.8706636428833,O,O8
0,70,PHE,71,11,0,473,esc,474,2.1942782402038574,21.942782402038574,1.9181777238845825,19.181777238845825,1.6513912677764893,16.513912677764893,CE2,O8
0,71,PHE,72,11,0,473,esc,474,2.306652307510376,23.06652307510376,2.0587575435638428,20.587575435638428,1.8973898887634277,18.973898887634277,CE1,O8
0,72,GLU,73,9,0,473,esc,474,2.331049919128418,23.31049919128418,2.10207200050354,21.0207200050354,2.092419147491455,20.92419147491455,C,O8
0,73,ASP,74,8,0,473,esc,474,2.151628017425537,21.51628017425537,1.9703733921051025,19.703733921051025,1.6063319444656372,16.063319444656372,OD2,O8
0,74,GLY,75,4,0,473,esc,474,2.2424304485321045,22.424304485321045,2.0720856189727783,20.720856189727783,1.9957916736602783,19.957916736602783,C,O8
0,75,TRP,76,14,0,473,esc,474,1.955044150352478,19.55044150352478,1.7818478345870972,17.81847834587097,1.6583088636398315,16.583088636398315,CB,O8
0,76,ALA,77,5,0,473,esc,474,2.020379066467285,20.20379066467285,1.8141151666641235,18.141151666641235,1.588343858718872,15.88343858718872,O,O8
0,77,PRO,78,7,0,473,esc,474,1.788943886756897,17.88943886756897,1.5443975925445557,15.443975925445557,1.3880842924118042,13.880842924118042,O,O8
0,78,ASP,79,8,0,473,esc,474,1.8128560781478882,18.128560781478882,1.6073647737503052,16.07364773750305,1.6073647737503052,16.07364773750305,CA,O8
0,79,GLU,80,9,0,473,esc,474,1.7751669883728027,17.751669883728027,1.6248104572296143,16.248104572296143,1.4108326435089111,14.108326435089111,O,O8
0,80,PRO,81,7,0,473,esc,474,1.6077357530593872,16.077357530593872,1.4930568933486938,14.930568933486938,1.3053157329559326,13.053157329559326,O,O2
0,81,ARG,82,11,0,473,esc,474,1.529415249824524,15.29415249824524,1.3974956274032593,13.974956274032593,1.2653331756591797,12.653331756591797,O,O2
0,82,LEU,83,8,0,473,esc,474,1.2462337017059326,12.462337017059326,1.1392103433609009,11.392103433609009,0.9019449949264526,9.019449949264526,O,C9
0,83,ARG,84,11,0,473,esc,474,1.0754107236862183,10.754107236862183,0.9609380960464478,9.609380960464478,0.8421816825866699,8.4218168258667,O,O2
0,84,ASP,85,8,0,473,esc,474,1.0426573753356934,10.426573753356934,0.8263680934906006,8.263680934906006,0.8029882907867432,8.029882907867432,C,O2
0,85,LEU,86,8,0,473,esc,474,0.90108323097229,9.0108323097229,0.6967884302139282,6.967884302139282,0.33404648303985596,3.3404648303985596,CD1,O2
0,86,ASP,87,8,0,473,esc,474,1.2388306856155396,12.388306856155396,0.9791401624679565,9.791401624679565,0.8555372953414917,8.555372953414917,N,O2
0,87,VAL,88,7,0,473,esc,474,1.4451091289520264,14.451091289520264,1.242888331413269,12.42888331413269,1.127669095993042,11.27669095993042,N,O2
0,88,TYR,89,12,0,473,esc,474,1.2064108848571777,12.064108848571777,1.105112075805664,11.05112075805664,0.7975007891654968,7.975007891654968,CE2,C9
0,89,LEU,90,8,0,473,esc,474,1.1431069374084473,11.431069374084473,1.0779731273651123,10.779731273651123,0.7716203927993774,7.716203927993774,CD1,C5
0,90,PRO,91,7,0,473,esc,474,1.5186936855316162,15.186936855316162,1.4308604001998901,14.308604001998901,1.2448575496673584,12.448575496673584,CD,O2
0,91,GLN,92,9,0,473,esc,474,1.6620306968688965,16.620306968688965,1.6023920774459839,16.02392077445984,1.509083867073059,15.09083867073059,N,O2
0,92,LEU,93,8,0,473,esc,474,1.4760162830352783,14.760162830352783,1.4247310161590576,14.247310161590576,1.0788465738296509,10.788465738296509,CD2,O8
0,93,GLU,94,9,0,473,esc,474,1.6202312707901,16.202312707901,1.6009429693222046,16.009429693222046,1.5076355934143066,15.076355934143066,N,C9
0,94,LYS,95,9,0,473,esc,474,1.9690890312194824,19.690890312194824,1.9385031461715698,19.3850314617157,1.800934076309204,18.00934076309204,N,C9
0,95,VAL,96,7,0,473,esc,474,1.9519084692001343,19.519084692001343,1.8792049884796143,18.792049884796143,1.7543108463287354,17.543108463287354,CG1,O8
0,96,GLY,97,4,0,473,esc,474,1.8319177627563477,18.319177627563477,1.7587214708328247,17.587214708328247,1.7587214708328247,17.587214708328247,CA,O8
0,97,SER,98,6,0,473,esc,474,2.1256911754608154,21.256911754608154,2.089643716812134,20.896437168121338,1.9615023136138916,19.615023136138916,N,O8
0,98,VAL,99,7,0,473,esc,474,2.3690617084503174,23.690617084503174,2.289273738861084,22.89273738861084,2.188905954360962,21.88905954360962,N,O8
0,99,VAL,100,7,0,473,esc,474,2.2786691188812256,22.786691188812256,2.1453983783721924,21.453983783721924,1.9025473594665527,19.025473594665527,CG2,O8
0,100,ILE,101,8,0,473,esc,474,2.17738676071167,21.7738676071167,2.05241322517395,20.524132251739502,1.7834690809249878,17.834690809249878,CD1,O8
0,101,PRO,102,7,0,473,esc,474,2.5159006118774414,25.159006118774414,2.4127132892608643,24.127132892608643,2.232130765914917,22.32130765914917,CD,O8
0,102,GLU,103,9,0,473,esc,474,2.6760923862457275,26.760923862457275,2.5355749130249023,25.355749130249023,2.462585210800171,24.62585210800171,N,O8
0,103,LEU,104,8,0,473,esc,474,2.5735561847686768,25.735561847686768,2.4020817279815674,24.020817279815674,2.092799663543701,20.92799663543701,CD2,O8
0,104,VAL,105,7,0,473,esc,474,2.698046922683716,26.980469226837158,2.55553936958313,25.5553936958313,2.38948655128479,23.8948655128479,CG2,O6
0,105,ARG,106,11,0,473,esc,474,3.022368907928467,30.223689079284668,2.879617691040039,28.79617691040039,2.740457773208618,27.40457773208618,NH2,O8
0,106,ARG,107,11,0,473,esc,474,3.0558743476867676,30.558743476867676,2.872544050216675,28.725440502166748,2.501845121383667,25.01845121383667,NH2,O8
0,107,GLU,108,9,0,473,esc,474,3.0060031414031982,30.060031414031982,2.8168890476226807,28.168890476226807,2.571499824523926,25.714998245239258,CG,O8
0,108,ALA,109,5,0,473,esc,474,3.28151798248291,32.8151798248291,3.109219551086426,31.092195510864258,2.9863500595092773,29.863500595092773,N,O6
0,109,GLU,110,9,0,473,esc,474,3.4773306846618652,34.77330684661865,3.2959392070770264,32.959392070770264,3.199472188949585,31.99472188949585,N,O8
0,110,ARG,111,11,0,473,esc,474,3.4562504291534424,34.562504291534424,3.2451412677764893,32.45141267776489,2.836507558822632,28.36507558822632,NH1,O8
0,111,GLY,112,4,0,473,esc,474,3.6031875610351562,36.03187561035156,3.3945472240448,33.945472240448,3.3063831329345703,33.0638313293457,C,O6
0,112,ARG,113,11,0,473,esc,474,3.3113672733306885,33.113672733306885,3.091979742050171,30.91979742050171,2.839360475540161,28.39360475540161,NH2,O8
0,113,PRO,114,7,0,473,esc,474,3.2032010555267334,32.032010555267334,3.0093863010406494,30.093863010406494,2.880943536758423,28.80943536758423,C,O6
0,114,VAL,115,7,0,473,esc,474,2.844949245452881,28.44949245452881,2.6497983932495117,26.497983932495117,2.4167115688323975,24.167115688323975,CG1,O6
0,115,SER,116,6,0,473,esc,474,2.902022123336792,29.02022123336792,2.697223424911499,26.97223424911499,2.5860538482666016,25.860538482666016,C,O6
0,116,CYS,117,6,0,473,esc,474,2.541583776473999,25.41583776473999,2.336094617843628,23.36094617843628,2.1959376335144043,21.959376335144043,SG,O6
0,117,LEU,118,8,0,473,esc,474,2.1903514862060547,21.903514862060547,2.004960298538208,20.04960298538208,1.8862050771713257,18.862050771713257,C,O6
0,118,ILE,119,8,0,473,esc,474,1.9089335203170776,19.089335203170776,1.689260721206665,16.89260721206665,1.5372354984283447,15.372354984283447,O,O6
0,119,ASN,120,8,0,473,esc,474,1.5259182453155518,15.259182453155518,1.3201415538787842,13.201415538787842,1.2047654390335083,12.047654390335083,C,O6
0,120,ASN,121,8,0,473,esc,474,1.1831326484680176,11.831326484680176,0.9589748978614807,9.589748978614807,0.8447608351707458,8.447608351707458,OD1,O6
0,121,PRO,122,7,0,473,esc,474,0.9237380027770996,9.237380027770996,0.7981716394424438,7.9817163944244385,0.7082613706588745,7.082613706588745,O,O6
0,122,PHE,123,11,0,473,esc,474,0.8037667274475098,8.037667274475098,0.7855573892593384,7.855573892593384,0.33372747898101807,3.3372747898101807,CE1,C12
0,123,ILE,124,8,0,473,esc,474,1.1500033140182495,11.500033140182495,1.114788293838501,11.14788293838501,0.9856430292129517,9.856430292129517,N,C11
0,124,PRO,125,7,0,473,esc,474,1.409453272819519,14.09453272819519,1.3703508377075195,13.703508377075195,1.1912028789520264,11.912028789520264,CD,C1
0,125,TRP,126,14,0,473,esc,474,1.6768646240234375,16.768646240234375,1.660874843597412,16.60874843597412,1.3800932168960571,13.800932168960571,NE1,C10
0,126,VAL,127,7,0,473,esc,474,1.7676069736480713,17.676069736480713,1.6945115327835083,16.945115327835083,1.514021396636963,15.140213966369629,CG2,O6
0,127,SER,128,6,0,473,esc,474,1.951383113861084,19.51383113861084,1.8821932077407837,18.821932077407837,1.7750855684280396,17.750855684280396,N,O6
0,128,ASP,129,8,0,473,esc,474,2.122373342514038,21.22373342514038,2.090397357940674,20.90397357940674,1.9461846351623535,19.461846351623535,OD2,C3
0,129,VAL,130,7,0,473,esc,474,2.2204196453094482,22.204196453094482,2.1717872619628906,21.717872619628906,2.0722169876098633,20.722169876098633,CG2,C11
0,130,ALA,131,5,0,473,esc,474,2.372492551803589,23.72492551803589,2.2762649059295654,22.762649059295654,2.1887683868408203,21.887683868408203,CB,O6
0,131,GLU,132,9,0,473,esc,474,2.5561797618865967,25.561797618865967,2.496814012527466,24.968140125274658,2.3802616596221924,23.802616596221924,N,O6
0,132,SER,133,6,0,473,esc,474,2.677365303039551,26.773653030395508,2.6398212909698486,26.398212909698486,2.5548012256622314,25.548012256622314,N,O6
0,133,LEU,134,8,0,473,esc,474,2.811241865158081,28.11241865158081,2.7306392192840576,27.306392192840576,2.502993583679199,25.029935836791992,CD1,O6
0,134,GLY,135,4,0,473,esc,474,2.941516876220703,29.41516876220703,2.8431577682495117,28.431577682495117,2.7742044925689697,27.742044925689697,N,O6
0,135,LEU,136,8,0,473,esc,474,2.767700433731079,27.67700433731079,2.628089427947998,26.28089427947998,2.4354987144470215,24.354987144470215,O,O6
0,136,PRO,137,7,0,473,esc,474,2.6178200244903564,26.178200244903564,2.450295925140381,24.50295925140381,2.2489383220672607,22.489383220672607,O,O6
0,137,SER,138,6,0,473,esc,474,2.2505695819854736,22.505695819854736,2.090938091278076,20.90938091278076,1.948103666305542,19.48103666305542,OG,O6
0,138,ALA,139,5,0,473,esc,474,2.056706428527832,20.56706428527832,1.8638981580734253,18.638981580734253,1.6729822158813477,16.729822158813477,O,O6
0,139,MET,140,8,0,473,esc,474,1.6811697483062744,16.811697483062744,1.4818319082260132,14.818319082260132,1.1837908029556274,11.837908029556274,CE,O6
0,140,LEU,141,8,0,473,esc,474,1.5564082860946655,15.564082860946655,1.2993186712265015,12.993186712265015,1.0702325105667114,10.702325105667114,O,O6
0,141,TRP,142,14,0,473,esc,474,1.3360936641693115,13.360936641693115,1.1094512939453125,11.094512939453125,1.0223952531814575,10.223952531814575,C,O6
0,142,VAL,143,7,0,473,esc,474,1.1079121828079224,11.079121828079224,0.8226711750030518,8.226711750030518,0.5867314338684082,5.867314338684082,CG2,O6
0,143,GLN,144,9,0,473,esc,474,0.9664964079856873,9.664964079856873,0.7730644345283508,7.730644345283508,0.5870950818061829,5.870950818061829,NE2,C1
0,144,SER,145,6,0,473,esc,474,1.254765272140503,12.54765272140503,1.080552339553833,10.80552339553833,0.9444712996482849,9.44471299648285,N,C12
0,145,PRO,146,7,0,473,esc,474,1.5815387964248657,15.815387964248657,1.4140533208847046,14.140533208847046,1.3091416358947754,13.091416358947754,N,C12
0,146,ALA,147,5,0,473,esc,474,1.608756184577942,16.08756184577942,1.455704689025879,14.557046890258789,1.351967692375183,13.519676923751831,C,C1
0,147,CYS,148,6,0,473,esc,474,1.3034629821777344,13.034629821777344,1.1331596374511719,11.331596374511719,0.8622904419898987,8.622904419898987,SG,C1
0,148,LEU,149,8,0,473,esc,474,1.4896873235702515,14.896873235702515,1.330568552017212,13.30568552017212,1.2456897497177124,12.456897497177124,N,C1
0,149,LEU,150,8,0,473,esc,474,1.8034290075302124,18.034290075302124,1.6296629905700684,16.296629905700684,1.5129202604293823,15.129202604293823,N,C1
0,150,ALA,151,5,0,473,esc,474,1.6982951164245605,16.982951164245605,1.5052595138549805,15.052595138549805,1.400527000427246,14.005270004272461,CB,C1
0,151,TYR,152,12,0,473,esc,474,1.551527500152588,15.515275001525879,1.3558309078216553,13.558309078216553,0.8589699864387512,8.589699864387512,OH,C3
0,152,TYR,153,12,0,473,esc,474,1.8539869785308838,18.539869785308838,1.6691675186157227,16.691675186157227,1.5361944437026978,15.361944437026978,N,C1
0,153,TYR,154,12,0,473,esc,474,2.0815694332122803,20.815694332122803,1.8835780620574951,18.83578062057495,1.7797086238861084,17.797086238861084,N,C1
0,154,TYR,155,12,0,473,esc,474,1.932032823562622,19.32032823562622,1.7034754753112793,17.034754753112793,1.4650791883468628,14.650791883468628,CE2,C3
0,155,TYR,156,12,0,473,esc,474,1.9411087036132812,19.411087036132812,1.727709412574768,17.27709412574768,1.6843467950820923,16.843467950820923,CD1,C3
0,156,HIS,157,10,0,473,esc,474,2.318692445755005,23.18692445755005,2.108182430267334,21.08182430267334,1.9609125852584839,19.60912585258484,N,C3
0,157,LYS,158,9,0,473,esc,474,2.3879997730255127,23.879997730255127,2.152418375015259,21.524183750152588,1.9959888458251953,19.959888458251953,NZ,C3
0,158,LEU,159,8,0,473,esc,474,2.5438742637634277,25.438742637634277,2.324291467666626,23.24291467666626,2.226450204849243,22.26450204849243,N,C3
0,159,VAL,160,7,0,473,esc,474,2.4690372943878174,24.690372943878174,2.2369799613952637,22.369799613952637,2.043429136276245,20.43429136276245,CG2,C3
0,160,PRO,161,7,0,473,esc,474,2.4269909858703613,24.269909858703613,2.1753861904144287,21.753861904144287,2.0747439861297607,20.747439861297607,C,C3
0,161,PHE,162,11,0,473,esc,474,2.1244149208068848,21.244149208068848,1.8732401132583618,18.732401132583618,1.5945112705230713,15.945112705230713,CE2,C3
0,162,PRO,163,7,0,473,esc,474,2.193843364715576,21.93843364715576,1.9396021366119385,19.396021366119385,1.7643009424209595,17.643009424209595,O,C3
0,163,SER,164,6,0,473,esc,474,2.2221946716308594,22.221946716308594,1.943272352218628,19.43272352218628,1.943272352218628,19.43272352218628,CA,O2
0,164,GLU,165,9,0,473,esc,474,2.3844006061553955,23.844006061553955,2.0660204887390137,20.660204887390137,1.916226863861084,19.16226863861084,CG,O2
0,165,GLU,166,9,0,473,esc,474,2.7486190795898438,27.486190795898438,2.440502166748047,24.40502166748047,2.2982232570648193,22.982232570648193,N,O2
0,166,ASN,167,8,0,473,esc,474,2.6838574409484863,26.838574409484863,2.4141016006469727,24.141016006469727,2.231351375579834,22.31351375579834,O,C3
0,167,PRO,168,7,0,473,esc,474,2.4742653369903564,24.742653369903564,2.214463949203491,22.144639492034912,2.200002908706665,22.00002908706665,O,C3
0,168,LYS,169,9,0,473,esc,474,2.6864545345306396,26.864545345306396,2.4505558013916016,24.505558013916016,2.387218713760376,23.87218713760376,N,C3
0,169,ILE,170,8,0,473,esc,474,2.5862009525299072,25.862009525299072,2.3498520851135254,23.498520851135254,2.1999902725219727,21.999902725219727,O,C3
0,170,ASP,171,8,0,473,esc,474,2.5431675910949707,25.431675910949707,2.330411434173584,23.30411434173584,2.2739226818084717,22.739226818084717,C,C3
0,171,VAL,172,7,0,473,esc,474,2.3334178924560547,23.334178924560547,2.126469373703003,21.26469373703003,1.9395360946655273,19.395360946655273,CG1,C3
0,172,GLN,173,9,0,473,esc,474,2.4809536933898926,24.809536933898926,2.2895967960357666,22.895967960357666,2.2400476932525635,22.400476932525635,N,C1
0,173,LEU,174,8,0,473,esc,474,2.318488121032715,23.18488121032715,2.131873607635498,21.31873607635498,1.7400370836257935,17.400370836257935,CD1,C1
0,174,PRO,175,7,0,473,esc,474,2.5403594970703125,25.403594970703125,2.364178419113159,23.641784191131592,2.2015867233276367,22.015867233276367,CD,C1
0,175,LYS,176,9,0,473,esc,474,2.6054203510284424,26.054203510284424,2.445610761642456,24.45610761642456,2.3262555599212646,23.262555599212646,O,C1
0,176,LEU,177,8,0,473,esc,474,2.38883900642395,23.888390064239502,2.2288379669189453,22.288379669189453,1.9769774675369263,19.769774675369263,CD1,C1
0,177,PRO,178,7,0,473,esc,474,2.4850337505340576,24.850337505340576,2.3247339725494385,23.247339725494385,2.1367530822753906,21.367530822753906,O,C1
0,178,LEU,179,8,0,473,esc,474,2.4907453060150146,24.907453060150146,2.3146250247955322,23.146250247955322,2.213632583618164,22.13632583618164,C,C1
0,179,LEU,180,8,0,473,esc,474,2.187455654144287,21.87455654144287,2.0116939544677734,20.116939544677734,1.7050678730010986,17.050678730010986,CD1,C1
0,180,LYS,181,9,0,473,esc,474,2.2645349502563477,22.645349502563477,2.080068349838257,20.80068349838257,1.8553324937820435,18.553324937820435,O,C3
0,181,TRP,182,14,0,473,esc,474,2.147012948989868,21.47012948989868,1.9352649450302124,19.352649450302124,1.7066423892974854,17.066423892974854,O,C3
0,182,ASP,183,8,0,473,esc,474,1.9049407243728638,19.049407243728638,1.7200047969818115,17.200047969818115,1.5436080694198608,15.436080694198608,O,C3
0,183,GLU,184,9,0,473,esc,474,1.796722173690796,17.96722173690796,1.6359364986419678,16.359364986419678,1.515245795249939,15.15245795249939,O,C1
0,184,VAL,185,7,0,473,esc,474,1.6493504047393799,16.4935040473938,1.4536796808242798,14.536796808242798,1.275286316871643,12.75286316871643,O,C3
0,185,PRO,186,7,0,473,esc,474,1.2819130420684814,12.819130420684814,1.0768722295761108,10.768722295761108,1.0406363010406494,10.406363010406494,C,C3
0,186,SER,187,6,0,473,esc,474,1.1327369213104248,11.327369213104248,0.9131245613098145,9.131245613098145,0.7589837908744812,7.589837908744812,OG,O2
0,187,PHE,188,11,0,473,esc,474,1.155146598815918,11.55146598815918,0.8886983394622803,8.886983394622803,0.39075684547424316,3.9075684547424316,CE2,C3
0,188,LEU,189,8,0,473,esc,474,1.5028184652328491,15.028184652328491,1.2411056756973267,12.411056756973267,1.101296305656433,11.012963056564331,N,C3
0,189,HIS,190,10,0,473,esc,474,1.6233329772949219,16.23332977294922,1.3734171390533447,13.734171390533447,1.281862497329712,12.81862497329712,N,C3
0,190,PRO,191,7,0,473,esc,474,1.915626049041748,19.15626049041748,1.6201649904251099,16.2016499042511,1.5520161390304565,15.520161390304565,N,O2
0,191,THR,192,7,0,473,esc,474,1.8373527526855469,18.37352752685547,1.515275478363037,15.152754783630371,1.3854800462722778,13.854800462722778,O,O2
0,192,SER,193,6,0,473,esc,474,1.5336394309997559,15.336394309997559,1.186643123626709,11.86643123626709,0.9491400718688965,9.491400718688965,OG,O2
0,193,PRO,194,7,0,473,esc,474,1.7101646661758423,17.101646661758423,1.3350013494491577,13.350013494491577,1.2477407455444336,12.477407455444336,C,O2
0,194,TYR,195,12,0,473,esc,474,1.4101591110229492,14.101591110229492,1.0314698219299316,10.314698219299316,0.9028054475784302,9.028054475784302,CB,O2
0,195,PRO,196,7,0,473,esc,474,1.4347306489944458,14.347306489944458,1.1030179262161255,11.030179262161255,0.9729348421096802,9.729348421096802,O,O2
0,196,ALA,197,5,0,473,esc,474,1.1702245473861694,11.702245473861694,0.8683701157569885,8.683701157569885,0.7112905383110046,7.112905383110046,O,O2
0,197,LEU,198,8,0,473,esc,474,0.8877336382865906,8.877336382865906,0.576551079750061,5.76551079750061,0.4280715882778168,4.280715882778168,CD2,O2
0,198,ARG,199,11,0,473,esc,474,1.0825438499450684,10.825438499450684,0.8144456744194031,8.14445674419403,0.7639481425285339,7.639481425285339,N,C3
0,199,ARG,200,11,0,473,esc,474,1.1875388622283936,11.875388622283936,0.9588708281517029,9.588708281517029,0.8634727001190186,8.634727001190186,C,C3
0,200,ALA,201,5,0,473,esc,474,0.8454558253288269,8.454558253288269,0.6617194414138794,6.617194414138794,0.5168828368186951,5.168828368186951,CB,C3
0,201,ILE,202,8,0,473,esc,474,0.9230144619941711,9.230144619941711,0.7440239787101746,7.440239787101746,0.49604201316833496,4.96042013168335,CD1,C3
0,202,LEU,203,8,0,473,esc,474,1.2998454570770264,12.998454570770264,1.1108958721160889,11.108958721160889,0.9657213091850281,9.65721309185028,N,C3
0,203,GLY,204,4,0,473,esc,474,1.3235257863998413,13.235257863998413,1.1826282739639282,11.826282739639282,1.1203303337097168,11.203303337097168,N,C3
0,204,GLN,205,9,0,473,esc,474,1.351439356803894,13.51439356803894,1.240760087966919,12.40760087966919,0.8166585564613342,8.166585564613342,NE2,C1
0,205,TYR,206,12,0,473,esc,474,1.6295260190963745,16.295260190963745,1.4864919185638428,14.864919185638428,1.2162703275680542,12.162703275680542,CE1,C1
0,206,SER,207,6,0,473,esc,474,1.8251370191574097,18.251370191574097,1.6845250129699707,16.845250129699707,1.5769621133804321,15.769621133804321,N,C3
0,207,ARG,208,11,0,473,esc,474,1.850183367729187,18.50183367729187,1.753874659538269,17.53874659538269,1.5119770765304565,15.119770765304565,NH1,C3
0,208,LEU,209,8,0,473,esc,474,1.9178636074066162,19.178636074066162,1.8048940896987915,18.048940896987915,1.671252727508545,16.71252727508545,CD1,C1
0,209,ASP,210,8,0,473,esc,474,2.2934274673461914,22.934274673461914,2.1853373050689697,21.853373050689697,2.054420232772827,20.54420232772827,N,C1
0,210,LYS,211,9,0,473,esc,474,2.2738287448883057,22.738287448883057,2.196829319000244,21.96829319000244,2.124356269836426,21.243562698364258,CD,C1
0,211,PRO,212,7,0,473,esc,474,2.1841201782226562,21.841201782226562,2.0624003410339355,20.624003410339355,1.8417530059814453,18.417530059814453,CG,O6
0,212,PHE,213,11,0,473,esc,474,2.497793436050415,24.97793436050415,2.348008871078491,23.480088710784912,2.2539052963256836,22.539052963256836,N,O6
0,213,CYS,214,6,0,473,esc,474,2.305514097213745,23.05514097213745,2.121480703353882,21.21480703353882,1.8990739583969116,18.990739583969116,O,O6
0,214,ILE,215,8,0,473,esc,474,1.9770948886871338,19.770948886871338,1.788770079612732,17.88770079612732,1.6136853694915771,16.13685369491577,CG2,O6
0,215,LEU,216,8,0,473,esc,474,1.9353911876678467,19.353911876678467,1.6904296875,16.904296875,1.471575379371643,14.71575379371643,O,O6
0,216,VAL,217,7,0,473,esc,474,1.7823498249053955,17.823498249053955,1.5194976329803467,15.194976329803467,1.5194976329803467,15.194976329803467,CA,O6
0,217,GLU,218,9,0,473,esc,474,1.8271268606185913,18.271268606185913,1.5192766189575195,15.192766189575195,1.271176815032959,12.71176815032959,OE1,O6
0,218,SER,219,6,0,473,esc,474,1.9206531047821045,19.206531047821045,1.6427767276763916,16.427767276763916,1.462599515914917,14.62599515914917,OG,O6
0,219,PHE,220,11,0,473,esc,474,2.2892231941223145,22.892231941223145,2.014803647994995,20.14803647994995,1.870154619216919,18.70154619216919,N,O6
0,220,TYR,221,12,0,473,esc,474,2.4862356185913086,24.862356185913086,2.246697187423706,22.46697187423706,2.1794850826263428,21.794850826263428,N,O6
0,221,GLU,222,9,0,473,esc,474,2.6748297214508057,26.748297214508057,2.4392149448394775,24.392149448394775,2.3677752017974854,23.677752017974854,N,O6
0,222,LEU,223,8,0,473,esc,474,2.3902528285980225,23.902528285980225,2.1684560775756836,21.684560775756836,1.765393614768982,17.65393614768982,CD2,O6
0,223,GLU,224,9,0,473,esc,474,2.4212989807128906,24.212989807128906,2.2463395595550537,22.463395595550537,2.1401426792144775,21.401426792144775,CB,C12
0,224,LYS,225,9,0,473,esc,474,2.6598031520843506,26.598031520843506,2.4775278568267822,24.775278568267822,2.4243288040161133,24.243288040161133,N,O6
0,225,GLU,226,9,0,473,esc,474,2.7197425365448,27.197425365447998,2.554007053375244,25.54007053375244,2.435175657272339,24.35175657272339,C,C12
0,226,VAL,227,7,0,473,esc,474,2.3631749153137207,23.631749153137207,2.2021920680999756,22.021920680999756,1.9615364074707031,19.61536407470703,CG1,C12
0,227,ILE,228,8,0,473,esc,474,2.2924790382385254,22.924790382385254,2.1216988563537598,21.216988563537598,1.948415994644165,19.48415994644165,CD1,O6
0,228,GLU,229,9,0,473,esc,474,2.647980213165283,26.479802131652832,2.481276512145996,24.81276512145996,2.367518663406372,23.67518663406372,N,C12
0,229,TYR,230,12,0,473,esc,474,2.57431960105896,25.7431960105896,2.4230363368988037,24.230363368988037,2.307366132736206,23.07366132736206,CD2,C1
0,230,LEU,231,8,0,473,esc,474,2.262556552886963,22.62556552886963,2.112234115600586,21.12234115600586,1.781186580657959,17.81186580657959,CD1,C12
0,231,SER,232,6,0,473,esc,474,2.4701223373413086,24.701223373413086,2.3120555877685547,23.120555877685547,2.2346322536468506,22.346322536468506,N,C12
0,232,LYS,233,9,0,473,esc,474,2.732020139694214,27.32020139694214,2.5853335857391357,25.853335857391357,2.4854378700256348,24.854378700256348,N,C12
0,233,ILE,234,8,0,473,esc,474,2.5306174755096436,25.306174755096436,2.386162042617798,23.86162042617798,2.1270627975463867,21.270627975463867,CD1,C1
0,234,LEU,235,8,0,473,esc,474,2.308285713195801,23.082857131958008,2.1746342182159424,21.746342182159424,1.8235660791397095,18.235660791397095,CD1,C1
0,235,PRO,236,7,0,473,esc,474,2.4307034015655518,24.307034015655518,2.277052640914917,22.77052640914917,2.144043207168579,21.44043207168579,O,O6
0,236,ILE,237,8,0,473,esc,474,2.2326056957244873,22.326056957244873,2.04361629486084,20.4361629486084,1.8085627555847168,18.085627555847168,CD1,C12
0,237,LYS,238,9,0,473,esc,474,2.353835105895996,23.53835105895996,2.1145224571228027,21.145224571228027,1.8992798328399658,18.992798328399658,O,O6
0,238,CYS,239,6,0,473,esc,474,2.274660587310791,22.74660587310791,2.0015347003936768,20.015347003936768,2.0015347003936768,20.015347003936768,CA,O6
0,239,VAL,240,7,0,473,esc,474,2.2978501319885254,22.978501319885254,1.9894541501998901,19.8945415019989,1.788297414779663,17.88297414779663,CG2,O6
0,240,GLY,241,4,0,473,esc,474,2.18969988822937,21.8969988822937,1.863452672958374,18.63452672958374,1.863452672958374,18.63452672958374,CA,O6
0,241,PRO,242,7,0,473,esc,474,2.154311418533325,21.543114185333252,1.8188711404800415,18.188711404800415,1.8188711404800415,18.188711404800415,CA,O6
0,242,LEU,243,8,0,473,esc,474,2.075249195098877,20.75249195098877,1.719787359237671,17.19787359237671,1.569443941116333,15.69443941116333,CD1,O6
0,243,PHE,244,11,0,473,esc,474,2.0334365367889404,20.334365367889404,1.67411470413208,16.7411470413208,1.6065022945404053,16.065022945404053,CD1,O6
0,244,ILE,245,8,0,473,esc,474,2.4074556827545166,24.074556827545166,2.049699068069458,20.49699068069458,1.9110333919525146,19.110333919525146,N,O6
0,245,ASN,246,8,0,473,esc,474,2.6632497310638428,26.632497310638428,2.2990896701812744,22.990896701812744,2.213242292404175,22.132422924041748,N,O6
0,246,PRO,247,7,0,473,esc,474,2.995250940322876,29.95250940322876,2.633946418762207,26.33946418762207,2.517101526260376,25.17101526260376,N,O6
0,247,ARG,248,11,0,473,esc,474,3.1860320568084717,31.860320568084717,2.820559024810791,28.20559024810791,2.6352105140686035,26.352105140686035,NH1,O6
0,248,ALA,249,5,0,473,esc,474,3.3722429275512695,33.722429275512695,3.0101776123046875,30.101776123046875,2.922632932662964,29.22632932662964,O,O6
0,249,ALA,250,5,0,473,esc,474,3.251504421234131,32.51504421234131,2.8915579319000244,28.915579319000244,2.676764488220215,26.76764488220215,O,O6
0,250,ASP,251,8,0,473,esc,474,2.926537036895752,29.26537036895752,2.5721888542175293,25.721888542175293,2.342318534851074,23.423185348510742,OD2,O6
0,251,SER,252,6,0,473,esc,474,2.6377854347229004,26.377854347229004,2.2810637950897217,22.810637950897217,2.0399630069732666,20.399630069732666,OG,O6
0,252,PRO,253,7,0,473,esc,474,2.734772205352783,27.347722053527832,2.388531446456909,23.885314464569092,2.3111824989318848,23.111824989318848,C,O6
0,253,VAL,254,7,0,473,esc,474,2.447505235671997,24.47505235671997,2.1161093711853027,21.161093711853027,1.9145698547363281,19.14569854736328,O,O6
0,254,ARG,255,11,0,473,esc,474,2.096688985824585,20.96688985824585,1.7724236249923706,17.724236249923706,1.6268439292907715,16.268439292907715,NH2,O6
0,255,GLY,256,4,0,473,esc,474,1.7839492559432983,17.839492559432983,1.4546926021575928,14.546926021575928,1.2283670902252197,12.283670902252197,O,O8
0,256,ASP,257,8,0,473,esc,474,1.6856521368026733,16.856521368026733,1.3490740060806274,13.490740060806274,1.272745966911316,12.72745966911316,C,O8
0,257,PHE,258,11,0,473,esc,474,1.4683655500411987,14.683655500411987,1.1212161779403687,11.212161779403687,0.8363842964172363,8.363842964172363,CE1,O8
0,258,MET,259,8,0,473,esc,474,1.7481862306594849,17.48186230659485,1.4141236543655396,14.141236543655396,1.2208987474441528,12.208987474441528,CE,O8
0,259,PRO,260,7,0,473,esc,474,2.094526529312134,20.945265293121338,1.7648319005966187,17.648319005966187,1.654191493988037,16.54191493988037,N,O8
0,260,ALA,261,5,0,473,esc,474,2.176879405975342,21.768794059753418,1.8740620613098145,18.740620613098145,1.8307605981826782,18.307605981826782,N,O8
0,261,ASP,262,8,0,473,esc,474,2.451164484024048,24.51164484024048,2.1653714179992676,21.653714179992676,2.0338854789733887,20.338854789733887,N,O8
0,262,GLU,263,9,0,473,esc,474,2.7491354942321777,27.491354942321777,2.4721710681915283,24.721710681915283,2.375584840774536,23.75584840774536,N,O8
0,263,CYS,264,6,0,473,esc,474,2.833364725112915,28.33364725112915,2.5856568813323975,25.856568813323975,2.333380937576294,23.33380937576294,SG,O8
0,264,LEU,265,8,0,473,esc,474,2.9808614253997803,29.808614253997803,2.716407060623169,27.16407060623169,2.4316318035125732,24.316318035125732,CD2,O6
0,265,PRO,266,7,0,473,esc,474,3.3536007404327393,33.53600740432739,3.0967752933502197,30.967752933502197,2.9502978324890137,29.502978324890137,CD,O8
0,266,TRP,267,14,0,473,esc,474,3.2908411026000977,32.90841102600098,3.0622003078460693,30.622003078460693,2.686366558074951,26.86366558074951,CZ3,O6
0,267,LEU,268,8,0,473,esc,474,3.1293463706970215,31.293463706970215,2.885260581970215,28.85260581970215,2.4908487796783447,24.908487796783447,CD1,O6
0,268,ASP,269,8,0,473,esc,474,3.4560225009918213,34.56022500991821,3.1931285858154297,31.931285858154297,3.0616111755371094,30.616111755371094,N,O6
0,269,THR,270,7,0,473,esc,474,3.647380828857422,36.47380828857422,3.4098377227783203,34.0983772277832,3.3068177700042725,33.068177700042725,N,O6
0,270,LYS,271,9,0,473,esc,474,3.4782419204711914,34.782419204711914,3.2539498805999756,32.539498805999756,3.0505218505859375,30.505218505859375,CG,O6
0,271,PRO,272,7,0,473,esc,474,3.62190842628479,36.2190842628479,3.394122362136841,33.94122362136841,3.1694931983947754,31.694931983947754,O,O6
0,272,PRO,273,7,0,473,esc,474,3.4286723136901855,34.286723136901855,3.184746742248535,31.84746742248535,3.1310555934906006,31.310555934906006,C,O6
0,273,ASN,274,8,0,473,esc,474,3.1588971614837646,31.588971614837646,2.9342544078826904,29.342544078826904,2.8834314346313477,28.834314346313477,OD1,O6
0,274,SER,275,6,0,473,esc,474,3.1616947650909424,31.616947650909424,2.9650933742523193,29.650933742523193,2.8456292152404785,28.456292152404785,O,O6
0,275,VAL,276,7,0,473,esc,474,2.855818271636963,28.55818271636963,2.6700987815856934,26.700987815856934,2.474996566772461,24.74996566772461,O,O6
0,276,VAL,277,7,0,473,esc,474,2.5640487670898438,25.640487670898438,2.4076778888702393,24.076778888702393,2.297180414199829,22.97180414199829,C,O6
0,277,TYR,278,12,0,473,esc,474,2.2433955669403076,22.433955669403076,2.0695371627807617,20.695371627807617,1.5835422277450562,15.835422277450562,OH,O6
0,278,ILE,279,8,0,473,esc,474,2.001265287399292,20.01265287399292,1.8763034343719482,18.763034343719482,1.7578630447387695,17.578630447387695,C,O6
0,279,SER,280,6,0,473,esc,474,1.6541892290115356,16.541892290115356,1.523124098777771,15.23124098777771,1.341720461845398,13.41720461845398,O,O6
0,280,PHE,281,11,0,473,esc,474,1.3511515855789185,13.511515855789185,1.2746614217758179,12.746614217758179,1.0933090448379517,10.933090448379517,O,O8
0,281,GLY,282,4,0,473,esc,474,1.0925339460372925,10.925339460372925,0.9527837634086609,9.527837634086609,0.9242861866950989,9.242861866950989,C,O8
0,282,SER,283,6,0,473,esc,474,0.9995399713516235,9.995399713516235,0.7690884470939636,7.690884470939636,0.5566776990890503,5.566776990890503,OG,O8
0,283,VAL,284,7,0,473,esc,474,0.8309674263000488,8.309674263000488,0.6614914536476135,6.614914536476135,0.42939719557762146,4.293971955776215,CG2,O8
0,284,VAL,285,7,0,473,esc,474,0.9694761037826538,9.694761037826538,0.9189669489860535,9.189669489860535,0.7825872302055359,7.825872302055359,CG2,C9
0,285,PHE,286,11,0,473,esc,474,1.3244268894195557,13.244268894195557,1.2668837308883667,12.668837308883667,1.0576051473617554,10.576051473617554,CE1,O8
0,286,LEU,287,8,0,473,esc,474,1.594633936882019,15.94633936882019,1.5386865139007568,15.386865139007568,1.46224844455719,14.6224844455719,N,O4
0,287,PRO,288,7,0,473,esc,474,1.8902589082717896,18.902589082717896,1.7856481075286865,17.856481075286865,1.6284794807434082,16.284794807434082,CD,O2
0,288,GLN,289,9,0,473,esc,474,2.2107882499694824,22.107882499694824,2.134873390197754,21.34873390197754,1.9999301433563232,19.999301433563232,N,O2
0,289,GLU,290,9,0,473,esc,474,2.3933188915252686,23.933188915252686,2.290196657180786,22.90196657180786,2.214423894882202,22.14423894882202,N,O2
0,290,GLN,291,9,0,473,esc,474,2.198774814605713,21.98774814605713,2.1338043212890625,21.338043212890625,1.9754101037979126,19.754101037979126,CG,O2
0,291,VAL,292,7,0,473,esc,474,2.244920253753662,22.44920253753662,2.204360246658325,22.043602466583252,2.0050618648529053,20.050618648529053,CG2,O8
0,292,ASP,293,8,0,473,esc,474,2.6123528480529785,26.123528480529785,2.5693185329437256,25.693185329437256,2.4288980960845947,24.288980960845947,N,O4
0,293,GLU,294,9,0,473,esc,474,2.6252803802490234,26.252803802490234,2.590432643890381,25.90432643890381,2.5135576725006104,25.135576725006104,CB,O2
0,294,ILE,295,8,0,473,esc,474,2.4683947563171387,24.683947563171387,2.4467203617095947,24.467203617095947,2.060929536819458,20.60929536819458,CD1,C9
0,295,ALA,296,5,0,473,esc,474,2.741429328918457,27.41429328918457,2.6823923587799072,26.823923587799072,2.573758840560913,25.73758840560913,N,O8
0,296,GLU,297,9,0,473,esc,474,3.013011932373047,30.13011932373047,2.9858415126800537,29.858415126800537,2.8585808277130127,28.585808277130127,N,O8
0,297,GLY,298,4,0,473,esc,474,2.8972764015197754,28.972764015197754,2.884037971496582,28.84037971496582,2.8782958984375,28.782958984375,N,O8
0,298,LEU,299,8,0,473,esc,474,2.9072105884552,29.072105884552002,2.8532907962799072,28.532907962799072,2.507219076156616,25.072190761566162,CD1,O8
0,299,LEU,300,8,0,473,esc,474,3.273456335067749,32.73456335067749,3.213658094406128,32.13658094406128,3.069023609161377,30.69023609161377,N,O8
0,300,LEU,301,8,0,473,esc,474,3.3616316318511963,33.61631631851196,3.33864688873291,33.3864688873291,3.2663378715515137,32.66337871551514,N,O8
0,301,SER,302,6,0,473,esc,474,3.25600528717041,32.5600528717041,3.2000131607055664,32.000131607055664,2.972562789916992,29.725627899169922,OG,O6
0,302,GLY,303,4,0,473,esc,474,3.3883259296417236,33.883259296417236,3.3080453872680664,33.080453872680664,3.2395877838134766,32.395877838134766,C,O6
0,303,LYS,304,9,0,473,esc,474,3.154200792312622,31.54200792312622,3.0431714057922363,30.431714057922363,2.9460225105285645,29.460225105285645,CB,O6
0,304,ASP,305,8,0,473,esc,474,3.0746400356292725,30.746400356292725,2.9341018199920654,29.341018199920654,2.723238706588745,27.23238706588745,O,O6
0,305,PHE,306,11,0,473,esc,474,2.7106988430023193,27.106988430023193,2.5680079460144043,25.680079460144043,2.5219123363494873,25.219123363494873,C,O6
0,306,LEU,307,8,0,473,esc,474,2.4793097972869873,24.793097972869873,2.3167154788970947,23.167154788970947,2.118027448654175,21.180274486541748,O,O6
0,307,TRP,308,14,0,473,esc,474,2.236360549926758,22.363605499267578,2.0815327167510986,20.815327167510986,1.9508247375488281,19.50824737548828,NE1,O8
0,308,VAL,309,7,0,473,esc,474,1.9490023851394653,19.490023851394653,1.7662913799285889,17.66291379928589,1.5736355781555176,15.736355781555176,CG1,O8
0,309,MET,310,8,0,473,esc,474,1.9758156538009644,19.758156538009644,1.8015884160995483,18.015884160995483,1.7343993186950684,17.343993186950684,C,O8
0,310,LYS,311,9,0,473,esc,474,1.7189404964447021,17.18940496444702,1.513373851776123,15.13373851776123,1.1095085144042969,11.095085144042969,CE,O8
0,311,PRO,312,7,0,473,esc,474,1.8916181325912476,18.916181325912476,1.684878945350647,16.84878945350647,1.4833905696868896,14.833905696868896,O,O8
0,312,LEU,313,8,0,473,esc,474,1.7751173973083496,17.751173973083496,1.6184228658676147,16.184228658676147,1.5898685455322266,15.898685455322266,C,O8
0,313,PRO,314,7,0,473,esc,474,1.6114699840545654,16.114699840545654,1.4439365863800049,14.439365863800049,1.2436153888702393,12.436153888702393,CG,O8
0,314,LYS,315,9,0,473,esc,474,1.8955754041671753,18.955754041671753,1.728477954864502,17.28477954864502,1.6079273223876953,16.079273223876953,N,O8
0,315,ASP,316,8,0,473,esc,474,2.013195276260376,20.13195276260376,1.8951213359832764,18.951213359832764,1.8100039958953857,18.100039958953857,O,O2
0,316,ALA,317,5,0,473,esc,474,1.930556058883667,19.30556058883667,1.8052213191986084,18.052213191986084,1.7316269874572754,17.316269874572754,CB,O4
0,317,GLY,318,4,0,473,esc,474,2.2171034812927246,22.171034812927246,2.079838752746582,20.79838752746582,1.9500434398651123,19.500434398651123,N,O2
0,318,GLU,319,9,0,473,esc,474,2.426957368850708,24.26957368850708,2.328555107116699,23.285551071166992,2.169119358062744,21.69119358062744,O,C9
0,319,GLU,320,9,0,473,esc,474,2.325894355773926,23.258943557739258,2.194981098175049,21.94981098175049,2.194981098175049,21.94981098175049,CA,O8
0,320,LEU,321,8,0,473,esc,474,2.2353875637054443,22.353875637054443,2.122687816619873,21.22687816619873,1.756934642791748,17.56934642791748,CD1,O8
0,321,LYS,322,9,0,473,esc,474,2.544037342071533,25.440373420715332,2.4189453125,24.189453125,2.314838409423828,23.14838409423828,N,O8
0,322,LEU,323,8,0,473,esc,474,2.702932596206665,27.02932596206665,2.592275619506836,25.92275619506836,2.4062588214874268,24.062588214874268,CD2,O8
0,323,PRO,324,7,0,473,esc,474,3.007050037384033,30.070500373840332,2.923741579055786,29.23741579055786,2.7083547115325928,27.083547115325928,CD,O8
0,324,GLU,325,9,0,473,esc,474,3.3681137561798096,33.681137561798096,3.265812397003174,32.65812397003174,3.1409106254577637,31.409106254577637,N,O8
0,325,GLY,326,4,0,473,esc,474,3.558225631713867,35.58225631713867,3.446256399154663,34.46256399154663,3.37347412109375,33.7347412109375,N,O8
0,326,PHE,327,11,0,473,esc,474,3.2632856369018555,32.632856369018555,3.1537084579467773,31.537084579467773,2.743028402328491,27.430284023284912,CE2,O8
0,327,LEU,328,8,0,473,esc,474,3.2565484046936035,32.565484046936035,3.1087570190429688,31.087570190429688,2.838103771209717,28.381037712097168,CD2,O8
0,328,GLU,329,9,0,473,esc,474,3.643158197402954,36.43158197402954,3.494584321975708,34.94584321975708,3.349344491958618,33.49344491958618,N,O8
0,329,LYS,330,9,0,473,esc,474,3.6728367805480957,36.72836780548096,3.5496773719787598,35.4967737197876,3.4821529388427734,34.821529388427734,C,O8
0,330,VAL,331,7,0,473,esc,474,3.434673309326172,34.34673309326172,3.300471544265747,33.00471544265747,3.082352638244629,30.82352638244629,CG2,O8
0,331,GLY,332,4,0,473,esc,474,3.562784433364868,35.62784433364868,3.394319772720337,33.94319772720337,3.184364080429077,31.84364080429077,O,O8
0,332,ASP,333,8,0,473,esc,474,3.4999217987060547,34.99921798706055,3.312596082687378,33.12596082687378,3.2182810306549072,32.18281030654907,O,O8
0,333,ARG,334,11,0,473,esc,474,3.4041430950164795,34.041430950164795,3.2439064979553223,32.43906497955322,3.0657460689544678,30.657460689544678,O,O6
0,334,GLY,335,4,0,473,esc,474,3.0215775966644287,30.215775966644287,2.8611092567443848,28.611092567443848,2.802330493927002,28.02330493927002,C,O8
0,335,LEU,336,8,0,473,esc,474,2.8118362426757812,28.118362426757812,2.619936227798462,26.19936227798462,2.392543077468872,23.92543077468872,O,O8
0,336,VAL,337,7,0,473,esc,474,2.5434091091156006,25.434091091156006,2.3486175537109375,23.486175537109375,2.2614071369171143,22.614071369171143,CG1,O8
0,337,VAL,338,7,0,473,esc,474,2.3475561141967773,23.475561141967773,2.1153500080108643,21.153500080108643,1.9217544794082642,19.21754479408264,O,O8
0,338,GLN,339,9,0,473,esc,474,2.077223300933838,20.77223300933838,1.8302723169326782,18.302723169326782,1.5942848920822144,15.942848920822144,O,O8
0,339,TRP,340,14,0,473,esc,474,1.8840689659118652,18.840689659118652,1.6193968057632446,16.193968057632446,1.0561219453811646,10.561219453811646,CH2,O8
0,340,SER,341,6,0,473,esc,474,2.0072970390319824,20.072970390319824,1.7559095621109009,17.55909562110901,1.6160918474197388,16.160918474197388,O,O8
0,341,PRO,342,7,0,473,esc,474,2.0897021293640137,20.897021293640137,1.8136751651763916,18.136751651763916,1.8084466457366943,18.084466457366943,C,O6
0,342,GLN,343,9,0,473,esc,474,1.9407535791397095,19.407535791397095,1.6592241525650024,16.592241525650024,1.2822903394699097,12.822903394699097,NE2,O6
0,343,GLU,344,9,0,473,esc,474,2.0841593742370605,20.841593742370605,1.762407898902893,17.62407898902893,1.7025433778762817,17.025433778762817,N,O6
0,344,LYS,345,9,0,473,esc,474,2.423591375350952,24.23591375350952,2.114370107650757,21.14370107650757,1.9748727083206177,19.748727083206177,N,O6
0,345,VAL,346,7,0,473,esc,474,2.391052484512329,23.91052484512329,2.1140379905700684,21.140379905700684,2.033027410507202,20.33027410507202,CB,O6
0,346,LEU,347,8,0,473,esc,474,2.2959377765655518,22.959377765655518,2.0125393867492676,20.125393867492676,1.6437947750091553,16.437947750091553,CD1,O6
0,347,LYS,348,9,0,473,esc,474,2.589217185974121,25.89217185974121,2.280782699584961,22.80782699584961,2.162271022796631,21.62271022796631,N,O6
0,348,HIS,349,10,0,473,esc,474,2.8272788524627686,28.272788524627686,2.5367331504821777,25.367331504821777,2.4155216217041016,24.155216217041016,N,O6
0,349,PRO,350,7,0,473,esc,474,3.08250093460083,30.8250093460083,2.807509422302246,28.07509422302246,2.7385849952697754,27.385849952697754,N,O6
0,350,ALA,351,5,0,473,esc,474,3.0439276695251465,30.439276695251465,2.797419548034668,27.97419548034668,2.723816394805908,27.238163948059082,C,O6
0,351,VAL,352,7,0,473,esc,474,2.7360215187072754,27.360215187072754,2.5072219371795654,25.072219371795654,2.259302854537964,22.59302854537964,CG1,O6
0,352,ALA,353,5,0,473,esc,474,2.8098740577697754,28.098740577697754,2.609833002090454,26.09833002090454,2.4816110134124756,24.816110134124756,O,O6
0,353,ALA,354,5,0,473,esc,474,2.4683592319488525,24.683592319488525,2.2844161987304688,22.844161987304688,2.166604995727539,21.66604995727539,C,O6
0,354,PHE,355,11,0,473,esc,474,2.105684757232666,21.05684757232666,1.9313857555389404,19.313857555389404,1.4467535018920898,14.467535018920898,CZ,O6
0,355,VAL,356,7,0,473,esc,474,1.9322880506515503,19.322880506515503,1.818610668182373,18.18610668182373,1.6401845216751099,16.4018452167511,O,O6
0,356,THR,357,7,0,473,esc,474,1.5663450956344604,15.663450956344604,1.4448041915893555,14.448041915893555,1.2777997255325317,12.777997255325317,OG1,O6
0,357,HIS,358,10,0,473,esc,474,1.2495242357254028,12.495242357254028,1.186583161354065,11.86583161354065,0.8062237501144409,8.06223750114441,NE2,O6
0,358,CYS,359,6,0,473,esc,474,1.2328393459320068,12.328393459320068,1.1227186918258667,11.227186918258667,0.950913667678833,9.50913667678833,O,C12
0,359,GLY,360,4,0,473,esc,474,0.9611304998397827,9.611304998397827,0.7904337048530579,7.904337048530579,0.7904337048530579,7.904337048530579,CA,O6
0,360,TRP,361,14,0,473,esc,474,1.1443102359771729,11.443102359771729,0.9159053564071655,9.159053564071655,0.8215214610099792,8.215214610099792,N,O6
0,361,ASN,362,8,0,473,esc,474,1.2423701286315918,12.423701286315918,0.9291656017303467,9.291656017303467,0.6769502758979797,6.769502758979797,ND2,O6
0,362,SER,363,6,0,473,esc,474,1.3922585248947144,13.922585248947144,1.1170517206192017,11.170517206192017,0.9968806505203247,9.968806505203247,OG,O6
0,363,THR,364,7,0,473,esc,474,1.5509127378463745,15.509127378463745,1.3104698657989502,13.104698657989502,1.2100300788879395,12.100300788879395,N,O6
0,364,MET,365,8,0,473,esc,474,1.701029658317566,17.01029658317566,1.4102104902267456,14.102104902267456,1.3251720666885376,13.251720666885376,N,O6
0,365,GLU,366,9,0,473,esc,474,1.8204302787780762,18.20430278778076,1.5105795860290527,15.105795860290527,1.1805155277252197,11.805155277252197,OE1,O6
0,366,SER,367,6,0,473,esc,474,1.9713581800460815,19.713581800460815,1.7056390047073364,17.056390047073364,1.5826449394226074,15.826449394226074,OG,O6
0,367,LEU,368,8,0,473,esc,474,2.132858991622925,21.328589916229248,1.8660085201263428,18.660085201263428,1.7594270706176758,17.594270706176758,CD1,O6
0,368,ALA,369,5,0,473,esc,474,2.2711267471313477,22.711267471313477,1.963879108428955,19.63879108428955,1.8775012493133545,18.775012493133545,N,O6
0,369,SER,370,6,0,473,esc,474,2.411167621612549,24.11167621612549,2.1097967624664307,21.097967624664307,1.952582836151123,19.52582836151123,OG,O6
0,370,GLY,371,4,0,473,esc,474,2.5314760208129883,25.314760208129883,2.2615303993225098,22.615303993225098,2.1744637489318848,21.744637489318848,N,O6
0,371,ILE,372,8,0,473,esc,474,2.412808895111084,24.12808895111084,2.173491954803467,21.734919548034668,2.0247440338134766,20.247440338134766,O,O6
0,372,PRO,373,7,0,473,esc,474,2.396014451980591,23.960144519805908,2.2060208320617676,22.060208320617676,2.107097625732422,21.07097625732422,O,O6
0,373,VAL,374,7,0,473,esc,474,2.105248212814331,21.05248212814331,1.9494519233703613,19.494519233703613,1.7765859365463257,17.765859365463257,CG1,O6
0,374,ILE,375,8,0,473,esc,474,2.0665807723999023,20.665807723999023,1.9736061096191406,19.736061096191406,1.7683396339416504,17.683396339416504,O,O6
0,375,CYS,376,6,0,473,esc,474,1.7571053504943848,17.571053504943848,1.6719441413879395,16.719441413879395,1.6408097743988037,16.408097743988037,CB,C12
0,376,PHE,377,11,0,473,esc,474,1.6133931875228882,16.133931875228882,1.5668951272964478,15.668951272964478,1.3543142080307007,13.543142080307007,O,C12
0,377,PRO,378,7,0,473,esc,474,1.312551498413086,13.12551498413086,1.2632911205291748,12.632911205291748,1.2569639682769775,12.569639682769775,C,C1
0,378,GLN,379,9,0,473,esc,474,1.1792436838150024,11.792436838150024,1.1009138822555542,11.009138822555542,0.9898614287376404,9.898614287376404,C,O2
0,379,TRP,380,14,0,473,esc,474,0.8930000066757202,8.930000066757202,0.7700033783912659,7.700033783912659,0.33427250385284424,3.3427250385284424,CH2,O4
0,380,GLY,381,4,0,473,esc,474,0.7234340906143188,7.2343409061431885,0.5707018971443176,5.707018971443176,0.5707018971443176,5.707018971443176,CA,C3
0,381,ASP,382,8,0,473,esc,474,0.9221484661102295,9.221484661102295,0.7743249535560608,7.743249535560608,0.6179481744766235,6.179481744766235,OD1,C1
0,382,GLN,383,9,0,473,esc,474,1.0654230117797852,10.654230117797852,0.9724882245063782,9.724882245063782,0.7940303087234497,7.940303087234497,NE2,C12
0,383,VAL,384,7,0,473,esc,474,1.3521348237991333,13.521348237991333,1.2303528785705566,12.303528785705566,1.1031697988510132,11.031697988510132,N,C1
0,384,THR,385,7,0,473,esc,474,1.4713456630706787,14.713456630706787,1.3269394636154175,13.269394636154175,1.2494468688964844,12.494468688964844,OG1,C1
0,385,ASP,386,8,0,473,esc,474,1.4740138053894043,14.740138053894043,1.343056559562683,13.430565595626831,1.0341792106628418,10.341792106628418,OD1,C12
0,386,ALA,387,5,0,473,esc,474,1.6670647859573364,16.670647859573364,1.5580956935882568,15.580956935882568,1.4428776502609253,14.428776502609253,N,C12
0,387,LYS,388,9,0,473,esc,474,1.9119067192077637,19.119067192077637,1.7926890850067139,17.92689085006714,1.6803842782974243,16.803842782974243,N,C1
0,388,LEU,389,8,0,473,esc,474,1.9685335159301758,19.685335159301758,1.8339931964874268,18.339931964874268,1.6628974676132202,16.628974676132202,CD1,C1
0,389,LEU,390,8,0,473,esc,474,2.0197479724884033,20.197479724884033,1.8817020654678345,18.817020654678345,1.560537576675415,15.60537576675415,CD1,C12
0,390,VAL,391,7,0,473,esc,474,2.3202242851257324,23.202242851257324,2.1974432468414307,21.974432468414307,2.057159662246704,20.57159662246704,N,C12
0,391,ASP,392,8,0,473,esc,474,2.469512701034546,24.69512701034546,2.343142509460449,23.431425094604492,2.243786096572876,22.43786096572876,N,C12
0,392,VAL,393,7,0,473,esc,474,2.417436122894287,24.17436122894287,2.2705326080322266,22.705326080322266,2.162400007247925,21.624000072479248,CG2,C12
0,393,PHE,394,11,0,473,esc,474,2.354241371154785,23.54241371154785,2.1966001987457275,21.966001987457275,1.741518259048462,17.41518259048462,CE2,C12
0,394,LYS,395,9,0,473,esc,474,2.5621392726898193,25.621392726898193,2.4172165393829346,24.172165393829346,2.3034136295318604,23.034136295318604,N,C12
0,395,VAL,396,7,0,473,esc,474,2.422865152359009,24.228651523590088,2.2620620727539062,22.620620727539062,2.0253379344940186,20.253379344940186,CG2,O6
0,396,GLY,397,4,0,473,esc,474,2.2228574752807617,22.228574752807617,2.099405527114868,20.99405527114868,2.099405527114868,20.99405527114868,CA,C12
0,397,ILE,398,8,0,473,esc,474,2.295551061630249,22.95551061630249,2.195930242538452,21.95930242538452,2.036184549331665,20.36184549331665,O,C12
0,398,ARG,399,11,0,473,esc,474,2.0497610569000244,20.497610569000244,1.97355055809021,19.7355055809021,1.902809739112854,19.02809739112854,CB,C12
0,399,MET,400,8,0,473,esc,474,2.130558490753174,21.30558490753174,2.0829882621765137,20.829882621765137,1.9504843950271606,19.504843950271606,CG,C12
0,400,CYS,401,6,0,473,esc,474,1.9263583421707153,19.263583421707153,1.868720531463623,18.68720531463623,1.6816529035568237,16.816529035568237,SG,O2
0,401,ARG,402,11,0,473,esc,474,1.892664909362793,18.92664909362793,1.796087384223938,17.96087384223938,1.6499969959259033,16.499969959259033,O,C3
0,402,GLY,403,4,0,473,esc,474,1.5644176006317139,15.644176006317139,1.4471163749694824,14.471163749694824,1.4471163749694824,14.471163749694824,CA,O2
0,403,GLU,404,9,0,473,esc,474,1.655175805091858,16.55175805091858,1.4479163885116577,14.479163885116577,1.2170976400375366,12.170976400375366,CG,O2
0,404,ALA,405,5,0,473,esc,474,2.0028843879699707,20.028843879699707,1.7998608350753784,17.998608350753784,1.6656171083450317,16.656171083450317,N,O2
0,405,GLU,406,9,0,473,esc,474,2.238414764404297,22.38414764404297,2.0431759357452393,20.431759357452393,1.9224122762680054,19.224122762680054,N,O2
0,406,ASN,407,8,0,473,esc,474,2.073051691055298,20.73051691055298,1.8517801761627197,18.517801761627197,1.734832525253296,17.34832525253296,OD1,O2
0,407,ARG,408,11,0,473,esc,474,2.2043614387512207,22.043614387512207,2.028740644454956,20.28740644454956,1.9020668268203735,19.020668268203735,O,O2
0,408,ILE,409,8,0,473,esc,474,2.1924636363983154,21.924636363983154,2.066774845123291,20.66774845123291,2.0348007678985596,20.348007678985596,CG1,O2
0,409,ILE,410,8,0,473,esc,474,2.317518711090088,23.17518711090088,2.2479183673858643,22.479183673858643,2.0521700382232666,20.521700382232666,CG1,O2
0,410,PRO,411,7,0,473,esc,474,2.6642749309539795,26.642749309539795,2.596176862716675,25.961768627166748,2.473970651626587,24.73970651626587,N,O2
0,411,ARG,412,11,0,473,esc,474,2.844639778137207,28.44639778137207,2.821082592010498,28.21082592010498,2.7349607944488525,27.349607944488525,N,O2
0,412,GLU,413,9,0,473,esc,474,3.045332908630371,30.45332908630371,3.027878522872925,30.278785228729248,2.923953056335449,29.239530563354492,C,C12
0,413,GLU,414,9,0,473,esc,474,2.7450952529907227,27.450952529907227,2.721144676208496,27.21144676208496,2.500673532485962,25.00673532485962,OE2,O2
0,414,VAL,415,7,0,473,esc,474,2.5596704483032227,25.596704483032227,2.5335066318511963,25.335066318511963,2.4092941284179688,24.092941284179688,CG2,C12
0,415,ALA,416,5,0,473,esc,474,2.898378372192383,28.983783721923828,2.860992908477783,28.609929084777832,2.755821466445923,27.55821466445923,N,C12
0,416,ARG,417,11,0,473,esc,474,2.973726511001587,29.73726511001587,2.922581434249878,29.22581434249878,2.822849988937378,28.22849988937378,C,C12
0,417,CYS,418,6,0,473,esc,474,2.6644060611724854,26.644060611724854,2.59962797164917,25.9962797164917,2.372898817062378,23.72898817062378,SG,C12
0,418,ILE,419,8,0,473,esc,474,2.736605644226074,27.366056442260742,2.660024642944336,26.60024642944336,2.5352439880371094,25.352439880371094,CG1,O6
0,419,LEU,420,8,0,473,esc,474,3.093510866165161,30.93510866165161,3.0110268592834473,30.110268592834473,2.897822141647339,28.97822141647339,N,O6
0,420,GLU,421,9,0,473,esc,474,3.0025148391723633,30.025148391723633,2.915113925933838,29.15113925933838,2.8180935382843018,28.180935382843018,O,O6
0,421,ALA,422,5,0,473,esc,474,2.7918570041656494,27.918570041656494,2.672236680984497,26.72236680984497,2.5214650630950928,25.214650630950928,CB,O6
0,422,THR,423,7,0,473,esc,474,3.038762092590332,30.38762092590332,2.8973236083984375,28.973236083984375,2.8138890266418457,28.138890266418457,CG2,O6
0,423,GLU,424,9,0,473,esc,474,3.3807332515716553,33.80733251571655,3.2472801208496094,32.472801208496094,3.1089348793029785,31.089348793029785,N,O6
0,424,GLY,425,4,0,473,esc,474,3.5426430702209473,35.42643070220947,3.4209773540496826,34.209773540496826,3.2730705738067627,32.73070573806763,O,O6
0,425,PRO,426,7,0,473,esc,474,3.5381484031677246,35.381484031677246,3.407269239425659,34.07269239425659,3.2363297939300537,32.36329793930054,O,O6
0,426,LEU,427,8,0,473,esc,474,3.1827149391174316,31.827149391174316,3.0645604133605957,30.645604133605957,2.804602861404419,28.04602861404419,CD2,C12
0,427,ALA,428,5,0,473,esc,474,3.054340124130249,30.54340124130249,2.9099886417388916,29.099886417388916,2.8703553676605225,28.703553676605225,O,O6
0,428,GLU,429,9,0,473,esc,474,3.2999372482299805,32.999372482299805,3.1286401748657227,31.286401748657227,3.0511815547943115,30.511815547943115,O,O6
0,429,GLU,430,9,0,473,esc,474,3.1653695106506348,31.653695106506348,3.0027031898498535,30.027031898498535,2.8265202045440674,28.265202045440674,O,O6
0,430,MET,431,8,0,473,esc,474,2.7990660667419434,27.990660667419434,2.63395357131958,26.3395357131958,2.509676694869995,25.09676694869995,SD,C12
0,431,LYS,432,9,0,473,esc,474,2.8980789184570312,28.980789184570312,2.6953773498535156,26.953773498535156,2.6789119243621826,26.789119243621826,CD,O6
0,432,LYS,433,9,0,473,esc,474,3.1227548122406006,31.227548122406006,2.909360885620117,29.093608856201172,2.8252248764038086,28.252248764038086,O,O6
0,433,ASN,434,8,0,473,esc,474,2.8597304821014404,28.597304821014404,2.656036376953125,26.56036376953125,2.523880958557129,25.23880958557129,O,O6
0,434,ALA,435,5,0,473,esc,474,2.6210694313049316,26.210694313049316,2.3927576541900635,23.927576541900635,2.334486722946167,23.34486722946167,CB,O6
0,435,ALA,436,5,0,473,esc,474,2.925724506378174,29.25724506378174,2.6712965965270996,26.712965965270996,2.5789883136749268,25.789883136749268,N,O6
0,436,LYS,437,9,0,473,esc,474,2.9904911518096924,29.904911518096924,2.739356279373169,27.39356279373169,2.623779296875,26.23779296875,C,O6
0,437,TRP,438,14,0,473,esc,474,2.641629457473755,26.41629457473755,2.3858559131622314,23.858559131622314,2.2644104957580566,22.644104957580566,CB,O6
0,438,LYS,439,9,0,473,esc,474,2.6687419414520264,26.687419414520264,2.3804678916931152,23.804678916931152,2.374068260192871,23.74068260192871,N,O6
0,439,GLU,440,9,0,473,esc,474,3.0066754817962646,30.066754817962646,2.7139408588409424,27.139408588409424,2.6059765815734863,26.059765815734863,N,O6
0,440,LYS,441,9,0,473,esc,474,2.8494839668273926,28.494839668273926,2.565953254699707,25.65953254699707,2.4507439136505127,24.507439136505127,C,O6
0,441,ALA,442,5,0,473,esc,474,2.564253568649292,25.64253568649292,2.258695125579834,22.58695125579834,2.165170431137085,21.65170431137085,CB,O6
0,442,LEU,443,8,0,473,esc,474,2.858607769012451,28.58607769012451,2.534992218017578,25.34992218017578,2.435883045196533,24.358830451965332,N,O6
0,443,ALA,444,5,0,473,esc,474,3.0617311000823975,30.617311000823975,2.7474257946014404,27.474257946014404,2.6744489669799805,26.744489669799805,N,O6
0,444,ALA,445,5,0,473,esc,474,2.7806379795074463,27.806379795074463,2.467797040939331,24.67797040939331,2.3339245319366455,23.339245319366455,CB,O6
0,445,VAL,446,7,0,473,esc,474,2.725292444229126,27.25292444229126,2.38791561126709,23.8791561126709,2.227311134338379,22.27311134338379,CG2,O6
0,446,ALA,447,5,0,473,esc,474,3.1048758029937744,31.048758029937744,2.7644155025482178,27.644155025482178,2.6303279399871826,26.303279399871826,N,O6
0,447,GLU,448,9,0,473,esc,474,3.291063070297241,32.91063070297241,2.9427192211151123,29.427192211151123,2.8862509727478027,28.862509727478027,N,O6
0,448,GLY,449,4,0,473,esc,474,3.383087396621704,33.83087396621704,3.046485424041748,30.46485424041748,2.9813947677612305,29.813947677612305,N,O6
0,449,GLY,450,4,0,473,esc,474,3.245631217956543,32.45631217956543,2.9230332374572754,29.230332374572754,2.8265302181243896,28.265302181243896,O,O6
0,450,SER,451,6,0,473,esc,474,3.0508105754852295,30.508105754852295,2.7478647232055664,27.478647232055664,2.6066653728485107,26.066653728485107,O,O6
0,451,SER,452,6,0,473,esc,474,2.7075581550598145,27.075581550598145,2.394204616546631,23.94204616546631,2.2858352661132812,22.858352661132812,OG,O6
0,452,ASP,453,8,0,473,esc,474,2.9080097675323486,29.080097675323486,2.578660011291504,25.78660011291504,2.5098960399627686,25.098960399627686,N,O6
0,453,LYS,454,9,0,473,esc,474,3.1222569942474365,31.222569942474365,2.811805248260498,28.11805248260498,2.7320289611816406,27.320289611816406,C,O6
0,454,ASN,455,8,0,473,esc,474,2.832580327987671,28.32580327987671,2.5405213832855225,25.405213832855225,2.4265518188476562,24.265518188476562,CB,O6
0,455,ILE,456,8,0,473,esc,474,2.751438617706299,27.51438617706299,2.4424519538879395,24.424519538879395,2.164534568786621,21.64534568786621,CD1,O6
0,456,GLN,457,9,0,473,esc,474,3.129847764968872,31.29847764968872,2.8204262256622314,28.204262256622314,2.6865286827087402,26.865286827087402,N,O6
0,457,GLU,458,9,0,473,esc,474,3.151873826980591,31.518738269805908,2.8686881065368652,28.686881065368652,2.7408838272094727,27.408838272094727,OE2,O6
0,458,PHE,459,11,0,473,esc,474,2.844249725341797,28.44249725341797,2.5713508129119873,25.713508129119873,2.1538619995117188,21.538619995117188,CE2,O6
0,459,VAL,460,7,0,473,esc,474,2.9981422424316406,29.981422424316406,2.7110495567321777,27.110495567321777,2.5779685974121094,25.779685974121094,CG2,O6
0,460,ASP,461,8,0,473,esc,474,3.327821969985962,33.27821969985962,3.0528886318206787,30.528886318206787,2.926038980484009,29.260389804840088,N,O6
0,461,LEU,462,8,0,473,esc,474,3.172603130340576,31.72603130340576,2.9276223182678223,29.276223182678223,2.7621822357177734,27.621822357177734,CD1,O6
0,462,VAL,463,7,0,473,esc,474,3.007744789123535,30.07744789123535,2.764272451400757,27.64272451400757,2.517482280731201,25.17482280731201,CG2,O6
0,463,ARG,464,11,0,473,esc,474,3.3557209968566895,33.557209968566895,3.1036319732666016,31.036319732666016,2.9677224159240723,29.677224159240723,N,O6
0,464,ALA,465,5,0,473,esc,474,3.5016825199127197,35.0168251991272,3.2695693969726562,32.69569396972656,3.187627077102661,31.87627077102661,N,O6
0,465,LYS,466,9,0,473,esc,474,3.290858507156372,32.90858507156372,3.0850915908813477,30.850915908813477,2.7610666751861572,27.610666751861572,CE,O6
0,466,SER,467,6,0,473,esc,474,3.405845880508423,34.05845880508423,3.192253589630127,31.92253589630127,3.1265439987182617,31.265439987182617,N,O6
0,467,LYS,468,9,0,473,esc,474,3.7682673931121826,37.682673931121826,3.5542361736297607,35.54236173629761,3.406144142150879,34.06144142150879,N,O6
0,468,GLU,469,9,0,473,esc,474,3.770167827606201,37.70167827606201,3.5851128101348877,35.85112810134888,3.5072782039642334,35.072782039642334,C,O6
0,469,LEU,470,8,0,473,esc,474,3.4991447925567627,34.99144792556763,3.3296873569488525,33.296873569488525,2.995633363723755,29.95633363723755,CD1,O6
0,470,ALA,471,5,0,473,esc,474,3.7507247924804688,37.50724792480469,3.6004931926727295,36.004931926727295,3.516798973083496,35.16798973083496,N,O6
0,471,ALA,472,6,0,473,esc,474,4.035937786102295,40.35937786102295,3.8790833950042725,38.790833950042725,3.7518792152404785,37.518792152404785,N,O6
0,472,udp,473,36,0,473,esc,474,,,,,0.30534878373146057,3.0534878373146057,O26,O6
