view_mode,display_mode,dataset_id,dataset_name,metric_type,source_id,series_key,series_label,column,x_label,x_value,y_value,raw_unit,display_unit
line,overlay,sdu6-homo,sdu6-homo,gyrate,48temqd2,48temqd2::Rg,sdu6-homo / Rg,Rg,Time (ps),0,2.2241219959925096,nm,nm
line,overlay,sdu6-homo,sdu6-homo,gyrate,48temqd2,48temqd2::Rg,sdu6-homo / Rg,Rg,Time (ps),1000,2.225967744275916,nm,nm
line,overlay,sdu6-homo,sdu6-homo,gyrate,48temqd2,48temqd2::Rg,sdu6-homo / Rg,Rg,Time (ps),2000,2.2391137165285486,nm,nm
line,overlay,sdu6-homo,sdu6-homo,gyrate,48temqd2,48temqd2::Rg,sdu6-homo / Rg,Rg,Time (ps),3000,2.228661430934069,nm,nm
line,overlay,sdu6-homo,sdu6-homo,gyrate,48temqd2,48temqd2::Rg,sdu6-homo / Rg,Rg,Time (ps),4000,2.231850322999487,nm,nm
line,overlay,sdu6-homo,sdu6-homo,gyrate,48temqd2,48temqd2::Rg,sdu6-homo / Rg,Rg,Time (ps),5000,2.240798363340509,nm,nm
line,overlay,sdu6-homo,sdu6-homo,gyrate,48temqd2,48temqd2::Rg,sdu6-homo / Rg,Rg,Time (ps),6000,2.2259200769489134,nm,nm
line,overlay,sdu6-homo,sdu6-homo,gyrate,48temqd2,48temqd2::Rg,sdu6-homo / Rg,Rg,Time (ps),7000,2.236678434502016,nm,nm
line,overlay,sdu6-homo,sdu6-homo,gyrate,48temqd2,48temqd2::Rg,sdu6-homo / Rg,Rg,Time (ps),8000,2.234426827458308,nm,nm
line,overlay,sdu6-homo,sdu6-homo,gyrate,48temqd2,48temqd2::Rg,sdu6-homo / Rg,Rg,Time (ps),9000,2.24222274950582,nm,nm
line,overlay,sdu6-homo,sdu6-homo,gyrate,48temqd2,48temqd2::Rg,sdu6-homo / Rg,Rg,Time (ps),10000,2.2456933652784365,nm,nm
line,overlay,sdu6-homo,sdu6-homo,gyrate,48temqd2,48temqd2::Rg,sdu6-homo / Rg,Rg,Time (ps),11000,2.2363615319314767,nm,nm
line,overlay,sdu6-homo,sdu6-homo,gyrate,48temqd2,48temqd2::Rg,sdu6-homo / Rg,Rg,Time (ps),12000,2.243986302903769,nm,nm
line,overlay,sdu6-homo,sdu6-homo,gyrate,48temqd2,48temqd2::Rg,sdu6-homo / Rg,Rg,Time (ps),13000,2.245313204919332,nm,nm
line,overlay,sdu6-homo,sdu6-homo,gyrate,48temqd2,48temqd2::Rg,sdu6-homo / Rg,Rg,Time (ps),14000,2.248054665088709,nm,nm
line,overlay,sdu6-homo,sdu6-homo,gyrate,48temqd2,48temqd2::Rg,sdu6-homo / Rg,Rg,Time (ps),15000,2.242251083161937,nm,nm
line,overlay,sdu6-homo,sdu6-homo,gyrate,48temqd2,48temqd2::Rg,sdu6-homo / Rg,Rg,Time (ps),16000,2.2330712435785305,nm,nm
line,overlay,sdu6-homo,sdu6-homo,gyrate,48temqd2,48temqd2::Rg,sdu6-homo / Rg,Rg,Time (ps),17000,2.2434103879914327,nm,nm
line,overlay,sdu6-homo,sdu6-homo,gyrate,48temqd2,48temqd2::Rg,sdu6-homo / Rg,Rg,Time (ps),18000,2.2497648652432174,nm,nm
line,overlay,sdu6-homo,sdu6-homo,gyrate,48temqd2,48temqd2::Rg,sdu6-homo / Rg,Rg,Time (ps),19000,2.2386632281914083,nm,nm
line,overlay,sdu6-homo,sdu6-homo,gyrate,48temqd2,48temqd2::Rg,sdu6-homo / Rg,Rg,Time (ps),20000,2.227000033570724,nm,nm
line,overlay,sdu6-homo,sdu6-homo,gyrate,48temqd2,48temqd2::Rg,sdu6-homo / Rg,Rg,Time (ps),21000,2.2378288087201548,nm,nm
line,overlay,sdu6-homo,sdu6-homo,gyrate,48temqd2,48temqd2::Rg,sdu6-homo / Rg,Rg,Time (ps),22000,2.237158304092006,nm,nm
line,overlay,sdu6-homo,sdu6-homo,gyrate,48temqd2,48temqd2::Rg,sdu6-homo / Rg,Rg,Time (ps),23000,2.2409738325685797,nm,nm
line,overlay,sdu6-homo,sdu6-homo,gyrate,48temqd2,48temqd2::Rg,sdu6-homo / Rg,Rg,Time (ps),24000,2.231120519929924,nm,nm
line,overlay,sdu6-homo,sdu6-homo,gyrate,48temqd2,48temqd2::Rg,sdu6-homo / Rg,Rg,Time (ps),25000,2.2366168270256903,nm,nm
line,overlay,sdu6-homo,sdu6-homo,gyrate,48temqd2,48temqd2::Rg,sdu6-homo / Rg,Rg,Time (ps),26000,2.231269645706656,nm,nm
line,overlay,sdu6-homo,sdu6-homo,gyrate,48temqd2,48temqd2::Rg,sdu6-homo / Rg,Rg,Time (ps),27000,2.2432548227362448,nm,nm
line,overlay,sdu6-homo,sdu6-homo,gyrate,48temqd2,48temqd2::Rg,sdu6-homo / Rg,Rg,Time (ps),28000,2.227061893679697,nm,nm
line,overlay,sdu6-homo,sdu6-homo,gyrate,48temqd2,48temqd2::Rg,sdu6-homo / Rg,Rg,Time (ps),29000,2.2301608528042967,nm,nm
line,overlay,sdu6-homo,sdu6-homo,gyrate,48temqd2,48temqd2::Rg,sdu6-homo / Rg,Rg,Time (ps),30000,2.234776172845909,nm,nm
line,overlay,sdu6-homo,sdu6-homo,gyrate,48temqd2,48temqd2::Rg,sdu6-homo / Rg,Rg,Time (ps),31000,2.232075212787389,nm,nm
line,overlay,sdu6-homo,sdu6-homo,gyrate,48temqd2,48temqd2::Rg,sdu6-homo / Rg,Rg,Time (ps),32000,2.2414447924958028,nm,nm
line,overlay,sdu6-homo,sdu6-homo,gyrate,48temqd2,48temqd2::Rg,sdu6-homo / Rg,Rg,Time (ps),33000,2.2307128252223296,nm,nm
line,overlay,sdu6-homo,sdu6-homo,gyrate,48temqd2,48temqd2::Rg,sdu6-homo / Rg,Rg,Time (ps),34000,2.236265267920791,nm,nm
line,overlay,sdu6-homo,sdu6-homo,gyrate,48temqd2,48temqd2::Rg,sdu6-homo / Rg,Rg,Time (ps),35000,2.2372800882449204,nm,nm
line,overlay,sdu6-homo,sdu6-homo,gyrate,48temqd2,48temqd2::Rg,sdu6-homo / Rg,Rg,Time (ps),36000,2.2400532998035496,nm,nm
line,overlay,sdu6-homo,sdu6-homo,gyrate,48temqd2,48temqd2::Rg,sdu6-homo / Rg,Rg,Time (ps),37000,2.245982384874245,nm,nm
line,overlay,sdu6-homo,sdu6-homo,gyrate,48temqd2,48temqd2::Rg,sdu6-homo / Rg,Rg,Time (ps),38000,2.2248926368664423,nm,nm
line,overlay,sdu6-homo,sdu6-homo,gyrate,48temqd2,48temqd2::Rg,sdu6-homo / Rg,Rg,Time (ps),39000,2.228162957294102,nm,nm
line,overlay,sdu6-homo,sdu6-homo,gyrate,48temqd2,48temqd2::Rg,sdu6-homo / Rg,Rg,Time (ps),40000,2.235525586150292,nm,nm
line,overlay,sdu6-homo,sdu6-homo,gyrate,48temqd2,48temqd2::Rg,sdu6-homo / Rg,Rg,Time (ps),41000,2.2293753095412403,nm,nm
line,overlay,sdu6-homo,sdu6-homo,gyrate,48temqd2,48temqd2::Rg,sdu6-homo / Rg,Rg,Time (ps),42000,2.2376779237134032,nm,nm
line,overlay,sdu6-homo,sdu6-homo,gyrate,48temqd2,48temqd2::Rg,sdu6-homo / Rg,Rg,Time (ps),43000,2.229933264672639,nm,nm
line,overlay,sdu6-homo,sdu6-homo,gyrate,48temqd2,48temqd2::Rg,sdu6-homo / Rg,Rg,Time (ps),44000,2.2387168474550685,nm,nm
line,overlay,sdu6-homo,sdu6-homo,gyrate,48temqd2,48temqd2::Rg,sdu6-homo / Rg,Rg,Time (ps),45000,2.2322361781747464,nm,nm
line,overlay,sdu6-homo,sdu6-homo,gyrate,48temqd2,48temqd2::Rg,sdu6-homo / Rg,Rg,Time (ps),46000,2.215932564732305,nm,nm
line,overlay,sdu6-homo,sdu6-homo,gyrate,48temqd2,48temqd2::Rg,sdu6-homo / Rg,Rg,Time (ps),47000,2.224804717254812,nm,nm
line,overlay,sdu6-homo,sdu6-homo,gyrate,48temqd2,48temqd2::Rg,sdu6-homo / Rg,Rg,Time (ps),48000,2.2249472723199157,nm,nm
line,overlay,sdu6-homo,sdu6-homo,gyrate,48temqd2,48temqd2::Rg,sdu6-homo / Rg,Rg,Time (ps),49000,2.233992320724783,nm,nm
line,overlay,sdu6-homo,sdu6-homo,gyrate,48temqd2,48temqd2::Rg,sdu6-homo / Rg,Rg,Time (ps),50000,2.2206092073585064,nm,nm
line,overlay,sdu6-homo,sdu6-homo,gyrate,48temqd2,48temqd2::Rg,sdu6-homo / Rg,Rg,Time (ps),51000,2.223819444455035,nm,nm
line,overlay,sdu6-homo,sdu6-homo,gyrate,48temqd2,48temqd2::Rg,sdu6-homo / Rg,Rg,Time (ps),52000,2.230161651866306,nm,nm
line,overlay,sdu6-homo,sdu6-homo,gyrate,48temqd2,48temqd2::Rg,sdu6-homo / Rg,Rg,Time (ps),53000,2.236215074530305,nm,nm
line,overlay,sdu6-homo,sdu6-homo,gyrate,48temqd2,48temqd2::Rg,sdu6-homo / Rg,Rg,Time (ps),54000,2.2351867599529567,nm,nm
line,overlay,sdu6-homo,sdu6-homo,gyrate,48temqd2,48temqd2::Rg,sdu6-homo / Rg,Rg,Time (ps),55000,2.226058832142725,nm,nm
line,overlay,sdu6-homo,sdu6-homo,gyrate,48temqd2,48temqd2::Rg,sdu6-homo / Rg,Rg,Time (ps),56000,2.229403730788742,nm,nm
line,overlay,sdu6-homo,sdu6-homo,gyrate,48temqd2,48temqd2::Rg,sdu6-homo / Rg,Rg,Time (ps),57000,2.230923097198505,nm,nm
line,overlay,sdu6-homo,sdu6-homo,gyrate,48temqd2,48temqd2::Rg,sdu6-homo / Rg,Rg,Time (ps),58000,2.236410612902866,nm,nm
line,overlay,sdu6-homo,sdu6-homo,gyrate,48temqd2,48temqd2::Rg,sdu6-homo / Rg,Rg,Time (ps),59000,2.231355335337593,nm,nm
line,overlay,sdu6-homo,sdu6-homo,gyrate,48temqd2,48temqd2::Rg,sdu6-homo / Rg,Rg,Time (ps),60000,2.228902663930717,nm,nm
line,overlay,sdu6-homo,sdu6-homo,gyrate,48temqd2,48temqd2::Rg,sdu6-homo / Rg,Rg,Time (ps),61000,2.229015706472464,nm,nm
line,overlay,sdu6-homo,sdu6-homo,gyrate,48temqd2,48temqd2::Rg,sdu6-homo / Rg,Rg,Time (ps),62000,2.229784568739597,nm,nm
line,overlay,sdu6-homo,sdu6-homo,gyrate,48temqd2,48temqd2::Rg,sdu6-homo / Rg,Rg,Time (ps),63000,2.2365376437300752,nm,nm
line,overlay,sdu6-homo,sdu6-homo,gyrate,48temqd2,48temqd2::Rg,sdu6-homo / Rg,Rg,Time (ps),64000,2.228963042856911,nm,nm
line,overlay,sdu6-homo,sdu6-homo,gyrate,48temqd2,48temqd2::Rg,sdu6-homo / Rg,Rg,Time (ps),65000,2.2376048748952617,nm,nm
line,overlay,sdu6-homo,sdu6-homo,gyrate,48temqd2,48temqd2::Rg,sdu6-homo / Rg,Rg,Time (ps),66000,2.232217400837615,nm,nm
line,overlay,sdu6-homo,sdu6-homo,gyrate,48temqd2,48temqd2::Rg,sdu6-homo / Rg,Rg,Time (ps),67000,2.2436999131101354,nm,nm
line,overlay,sdu6-homo,sdu6-homo,gyrate,48temqd2,48temqd2::Rg,sdu6-homo / Rg,Rg,Time (ps),68000,2.228803153864646,nm,nm
line,overlay,sdu6-homo,sdu6-homo,gyrate,48temqd2,48temqd2::Rg,sdu6-homo / Rg,Rg,Time (ps),69000,2.223666300688093,nm,nm
line,overlay,sdu6-homo,sdu6-homo,gyrate,48temqd2,48temqd2::Rg,sdu6-homo / Rg,Rg,Time (ps),70000,2.226467836632596,nm,nm
line,overlay,sdu6-homo,sdu6-homo,gyrate,48temqd2,48temqd2::Rg,sdu6-homo / Rg,Rg,Time (ps),71000,2.226963822474152,nm,nm
line,overlay,sdu6-homo,sdu6-homo,gyrate,48temqd2,48temqd2::Rg,sdu6-homo / Rg,Rg,Time (ps),72000,2.228060711235808,nm,nm
line,overlay,sdu6-homo,sdu6-homo,gyrate,48temqd2,48temqd2::Rg,sdu6-homo / Rg,Rg,Time (ps),73000,2.2311864090376337,nm,nm
line,overlay,sdu6-homo,sdu6-homo,gyrate,48temqd2,48temqd2::Rg,sdu6-homo / Rg,Rg,Time (ps),74000,2.226532801465676,nm,nm
line,overlay,sdu6-homo,sdu6-homo,gyrate,48temqd2,48temqd2::Rg,sdu6-homo / Rg,Rg,Time (ps),75000,2.238145515062721,nm,nm
line,overlay,sdu6-homo,sdu6-homo,gyrate,48temqd2,48temqd2::Rg,sdu6-homo / Rg,Rg,Time (ps),76000,2.236024404945309,nm,nm
line,overlay,sdu6-homo,sdu6-homo,gyrate,48temqd2,48temqd2::Rg,sdu6-homo / Rg,Rg,Time (ps),77000,2.234334395839244,nm,nm
line,overlay,sdu6-homo,sdu6-homo,gyrate,48temqd2,48temqd2::Rg,sdu6-homo / Rg,Rg,Time (ps),78000,2.2214873277240192,nm,nm
line,overlay,sdu6-homo,sdu6-homo,gyrate,48temqd2,48temqd2::Rg,sdu6-homo / Rg,Rg,Time (ps),79000,2.224954276417761,nm,nm
line,overlay,sdu6-homo,sdu6-homo,gyrate,48temqd2,48temqd2::Rg,sdu6-homo / Rg,Rg,Time (ps),80000,2.221164915564412,nm,nm
line,overlay,sdu6-homo,sdu6-homo,gyrate,48temqd2,48temqd2::Rg,sdu6-homo / Rg,Rg,Time (ps),81000,2.237118908633474,nm,nm
line,overlay,sdu6-homo,sdu6-homo,gyrate,48temqd2,48temqd2::Rg,sdu6-homo / Rg,Rg,Time (ps),82000,2.231379992815156,nm,nm
line,overlay,sdu6-homo,sdu6-homo,gyrate,48temqd2,48temqd2::Rg,sdu6-homo / Rg,Rg,Time (ps),83000,2.2300661471459136,nm,nm
line,overlay,sdu6-homo,sdu6-homo,gyrate,48temqd2,48temqd2::Rg,sdu6-homo / Rg,Rg,Time (ps),84000,2.2335379812215708,nm,nm
line,overlay,sdu6-homo,sdu6-homo,gyrate,48temqd2,48temqd2::Rg,sdu6-homo / Rg,Rg,Time (ps),85000,2.230144942318765,nm,nm
line,overlay,sdu6-homo,sdu6-homo,gyrate,48temqd2,48temqd2::Rg,sdu6-homo / Rg,Rg,Time (ps),86000,2.2358721969549404,nm,nm
line,overlay,sdu6-homo,sdu6-homo,gyrate,48temqd2,48temqd2::Rg,sdu6-homo / Rg,Rg,Time (ps),87000,2.2396554662083634,nm,nm
line,overlay,sdu6-homo,sdu6-homo,gyrate,48temqd2,48temqd2::Rg,sdu6-homo / Rg,Rg,Time (ps),88000,2.2271612070804654,nm,nm
line,overlay,sdu6-homo,sdu6-homo,gyrate,48temqd2,48temqd2::Rg,sdu6-homo / Rg,Rg,Time (ps),89000,2.231751807484172,nm,nm
line,overlay,sdu6-homo,sdu6-homo,gyrate,48temqd2,48temqd2::Rg,sdu6-homo / Rg,Rg,Time (ps),90000,2.2354937222462072,nm,nm
line,overlay,sdu6-homo,sdu6-homo,gyrate,48temqd2,48temqd2::Rg,sdu6-homo / Rg,Rg,Time (ps),91000,2.228906303551245,nm,nm
line,overlay,sdu6-homo,sdu6-homo,gyrate,48temqd2,48temqd2::Rg,sdu6-homo / Rg,Rg,Time (ps),92000,2.221168826288363,nm,nm
line,overlay,sdu6-homo,sdu6-homo,gyrate,48temqd2,48temqd2::Rg,sdu6-homo / Rg,Rg,Time (ps),93000,2.218068040357628,nm,nm
line,overlay,sdu6-homo,sdu6-homo,gyrate,48temqd2,48temqd2::Rg,sdu6-homo / Rg,Rg,Time (ps),94000,2.233845933360023,nm,nm
line,overlay,sdu6-homo,sdu6-homo,gyrate,48temqd2,48temqd2::Rg,sdu6-homo / Rg,Rg,Time (ps),95000,2.232303219061105,nm,nm
line,overlay,sdu6-homo,sdu6-homo,gyrate,48temqd2,48temqd2::Rg,sdu6-homo / Rg,Rg,Time (ps),96000,2.2307115249086773,nm,nm
line,overlay,sdu6-homo,sdu6-homo,gyrate,48temqd2,48temqd2::Rg,sdu6-homo / Rg,Rg,Time (ps),97000,2.2301653177389698,nm,nm
line,overlay,sdu6-homo,sdu6-homo,gyrate,48temqd2,48temqd2::Rg,sdu6-homo / Rg,Rg,Time (ps),98000,2.2270007586546554,nm,nm
line,overlay,sdu6-homo,sdu6-homo,gyrate,48temqd2,48temqd2::Rg,sdu6-homo / Rg,Rg,Time (ps),99000,2.240360866101843,nm,nm
line,overlay,sdu6-homo,sdu6-homo,gyrate,48temqd2,48temqd2::Rg,sdu6-homo / Rg,Rg,Time (ps),100000,2.233425402824475,nm,nm
line,overlay,sdu6-homo-2,sdu6-homo-2,gyrate,kph9a5qu,kph9a5qu::Rg,sdu6-homo-2 / Rg,Rg,Time (ps),0,2.2224313750762064,nm,nm
line,overlay,sdu6-homo-2,sdu6-homo-2,gyrate,kph9a5qu,kph9a5qu::Rg,sdu6-homo-2 / Rg,Rg,Time (ps),1000,2.2352295003585145,nm,nm
line,overlay,sdu6-homo-2,sdu6-homo-2,gyrate,kph9a5qu,kph9a5qu::Rg,sdu6-homo-2 / Rg,Rg,Time (ps),2000,2.2227740278101824,nm,nm
line,overlay,sdu6-homo-2,sdu6-homo-2,gyrate,kph9a5qu,kph9a5qu::Rg,sdu6-homo-2 / Rg,Rg,Time (ps),3000,2.2251013497198544,nm,nm
line,overlay,sdu6-homo-2,sdu6-homo-2,gyrate,kph9a5qu,kph9a5qu::Rg,sdu6-homo-2 / Rg,Rg,Time (ps),4000,2.2304640629525463,nm,nm
line,overlay,sdu6-homo-2,sdu6-homo-2,gyrate,kph9a5qu,kph9a5qu::Rg,sdu6-homo-2 / Rg,Rg,Time (ps),5000,2.2143614067730875,nm,nm
line,overlay,sdu6-homo-2,sdu6-homo-2,gyrate,kph9a5qu,kph9a5qu::Rg,sdu6-homo-2 / Rg,Rg,Time (ps),6000,2.230805250548077,nm,nm
line,overlay,sdu6-homo-2,sdu6-homo-2,gyrate,kph9a5qu,kph9a5qu::Rg,sdu6-homo-2 / Rg,Rg,Time (ps),7000,2.228520179346347,nm,nm
line,overlay,sdu6-homo-2,sdu6-homo-2,gyrate,kph9a5qu,kph9a5qu::Rg,sdu6-homo-2 / Rg,Rg,Time (ps),8000,2.2361325896353823,nm,nm
line,overlay,sdu6-homo-2,sdu6-homo-2,gyrate,kph9a5qu,kph9a5qu::Rg,sdu6-homo-2 / Rg,Rg,Time (ps),9000,2.232151690834724,nm,nm
line,overlay,sdu6-homo-2,sdu6-homo-2,gyrate,kph9a5qu,kph9a5qu::Rg,sdu6-homo-2 / Rg,Rg,Time (ps),10000,2.2290468452469088,nm,nm
line,overlay,sdu6-homo-2,sdu6-homo-2,gyrate,kph9a5qu,kph9a5qu::Rg,sdu6-homo-2 / Rg,Rg,Time (ps),11000,2.2266485922441217,nm,nm
line,overlay,sdu6-homo-2,sdu6-homo-2,gyrate,kph9a5qu,kph9a5qu::Rg,sdu6-homo-2 / Rg,Rg,Time (ps),12000,2.227295559982772,nm,nm
line,overlay,sdu6-homo-2,sdu6-homo-2,gyrate,kph9a5qu,kph9a5qu::Rg,sdu6-homo-2 / Rg,Rg,Time (ps),13000,2.2310869650014444,nm,nm
line,overlay,sdu6-homo-2,sdu6-homo-2,gyrate,kph9a5qu,kph9a5qu::Rg,sdu6-homo-2 / Rg,Rg,Time (ps),14000,2.23121437314112,nm,nm
line,overlay,sdu6-homo-2,sdu6-homo-2,gyrate,kph9a5qu,kph9a5qu::Rg,sdu6-homo-2 / Rg,Rg,Time (ps),15000,2.225431083042933,nm,nm
line,overlay,sdu6-homo-2,sdu6-homo-2,gyrate,kph9a5qu,kph9a5qu::Rg,sdu6-homo-2 / Rg,Rg,Time (ps),16000,2.230820100642508,nm,nm
line,overlay,sdu6-homo-2,sdu6-homo-2,gyrate,kph9a5qu,kph9a5qu::Rg,sdu6-homo-2 / Rg,Rg,Time (ps),17000,2.233344060667161,nm,nm
line,overlay,sdu6-homo-2,sdu6-homo-2,gyrate,kph9a5qu,kph9a5qu::Rg,sdu6-homo-2 / Rg,Rg,Time (ps),18000,2.2403498895770206,nm,nm
line,overlay,sdu6-homo-2,sdu6-homo-2,gyrate,kph9a5qu,kph9a5qu::Rg,sdu6-homo-2 / Rg,Rg,Time (ps),19000,2.226689185896487,nm,nm
line,overlay,sdu6-homo-2,sdu6-homo-2,gyrate,kph9a5qu,kph9a5qu::Rg,sdu6-homo-2 / Rg,Rg,Time (ps),20000,2.234499924256712,nm,nm
line,overlay,sdu6-homo-2,sdu6-homo-2,gyrate,kph9a5qu,kph9a5qu::Rg,sdu6-homo-2 / Rg,Rg,Time (ps),21000,2.2287031285803467,nm,nm
line,overlay,sdu6-homo-2,sdu6-homo-2,gyrate,kph9a5qu,kph9a5qu::Rg,sdu6-homo-2 / Rg,Rg,Time (ps),22000,2.23450957127559,nm,nm
line,overlay,sdu6-homo-2,sdu6-homo-2,gyrate,kph9a5qu,kph9a5qu::Rg,sdu6-homo-2 / Rg,Rg,Time (ps),23000,2.2295787250303225,nm,nm
line,overlay,sdu6-homo-2,sdu6-homo-2,gyrate,kph9a5qu,kph9a5qu::Rg,sdu6-homo-2 / Rg,Rg,Time (ps),24000,2.246087941487672,nm,nm
line,overlay,sdu6-homo-2,sdu6-homo-2,gyrate,kph9a5qu,kph9a5qu::Rg,sdu6-homo-2 / Rg,Rg,Time (ps),25000,2.2442693564231324,nm,nm
line,overlay,sdu6-homo-2,sdu6-homo-2,gyrate,kph9a5qu,kph9a5qu::Rg,sdu6-homo-2 / Rg,Rg,Time (ps),26000,2.2374569853461304,nm,nm
line,overlay,sdu6-homo-2,sdu6-homo-2,gyrate,kph9a5qu,kph9a5qu::Rg,sdu6-homo-2 / Rg,Rg,Time (ps),27000,2.2349925941624886,nm,nm
line,overlay,sdu6-homo-2,sdu6-homo-2,gyrate,kph9a5qu,kph9a5qu::Rg,sdu6-homo-2 / Rg,Rg,Time (ps),28000,2.23302331778662,nm,nm
line,overlay,sdu6-homo-2,sdu6-homo-2,gyrate,kph9a5qu,kph9a5qu::Rg,sdu6-homo-2 / Rg,Rg,Time (ps),29000,2.2378222926702187,nm,nm
line,overlay,sdu6-homo-2,sdu6-homo-2,gyrate,kph9a5qu,kph9a5qu::Rg,sdu6-homo-2 / Rg,Rg,Time (ps),30000,2.240912776638752,nm,nm
line,overlay,sdu6-homo-2,sdu6-homo-2,gyrate,kph9a5qu,kph9a5qu::Rg,sdu6-homo-2 / Rg,Rg,Time (ps),31000,2.229070893295507,nm,nm
line,overlay,sdu6-homo-2,sdu6-homo-2,gyrate,kph9a5qu,kph9a5qu::Rg,sdu6-homo-2 / Rg,Rg,Time (ps),32000,2.222114035378015,nm,nm
line,overlay,sdu6-homo-2,sdu6-homo-2,gyrate,kph9a5qu,kph9a5qu::Rg,sdu6-homo-2 / Rg,Rg,Time (ps),33000,2.241096633446648,nm,nm
line,overlay,sdu6-homo-2,sdu6-homo-2,gyrate,kph9a5qu,kph9a5qu::Rg,sdu6-homo-2 / Rg,Rg,Time (ps),34000,2.2326128922541497,nm,nm
line,overlay,sdu6-homo-2,sdu6-homo-2,gyrate,kph9a5qu,kph9a5qu::Rg,sdu6-homo-2 / Rg,Rg,Time (ps),35000,2.239693985378153,nm,nm
line,overlay,sdu6-homo-2,sdu6-homo-2,gyrate,kph9a5qu,kph9a5qu::Rg,sdu6-homo-2 / Rg,Rg,Time (ps),36000,2.2348646465479245,nm,nm
line,overlay,sdu6-homo-2,sdu6-homo-2,gyrate,kph9a5qu,kph9a5qu::Rg,sdu6-homo-2 / Rg,Rg,Time (ps),37000,2.233242483080802,nm,nm
line,overlay,sdu6-homo-2,sdu6-homo-2,gyrate,kph9a5qu,kph9a5qu::Rg,sdu6-homo-2 / Rg,Rg,Time (ps),38000,2.2356940341564644,nm,nm
line,overlay,sdu6-homo-2,sdu6-homo-2,gyrate,kph9a5qu,kph9a5qu::Rg,sdu6-homo-2 / Rg,Rg,Time (ps),39000,2.2374463600896823,nm,nm
line,overlay,sdu6-homo-2,sdu6-homo-2,gyrate,kph9a5qu,kph9a5qu::Rg,sdu6-homo-2 / Rg,Rg,Time (ps),40000,2.234960329101336,nm,nm
line,overlay,sdu6-homo-2,sdu6-homo-2,gyrate,kph9a5qu,kph9a5qu::Rg,sdu6-homo-2 / Rg,Rg,Time (ps),41000,2.239331716888381,nm,nm
line,overlay,sdu6-homo-2,sdu6-homo-2,gyrate,kph9a5qu,kph9a5qu::Rg,sdu6-homo-2 / Rg,Rg,Time (ps),42000,2.227563616905386,nm,nm
line,overlay,sdu6-homo-2,sdu6-homo-2,gyrate,kph9a5qu,kph9a5qu::Rg,sdu6-homo-2 / Rg,Rg,Time (ps),43000,2.224866013968828,nm,nm
line,overlay,sdu6-homo-2,sdu6-homo-2,gyrate,kph9a5qu,kph9a5qu::Rg,sdu6-homo-2 / Rg,Rg,Time (ps),44000,2.2331855657384647,nm,nm
line,overlay,sdu6-homo-2,sdu6-homo-2,gyrate,kph9a5qu,kph9a5qu::Rg,sdu6-homo-2 / Rg,Rg,Time (ps),45000,2.228573040451036,nm,nm
line,overlay,sdu6-homo-2,sdu6-homo-2,gyrate,kph9a5qu,kph9a5qu::Rg,sdu6-homo-2 / Rg,Rg,Time (ps),46000,2.226055671919267,nm,nm
line,overlay,sdu6-homo-2,sdu6-homo-2,gyrate,kph9a5qu,kph9a5qu::Rg,sdu6-homo-2 / Rg,Rg,Time (ps),47000,2.225736707407542,nm,nm
line,overlay,sdu6-homo-2,sdu6-homo-2,gyrate,kph9a5qu,kph9a5qu::Rg,sdu6-homo-2 / Rg,Rg,Time (ps),48000,2.228963627323804,nm,nm
line,overlay,sdu6-homo-2,sdu6-homo-2,gyrate,kph9a5qu,kph9a5qu::Rg,sdu6-homo-2 / Rg,Rg,Time (ps),49000,2.2198573788042677,nm,nm
line,overlay,sdu6-homo-2,sdu6-homo-2,gyrate,kph9a5qu,kph9a5qu::Rg,sdu6-homo-2 / Rg,Rg,Time (ps),50000,2.230112164237538,nm,nm
line,overlay,sdu6-homo-2,sdu6-homo-2,gyrate,kph9a5qu,kph9a5qu::Rg,sdu6-homo-2 / Rg,Rg,Time (ps),51000,2.2280094382597637,nm,nm
line,overlay,sdu6-homo-2,sdu6-homo-2,gyrate,kph9a5qu,kph9a5qu::Rg,sdu6-homo-2 / Rg,Rg,Time (ps),52000,2.227798262360574,nm,nm
line,overlay,sdu6-homo-2,sdu6-homo-2,gyrate,kph9a5qu,kph9a5qu::Rg,sdu6-homo-2 / Rg,Rg,Time (ps),53000,2.2383413197803965,nm,nm
line,overlay,sdu6-homo-2,sdu6-homo-2,gyrate,kph9a5qu,kph9a5qu::Rg,sdu6-homo-2 / Rg,Rg,Time (ps),54000,2.2315353480086344,nm,nm
line,overlay,sdu6-homo-2,sdu6-homo-2,gyrate,kph9a5qu,kph9a5qu::Rg,sdu6-homo-2 / Rg,Rg,Time (ps),55000,2.229373846615698,nm,nm
line,overlay,sdu6-homo-2,sdu6-homo-2,gyrate,kph9a5qu,kph9a5qu::Rg,sdu6-homo-2 / Rg,Rg,Time (ps),56000,2.22104416718825,nm,nm
line,overlay,sdu6-homo-2,sdu6-homo-2,gyrate,kph9a5qu,kph9a5qu::Rg,sdu6-homo-2 / Rg,Rg,Time (ps),57000,2.229194767903198,nm,nm
line,overlay,sdu6-homo-2,sdu6-homo-2,gyrate,kph9a5qu,kph9a5qu::Rg,sdu6-homo-2 / Rg,Rg,Time (ps),58000,2.230240679335957,nm,nm
line,overlay,sdu6-homo-2,sdu6-homo-2,gyrate,kph9a5qu,kph9a5qu::Rg,sdu6-homo-2 / Rg,Rg,Time (ps),59000,2.2222402612276677,nm,nm
line,overlay,sdu6-homo-2,sdu6-homo-2,gyrate,kph9a5qu,kph9a5qu::Rg,sdu6-homo-2 / Rg,Rg,Time (ps),60000,2.234098423266472,nm,nm
line,overlay,sdu6-homo-2,sdu6-homo-2,gyrate,kph9a5qu,kph9a5qu::Rg,sdu6-homo-2 / Rg,Rg,Time (ps),61000,2.2195394575464524,nm,nm
line,overlay,sdu6-homo-2,sdu6-homo-2,gyrate,kph9a5qu,kph9a5qu::Rg,sdu6-homo-2 / Rg,Rg,Time (ps),62000,2.231332407209074,nm,nm
line,overlay,sdu6-homo-2,sdu6-homo-2,gyrate,kph9a5qu,kph9a5qu::Rg,sdu6-homo-2 / Rg,Rg,Time (ps),63000,2.234924863816181,nm,nm
line,overlay,sdu6-homo-2,sdu6-homo-2,gyrate,kph9a5qu,kph9a5qu::Rg,sdu6-homo-2 / Rg,Rg,Time (ps),64000,2.235322310192682,nm,nm
line,overlay,sdu6-homo-2,sdu6-homo-2,gyrate,kph9a5qu,kph9a5qu::Rg,sdu6-homo-2 / Rg,Rg,Time (ps),65000,2.227417282228648,nm,nm
line,overlay,sdu6-homo-2,sdu6-homo-2,gyrate,kph9a5qu,kph9a5qu::Rg,sdu6-homo-2 / Rg,Rg,Time (ps),66000,2.223951745175461,nm,nm
line,overlay,sdu6-homo-2,sdu6-homo-2,gyrate,kph9a5qu,kph9a5qu::Rg,sdu6-homo-2 / Rg,Rg,Time (ps),67000,2.2224498157030967,nm,nm
line,overlay,sdu6-homo-2,sdu6-homo-2,gyrate,kph9a5qu,kph9a5qu::Rg,sdu6-homo-2 / Rg,Rg,Time (ps),68000,2.2243176664958213,nm,nm
line,overlay,sdu6-homo-2,sdu6-homo-2,gyrate,kph9a5qu,kph9a5qu::Rg,sdu6-homo-2 / Rg,Rg,Time (ps),69000,2.2249989445242173,nm,nm
line,overlay,sdu6-homo-2,sdu6-homo-2,gyrate,kph9a5qu,kph9a5qu::Rg,sdu6-homo-2 / Rg,Rg,Time (ps),70000,2.2183241753987164,nm,nm
line,overlay,sdu6-homo-2,sdu6-homo-2,gyrate,kph9a5qu,kph9a5qu::Rg,sdu6-homo-2 / Rg,Rg,Time (ps),71000,2.231569866847744,nm,nm
line,overlay,sdu6-homo-2,sdu6-homo-2,gyrate,kph9a5qu,kph9a5qu::Rg,sdu6-homo-2 / Rg,Rg,Time (ps),72000,2.225058491767846,nm,nm
line,overlay,sdu6-homo-2,sdu6-homo-2,gyrate,kph9a5qu,kph9a5qu::Rg,sdu6-homo-2 / Rg,Rg,Time (ps),73000,2.230190670606116,nm,nm
line,overlay,sdu6-homo-2,sdu6-homo-2,gyrate,kph9a5qu,kph9a5qu::Rg,sdu6-homo-2 / Rg,Rg,Time (ps),74000,2.2396650128970843,nm,nm
line,overlay,sdu6-homo-2,sdu6-homo-2,gyrate,kph9a5qu,kph9a5qu::Rg,sdu6-homo-2 / Rg,Rg,Time (ps),75000,2.238016162826509,nm,nm
line,overlay,sdu6-homo-2,sdu6-homo-2,gyrate,kph9a5qu,kph9a5qu::Rg,sdu6-homo-2 / Rg,Rg,Time (ps),76000,2.2309040663461777,nm,nm
line,overlay,sdu6-homo-2,sdu6-homo-2,gyrate,kph9a5qu,kph9a5qu::Rg,sdu6-homo-2 / Rg,Rg,Time (ps),77000,2.234803651486022,nm,nm
line,overlay,sdu6-homo-2,sdu6-homo-2,gyrate,kph9a5qu,kph9a5qu::Rg,sdu6-homo-2 / Rg,Rg,Time (ps),78000,2.226823316288723,nm,nm
line,overlay,sdu6-homo-2,sdu6-homo-2,gyrate,kph9a5qu,kph9a5qu::Rg,sdu6-homo-2 / Rg,Rg,Time (ps),79000,2.226658151051341,nm,nm
line,overlay,sdu6-homo-2,sdu6-homo-2,gyrate,kph9a5qu,kph9a5qu::Rg,sdu6-homo-2 / Rg,Rg,Time (ps),80000,2.2266259567257918,nm,nm
line,overlay,sdu6-homo-2,sdu6-homo-2,gyrate,kph9a5qu,kph9a5qu::Rg,sdu6-homo-2 / Rg,Rg,Time (ps),81000,2.230340185437816,nm,nm
line,overlay,sdu6-homo-2,sdu6-homo-2,gyrate,kph9a5qu,kph9a5qu::Rg,sdu6-homo-2 / Rg,Rg,Time (ps),82000,2.2244224177528067,nm,nm
line,overlay,sdu6-homo-2,sdu6-homo-2,gyrate,kph9a5qu,kph9a5qu::Rg,sdu6-homo-2 / Rg,Rg,Time (ps),83000,2.233302958138775,nm,nm
line,overlay,sdu6-homo-2,sdu6-homo-2,gyrate,kph9a5qu,kph9a5qu::Rg,sdu6-homo-2 / Rg,Rg,Time (ps),84000,2.235367801375345,nm,nm
line,overlay,sdu6-homo-2,sdu6-homo-2,gyrate,kph9a5qu,kph9a5qu::Rg,sdu6-homo-2 / Rg,Rg,Time (ps),85000,2.225766426017885,nm,nm
line,overlay,sdu6-homo-2,sdu6-homo-2,gyrate,kph9a5qu,kph9a5qu::Rg,sdu6-homo-2 / Rg,Rg,Time (ps),86000,2.2351576444541434,nm,nm
line,overlay,sdu6-homo-2,sdu6-homo-2,gyrate,kph9a5qu,kph9a5qu::Rg,sdu6-homo-2 / Rg,Rg,Time (ps),87000,2.2336651685815654,nm,nm
line,overlay,sdu6-homo-2,sdu6-homo-2,gyrate,kph9a5qu,kph9a5qu::Rg,sdu6-homo-2 / Rg,Rg,Time (ps),88000,2.2389232548611444,nm,nm
line,overlay,sdu6-homo-2,sdu6-homo-2,gyrate,kph9a5qu,kph9a5qu::Rg,sdu6-homo-2 / Rg,Rg,Time (ps),89000,2.2307035012622523,nm,nm
line,overlay,sdu6-homo-2,sdu6-homo-2,gyrate,kph9a5qu,kph9a5qu::Rg,sdu6-homo-2 / Rg,Rg,Time (ps),90000,2.2331687649321594,nm,nm
line,overlay,sdu6-homo-2,sdu6-homo-2,gyrate,kph9a5qu,kph9a5qu::Rg,sdu6-homo-2 / Rg,Rg,Time (ps),91000,2.240350653488759,nm,nm
line,overlay,sdu6-homo-2,sdu6-homo-2,gyrate,kph9a5qu,kph9a5qu::Rg,sdu6-homo-2 / Rg,Rg,Time (ps),92000,2.2278348935452605,nm,nm
line,overlay,sdu6-homo-2,sdu6-homo-2,gyrate,kph9a5qu,kph9a5qu::Rg,sdu6-homo-2 / Rg,Rg,Time (ps),93000,2.220520448674852,nm,nm
line,overlay,sdu6-homo-2,sdu6-homo-2,gyrate,kph9a5qu,kph9a5qu::Rg,sdu6-homo-2 / Rg,Rg,Time (ps),94000,2.222111668726237,nm,nm
line,overlay,sdu6-homo-2,sdu6-homo-2,gyrate,kph9a5qu,kph9a5qu::Rg,sdu6-homo-2 / Rg,Rg,Time (ps),95000,2.227245218434369,nm,nm
line,overlay,sdu6-homo-2,sdu6-homo-2,gyrate,kph9a5qu,kph9a5qu::Rg,sdu6-homo-2 / Rg,Rg,Time (ps),96000,2.2249373736138733,nm,nm
line,overlay,sdu6-homo-2,sdu6-homo-2,gyrate,kph9a5qu,kph9a5qu::Rg,sdu6-homo-2 / Rg,Rg,Time (ps),97000,2.243688753271785,nm,nm
line,overlay,sdu6-homo-2,sdu6-homo-2,gyrate,kph9a5qu,kph9a5qu::Rg,sdu6-homo-2 / Rg,Rg,Time (ps),98000,2.241114428174183,nm,nm
line,overlay,sdu6-homo-2,sdu6-homo-2,gyrate,kph9a5qu,kph9a5qu::Rg,sdu6-homo-2 / Rg,Rg,Time (ps),99000,2.234075827797506,nm,nm
line,overlay,sdu6-homo-2,sdu6-homo-2,gyrate,kph9a5qu,kph9a5qu::Rg,sdu6-homo-2 / Rg,Rg,Time (ps),100000,2.236766645742708,nm,nm
line,overlay,sdu6-homo-3,sdu6-homo-3,gyrate,yi9dci36,yi9dci36::Rg,sdu6-homo-3 / Rg,Rg,Time (ps),0,2.2299796772776403,nm,nm
line,overlay,sdu6-homo-3,sdu6-homo-3,gyrate,yi9dci36,yi9dci36::Rg,sdu6-homo-3 / Rg,Rg,Time (ps),1000,2.223430037030374,nm,nm
line,overlay,sdu6-homo-3,sdu6-homo-3,gyrate,yi9dci36,yi9dci36::Rg,sdu6-homo-3 / Rg,Rg,Time (ps),2000,2.235564675235309,nm,nm
line,overlay,sdu6-homo-3,sdu6-homo-3,gyrate,yi9dci36,yi9dci36::Rg,sdu6-homo-3 / Rg,Rg,Time (ps),3000,2.2343017254258384,nm,nm
line,overlay,sdu6-homo-3,sdu6-homo-3,gyrate,yi9dci36,yi9dci36::Rg,sdu6-homo-3 / Rg,Rg,Time (ps),4000,2.235851312695148,nm,nm
line,overlay,sdu6-homo-3,sdu6-homo-3,gyrate,yi9dci36,yi9dci36::Rg,sdu6-homo-3 / Rg,Rg,Time (ps),5000,2.2243744715638845,nm,nm
line,overlay,sdu6-homo-3,sdu6-homo-3,gyrate,yi9dci36,yi9dci36::Rg,sdu6-homo-3 / Rg,Rg,Time (ps),6000,2.2237682051353884,nm,nm
line,overlay,sdu6-homo-3,sdu6-homo-3,gyrate,yi9dci36,yi9dci36::Rg,sdu6-homo-3 / Rg,Rg,Time (ps),7000,2.2284994853806115,nm,nm
line,overlay,sdu6-homo-3,sdu6-homo-3,gyrate,yi9dci36,yi9dci36::Rg,sdu6-homo-3 / Rg,Rg,Time (ps),8000,2.2232834769087004,nm,nm
line,overlay,sdu6-homo-3,sdu6-homo-3,gyrate,yi9dci36,yi9dci36::Rg,sdu6-homo-3 / Rg,Rg,Time (ps),9000,2.221232949547797,nm,nm
line,overlay,sdu6-homo-3,sdu6-homo-3,gyrate,yi9dci36,yi9dci36::Rg,sdu6-homo-3 / Rg,Rg,Time (ps),10000,2.2188111294214377,nm,nm
line,overlay,sdu6-homo-3,sdu6-homo-3,gyrate,yi9dci36,yi9dci36::Rg,sdu6-homo-3 / Rg,Rg,Time (ps),11000,2.220455984693998,nm,nm
line,overlay,sdu6-homo-3,sdu6-homo-3,gyrate,yi9dci36,yi9dci36::Rg,sdu6-homo-3 / Rg,Rg,Time (ps),12000,2.224724321609639,nm,nm
line,overlay,sdu6-homo-3,sdu6-homo-3,gyrate,yi9dci36,yi9dci36::Rg,sdu6-homo-3 / Rg,Rg,Time (ps),13000,2.226712965015109,nm,nm
line,overlay,sdu6-homo-3,sdu6-homo-3,gyrate,yi9dci36,yi9dci36::Rg,sdu6-homo-3 / Rg,Rg,Time (ps),14000,2.235217556744318,nm,nm
line,overlay,sdu6-homo-3,sdu6-homo-3,gyrate,yi9dci36,yi9dci36::Rg,sdu6-homo-3 / Rg,Rg,Time (ps),15000,2.2318749663310973,nm,nm
line,overlay,sdu6-homo-3,sdu6-homo-3,gyrate,yi9dci36,yi9dci36::Rg,sdu6-homo-3 / Rg,Rg,Time (ps),16000,2.2350070925774155,nm,nm
line,overlay,sdu6-homo-3,sdu6-homo-3,gyrate,yi9dci36,yi9dci36::Rg,sdu6-homo-3 / Rg,Rg,Time (ps),17000,2.224918042835158,nm,nm
line,overlay,sdu6-homo-3,sdu6-homo-3,gyrate,yi9dci36,yi9dci36::Rg,sdu6-homo-3 / Rg,Rg,Time (ps),18000,2.2321604469136784,nm,nm
line,overlay,sdu6-homo-3,sdu6-homo-3,gyrate,yi9dci36,yi9dci36::Rg,sdu6-homo-3 / Rg,Rg,Time (ps),19000,2.230808358115272,nm,nm
line,overlay,sdu6-homo-3,sdu6-homo-3,gyrate,yi9dci36,yi9dci36::Rg,sdu6-homo-3 / Rg,Rg,Time (ps),20000,2.2310968914018665,nm,nm
line,overlay,sdu6-homo-3,sdu6-homo-3,gyrate,yi9dci36,yi9dci36::Rg,sdu6-homo-3 / Rg,Rg,Time (ps),21000,2.22986453742328,nm,nm
line,overlay,sdu6-homo-3,sdu6-homo-3,gyrate,yi9dci36,yi9dci36::Rg,sdu6-homo-3 / Rg,Rg,Time (ps),22000,2.219109310823021,nm,nm
line,overlay,sdu6-homo-3,sdu6-homo-3,gyrate,yi9dci36,yi9dci36::Rg,sdu6-homo-3 / Rg,Rg,Time (ps),23000,2.2271309358025166,nm,nm
line,overlay,sdu6-homo-3,sdu6-homo-3,gyrate,yi9dci36,yi9dci36::Rg,sdu6-homo-3 / Rg,Rg,Time (ps),24000,2.219679533709736,nm,nm
line,overlay,sdu6-homo-3,sdu6-homo-3,gyrate,yi9dci36,yi9dci36::Rg,sdu6-homo-3 / Rg,Rg,Time (ps),25000,2.224113667483657,nm,nm
line,overlay,sdu6-homo-3,sdu6-homo-3,gyrate,yi9dci36,yi9dci36::Rg,sdu6-homo-3 / Rg,Rg,Time (ps),26000,2.2181048431161927,nm,nm
line,overlay,sdu6-homo-3,sdu6-homo-3,gyrate,yi9dci36,yi9dci36::Rg,sdu6-homo-3 / Rg,Rg,Time (ps),27000,2.2147131651124634,nm,nm
line,overlay,sdu6-homo-3,sdu6-homo-3,gyrate,yi9dci36,yi9dci36::Rg,sdu6-homo-3 / Rg,Rg,Time (ps),28000,2.222263347381809,nm,nm
line,overlay,sdu6-homo-3,sdu6-homo-3,gyrate,yi9dci36,yi9dci36::Rg,sdu6-homo-3 / Rg,Rg,Time (ps),29000,2.2176276577422622,nm,nm
line,overlay,sdu6-homo-3,sdu6-homo-3,gyrate,yi9dci36,yi9dci36::Rg,sdu6-homo-3 / Rg,Rg,Time (ps),30000,2.223493837116896,nm,nm
line,overlay,sdu6-homo-3,sdu6-homo-3,gyrate,yi9dci36,yi9dci36::Rg,sdu6-homo-3 / Rg,Rg,Time (ps),31000,2.231351783276393,nm,nm
line,overlay,sdu6-homo-3,sdu6-homo-3,gyrate,yi9dci36,yi9dci36::Rg,sdu6-homo-3 / Rg,Rg,Time (ps),32000,2.2287614446174846,nm,nm
line,overlay,sdu6-homo-3,sdu6-homo-3,gyrate,yi9dci36,yi9dci36::Rg,sdu6-homo-3 / Rg,Rg,Time (ps),33000,2.2382298128122717,nm,nm
line,overlay,sdu6-homo-3,sdu6-homo-3,gyrate,yi9dci36,yi9dci36::Rg,sdu6-homo-3 / Rg,Rg,Time (ps),34000,2.230216963768369,nm,nm
line,overlay,sdu6-homo-3,sdu6-homo-3,gyrate,yi9dci36,yi9dci36::Rg,sdu6-homo-3 / Rg,Rg,Time (ps),35000,2.2337199130165617,nm,nm
line,overlay,sdu6-homo-3,sdu6-homo-3,gyrate,yi9dci36,yi9dci36::Rg,sdu6-homo-3 / Rg,Rg,Time (ps),36000,2.2232335378452555,nm,nm
line,overlay,sdu6-homo-3,sdu6-homo-3,gyrate,yi9dci36,yi9dci36::Rg,sdu6-homo-3 / Rg,Rg,Time (ps),37000,2.2250710440426467,nm,nm
line,overlay,sdu6-homo-3,sdu6-homo-3,gyrate,yi9dci36,yi9dci36::Rg,sdu6-homo-3 / Rg,Rg,Time (ps),38000,2.23342541144912,nm,nm
line,overlay,sdu6-homo-3,sdu6-homo-3,gyrate,yi9dci36,yi9dci36::Rg,sdu6-homo-3 / Rg,Rg,Time (ps),39000,2.2254055075852768,nm,nm
line,overlay,sdu6-homo-3,sdu6-homo-3,gyrate,yi9dci36,yi9dci36::Rg,sdu6-homo-3 / Rg,Rg,Time (ps),40000,2.2368639494423888,nm,nm
line,overlay,sdu6-homo-3,sdu6-homo-3,gyrate,yi9dci36,yi9dci36::Rg,sdu6-homo-3 / Rg,Rg,Time (ps),41000,2.241161675136318,nm,nm
line,overlay,sdu6-homo-3,sdu6-homo-3,gyrate,yi9dci36,yi9dci36::Rg,sdu6-homo-3 / Rg,Rg,Time (ps),42000,2.227345575661762,nm,nm
line,overlay,sdu6-homo-3,sdu6-homo-3,gyrate,yi9dci36,yi9dci36::Rg,sdu6-homo-3 / Rg,Rg,Time (ps),43000,2.223958010318828,nm,nm
line,overlay,sdu6-homo-3,sdu6-homo-3,gyrate,yi9dci36,yi9dci36::Rg,sdu6-homo-3 / Rg,Rg,Time (ps),44000,2.233516913022195,nm,nm
line,overlay,sdu6-homo-3,sdu6-homo-3,gyrate,yi9dci36,yi9dci36::Rg,sdu6-homo-3 / Rg,Rg,Time (ps),45000,2.235442348014696,nm,nm
line,overlay,sdu6-homo-3,sdu6-homo-3,gyrate,yi9dci36,yi9dci36::Rg,sdu6-homo-3 / Rg,Rg,Time (ps),46000,2.237448989533978,nm,nm
line,overlay,sdu6-homo-3,sdu6-homo-3,gyrate,yi9dci36,yi9dci36::Rg,sdu6-homo-3 / Rg,Rg,Time (ps),47000,2.237694173928046,nm,nm
line,overlay,sdu6-homo-3,sdu6-homo-3,gyrate,yi9dci36,yi9dci36::Rg,sdu6-homo-3 / Rg,Rg,Time (ps),48000,2.2367241328120784,nm,nm
line,overlay,sdu6-homo-3,sdu6-homo-3,gyrate,yi9dci36,yi9dci36::Rg,sdu6-homo-3 / Rg,Rg,Time (ps),49000,2.249044730230878,nm,nm
line,overlay,sdu6-homo-3,sdu6-homo-3,gyrate,yi9dci36,yi9dci36::Rg,sdu6-homo-3 / Rg,Rg,Time (ps),50000,2.242321099139413,nm,nm
line,overlay,sdu6-homo-3,sdu6-homo-3,gyrate,yi9dci36,yi9dci36::Rg,sdu6-homo-3 / Rg,Rg,Time (ps),51000,2.2274175337903195,nm,nm
line,overlay,sdu6-homo-3,sdu6-homo-3,gyrate,yi9dci36,yi9dci36::Rg,sdu6-homo-3 / Rg,Rg,Time (ps),52000,2.231270630695595,nm,nm
line,overlay,sdu6-homo-3,sdu6-homo-3,gyrate,yi9dci36,yi9dci36::Rg,sdu6-homo-3 / Rg,Rg,Time (ps),53000,2.224673073481772,nm,nm
line,overlay,sdu6-homo-3,sdu6-homo-3,gyrate,yi9dci36,yi9dci36::Rg,sdu6-homo-3 / Rg,Rg,Time (ps),54000,2.235459344157172,nm,nm
line,overlay,sdu6-homo-3,sdu6-homo-3,gyrate,yi9dci36,yi9dci36::Rg,sdu6-homo-3 / Rg,Rg,Time (ps),55000,2.2405384600314178,nm,nm
line,overlay,sdu6-homo-3,sdu6-homo-3,gyrate,yi9dci36,yi9dci36::Rg,sdu6-homo-3 / Rg,Rg,Time (ps),56000,2.2383430685911896,nm,nm
line,overlay,sdu6-homo-3,sdu6-homo-3,gyrate,yi9dci36,yi9dci36::Rg,sdu6-homo-3 / Rg,Rg,Time (ps),57000,2.2420753677622445,nm,nm
line,overlay,sdu6-homo-3,sdu6-homo-3,gyrate,yi9dci36,yi9dci36::Rg,sdu6-homo-3 / Rg,Rg,Time (ps),58000,2.2429006549724724,nm,nm
line,overlay,sdu6-homo-3,sdu6-homo-3,gyrate,yi9dci36,yi9dci36::Rg,sdu6-homo-3 / Rg,Rg,Time (ps),59000,2.2288081458026183,nm,nm
line,overlay,sdu6-homo-3,sdu6-homo-3,gyrate,yi9dci36,yi9dci36::Rg,sdu6-homo-3 / Rg,Rg,Time (ps),60000,2.2323726826407886,nm,nm
line,overlay,sdu6-homo-3,sdu6-homo-3,gyrate,yi9dci36,yi9dci36::Rg,sdu6-homo-3 / Rg,Rg,Time (ps),61000,2.229316632653025,nm,nm
line,overlay,sdu6-homo-3,sdu6-homo-3,gyrate,yi9dci36,yi9dci36::Rg,sdu6-homo-3 / Rg,Rg,Time (ps),62000,2.229130219585445,nm,nm
line,overlay,sdu6-homo-3,sdu6-homo-3,gyrate,yi9dci36,yi9dci36::Rg,sdu6-homo-3 / Rg,Rg,Time (ps),63000,2.228749554279098,nm,nm
line,overlay,sdu6-homo-3,sdu6-homo-3,gyrate,yi9dci36,yi9dci36::Rg,sdu6-homo-3 / Rg,Rg,Time (ps),64000,2.226402831815085,nm,nm
line,overlay,sdu6-homo-3,sdu6-homo-3,gyrate,yi9dci36,yi9dci36::Rg,sdu6-homo-3 / Rg,Rg,Time (ps),65000,2.2327433184849674,nm,nm
line,overlay,sdu6-homo-3,sdu6-homo-3,gyrate,yi9dci36,yi9dci36::Rg,sdu6-homo-3 / Rg,Rg,Time (ps),66000,2.237259627532987,nm,nm
line,overlay,sdu6-homo-3,sdu6-homo-3,gyrate,yi9dci36,yi9dci36::Rg,sdu6-homo-3 / Rg,Rg,Time (ps),67000,2.234278619337093,nm,nm
line,overlay,sdu6-homo-3,sdu6-homo-3,gyrate,yi9dci36,yi9dci36::Rg,sdu6-homo-3 / Rg,Rg,Time (ps),68000,2.2339897437403136,nm,nm
line,overlay,sdu6-homo-3,sdu6-homo-3,gyrate,yi9dci36,yi9dci36::Rg,sdu6-homo-3 / Rg,Rg,Time (ps),69000,2.2272881076663804,nm,nm
line,overlay,sdu6-homo-3,sdu6-homo-3,gyrate,yi9dci36,yi9dci36::Rg,sdu6-homo-3 / Rg,Rg,Time (ps),70000,2.237291458837229,nm,nm
line,overlay,sdu6-homo-3,sdu6-homo-3,gyrate,yi9dci36,yi9dci36::Rg,sdu6-homo-3 / Rg,Rg,Time (ps),71000,2.2391979022098862,nm,nm
line,overlay,sdu6-homo-3,sdu6-homo-3,gyrate,yi9dci36,yi9dci36::Rg,sdu6-homo-3 / Rg,Rg,Time (ps),72000,2.240295287070567,nm,nm
line,overlay,sdu6-homo-3,sdu6-homo-3,gyrate,yi9dci36,yi9dci36::Rg,sdu6-homo-3 / Rg,Rg,Time (ps),73000,2.2439872638925364,nm,nm
line,overlay,sdu6-homo-3,sdu6-homo-3,gyrate,yi9dci36,yi9dci36::Rg,sdu6-homo-3 / Rg,Rg,Time (ps),74000,2.244632940318425,nm,nm
line,overlay,sdu6-homo-3,sdu6-homo-3,gyrate,yi9dci36,yi9dci36::Rg,sdu6-homo-3 / Rg,Rg,Time (ps),75000,2.241611236285068,nm,nm
line,overlay,sdu6-homo-3,sdu6-homo-3,gyrate,yi9dci36,yi9dci36::Rg,sdu6-homo-3 / Rg,Rg,Time (ps),76000,2.250680771619932,nm,nm
line,overlay,sdu6-homo-3,sdu6-homo-3,gyrate,yi9dci36,yi9dci36::Rg,sdu6-homo-3 / Rg,Rg,Time (ps),77000,2.2467795642173662,nm,nm
line,overlay,sdu6-homo-3,sdu6-homo-3,gyrate,yi9dci36,yi9dci36::Rg,sdu6-homo-3 / Rg,Rg,Time (ps),78000,2.2603140789844622,nm,nm
line,overlay,sdu6-homo-3,sdu6-homo-3,gyrate,yi9dci36,yi9dci36::Rg,sdu6-homo-3 / Rg,Rg,Time (ps),79000,2.259852744380892,nm,nm
line,overlay,sdu6-homo-3,sdu6-homo-3,gyrate,yi9dci36,yi9dci36::Rg,sdu6-homo-3 / Rg,Rg,Time (ps),80000,2.258551631702597,nm,nm
line,overlay,sdu6-homo-3,sdu6-homo-3,gyrate,yi9dci36,yi9dci36::Rg,sdu6-homo-3 / Rg,Rg,Time (ps),81000,2.259327292312024,nm,nm
line,overlay,sdu6-homo-3,sdu6-homo-3,gyrate,yi9dci36,yi9dci36::Rg,sdu6-homo-3 / Rg,Rg,Time (ps),82000,2.252268658280412,nm,nm
line,overlay,sdu6-homo-3,sdu6-homo-3,gyrate,yi9dci36,yi9dci36::Rg,sdu6-homo-3 / Rg,Rg,Time (ps),83000,2.255489557763981,nm,nm
line,overlay,sdu6-homo-3,sdu6-homo-3,gyrate,yi9dci36,yi9dci36::Rg,sdu6-homo-3 / Rg,Rg,Time (ps),84000,2.242337815926057,nm,nm
line,overlay,sdu6-homo-3,sdu6-homo-3,gyrate,yi9dci36,yi9dci36::Rg,sdu6-homo-3 / Rg,Rg,Time (ps),85000,2.240160084612301,nm,nm
line,overlay,sdu6-homo-3,sdu6-homo-3,gyrate,yi9dci36,yi9dci36::Rg,sdu6-homo-3 / Rg,Rg,Time (ps),86000,2.262941622344427,nm,nm
line,overlay,sdu6-homo-3,sdu6-homo-3,gyrate,yi9dci36,yi9dci36::Rg,sdu6-homo-3 / Rg,Rg,Time (ps),87000,2.248709109743686,nm,nm
line,overlay,sdu6-homo-3,sdu6-homo-3,gyrate,yi9dci36,yi9dci36::Rg,sdu6-homo-3 / Rg,Rg,Time (ps),88000,2.261306252602676,nm,nm
line,overlay,sdu6-homo-3,sdu6-homo-3,gyrate,yi9dci36,yi9dci36::Rg,sdu6-homo-3 / Rg,Rg,Time (ps),89000,2.2559546705634257,nm,nm
line,overlay,sdu6-homo-3,sdu6-homo-3,gyrate,yi9dci36,yi9dci36::Rg,sdu6-homo-3 / Rg,Rg,Time (ps),90000,2.257986106370016,nm,nm
line,overlay,sdu6-homo-3,sdu6-homo-3,gyrate,yi9dci36,yi9dci36::Rg,sdu6-homo-3 / Rg,Rg,Time (ps),91000,2.2487327751275443,nm,nm
line,overlay,sdu6-homo-3,sdu6-homo-3,gyrate,yi9dci36,yi9dci36::Rg,sdu6-homo-3 / Rg,Rg,Time (ps),92000,2.245678111167187,nm,nm
line,overlay,sdu6-homo-3,sdu6-homo-3,gyrate,yi9dci36,yi9dci36::Rg,sdu6-homo-3 / Rg,Rg,Time (ps),93000,2.2403150525712383,nm,nm
line,overlay,sdu6-homo-3,sdu6-homo-3,gyrate,yi9dci36,yi9dci36::Rg,sdu6-homo-3 / Rg,Rg,Time (ps),94000,2.25200215761942,nm,nm
line,overlay,sdu6-homo-3,sdu6-homo-3,gyrate,yi9dci36,yi9dci36::Rg,sdu6-homo-3 / Rg,Rg,Time (ps),95000,2.249699498860101,nm,nm
line,overlay,sdu6-homo-3,sdu6-homo-3,gyrate,yi9dci36,yi9dci36::Rg,sdu6-homo-3 / Rg,Rg,Time (ps),96000,2.2505303419636085,nm,nm
line,overlay,sdu6-homo-3,sdu6-homo-3,gyrate,yi9dci36,yi9dci36::Rg,sdu6-homo-3 / Rg,Rg,Time (ps),97000,2.2547916096014644,nm,nm
line,overlay,sdu6-homo-3,sdu6-homo-3,gyrate,yi9dci36,yi9dci36::Rg,sdu6-homo-3 / Rg,Rg,Time (ps),98000,2.254358511650412,nm,nm
line,overlay,sdu6-homo-3,sdu6-homo-3,gyrate,yi9dci36,yi9dci36::Rg,sdu6-homo-3 / Rg,Rg,Time (ps),99000,2.254113510664957,nm,nm
line,overlay,sdu6-homo-3,sdu6-homo-3,gyrate,yi9dci36,yi9dci36::Rg,sdu6-homo-3 / Rg,Rg,Time (ps),100000,2.2504962734105023,nm,nm
line,overlay,sdu6-homo-4,sdu6-homo-4,gyrate,p54357fw,p54357fw::Rg,sdu6-homo-4 / Rg,Rg,Time (ps),0,2.245137570402938,nm,nm
line,overlay,sdu6-homo-4,sdu6-homo-4,gyrate,p54357fw,p54357fw::Rg,sdu6-homo-4 / Rg,Rg,Time (ps),1000,2.2518580657486726,nm,nm
line,overlay,sdu6-homo-4,sdu6-homo-4,gyrate,p54357fw,p54357fw::Rg,sdu6-homo-4 / Rg,Rg,Time (ps),2000,2.231621542267588,nm,nm
line,overlay,sdu6-homo-4,sdu6-homo-4,gyrate,p54357fw,p54357fw::Rg,sdu6-homo-4 / Rg,Rg,Time (ps),3000,2.224285206866842,nm,nm
line,overlay,sdu6-homo-4,sdu6-homo-4,gyrate,p54357fw,p54357fw::Rg,sdu6-homo-4 / Rg,Rg,Time (ps),4000,2.228354338773995,nm,nm
line,overlay,sdu6-homo-4,sdu6-homo-4,gyrate,p54357fw,p54357fw::Rg,sdu6-homo-4 / Rg,Rg,Time (ps),5000,2.236408125637605,nm,nm
line,overlay,sdu6-homo-4,sdu6-homo-4,gyrate,p54357fw,p54357fw::Rg,sdu6-homo-4 / Rg,Rg,Time (ps),6000,2.2437336437103603,nm,nm
line,overlay,sdu6-homo-4,sdu6-homo-4,gyrate,p54357fw,p54357fw::Rg,sdu6-homo-4 / Rg,Rg,Time (ps),7000,2.229674888517642,nm,nm
line,overlay,sdu6-homo-4,sdu6-homo-4,gyrate,p54357fw,p54357fw::Rg,sdu6-homo-4 / Rg,Rg,Time (ps),8000,2.2382391582315853,nm,nm
line,overlay,sdu6-homo-4,sdu6-homo-4,gyrate,p54357fw,p54357fw::Rg,sdu6-homo-4 / Rg,Rg,Time (ps),9000,2.2360585926411227,nm,nm
line,overlay,sdu6-homo-4,sdu6-homo-4,gyrate,p54357fw,p54357fw::Rg,sdu6-homo-4 / Rg,Rg,Time (ps),10000,2.2465487707628857,nm,nm
line,overlay,sdu6-homo-4,sdu6-homo-4,gyrate,p54357fw,p54357fw::Rg,sdu6-homo-4 / Rg,Rg,Time (ps),11000,2.235521886894185,nm,nm
line,overlay,sdu6-homo-4,sdu6-homo-4,gyrate,p54357fw,p54357fw::Rg,sdu6-homo-4 / Rg,Rg,Time (ps),12000,2.2219633366473635,nm,nm
line,overlay,sdu6-homo-4,sdu6-homo-4,gyrate,p54357fw,p54357fw::Rg,sdu6-homo-4 / Rg,Rg,Time (ps),13000,2.225845254504999,nm,nm
line,overlay,sdu6-homo-4,sdu6-homo-4,gyrate,p54357fw,p54357fw::Rg,sdu6-homo-4 / Rg,Rg,Time (ps),14000,2.237284208909056,nm,nm
line,overlay,sdu6-homo-4,sdu6-homo-4,gyrate,p54357fw,p54357fw::Rg,sdu6-homo-4 / Rg,Rg,Time (ps),15000,2.2230314674617926,nm,nm
line,overlay,sdu6-homo-4,sdu6-homo-4,gyrate,p54357fw,p54357fw::Rg,sdu6-homo-4 / Rg,Rg,Time (ps),16000,2.237824550485621,nm,nm
line,overlay,sdu6-homo-4,sdu6-homo-4,gyrate,p54357fw,p54357fw::Rg,sdu6-homo-4 / Rg,Rg,Time (ps),17000,2.231442663354701,nm,nm
line,overlay,sdu6-homo-4,sdu6-homo-4,gyrate,p54357fw,p54357fw::Rg,sdu6-homo-4 / Rg,Rg,Time (ps),18000,2.232033340850923,nm,nm
line,overlay,sdu6-homo-4,sdu6-homo-4,gyrate,p54357fw,p54357fw::Rg,sdu6-homo-4 / Rg,Rg,Time (ps),19000,2.2328243579397635,nm,nm
line,overlay,sdu6-homo-4,sdu6-homo-4,gyrate,p54357fw,p54357fw::Rg,sdu6-homo-4 / Rg,Rg,Time (ps),20000,2.230577310623517,nm,nm
line,overlay,sdu6-homo-4,sdu6-homo-4,gyrate,p54357fw,p54357fw::Rg,sdu6-homo-4 / Rg,Rg,Time (ps),21000,2.2323533523659687,nm,nm
line,overlay,sdu6-homo-4,sdu6-homo-4,gyrate,p54357fw,p54357fw::Rg,sdu6-homo-4 / Rg,Rg,Time (ps),22000,2.2277444633040178,nm,nm
line,overlay,sdu6-homo-4,sdu6-homo-4,gyrate,p54357fw,p54357fw::Rg,sdu6-homo-4 / Rg,Rg,Time (ps),23000,2.244994718424272,nm,nm
line,overlay,sdu6-homo-4,sdu6-homo-4,gyrate,p54357fw,p54357fw::Rg,sdu6-homo-4 / Rg,Rg,Time (ps),24000,2.242313302732489,nm,nm
line,overlay,sdu6-homo-4,sdu6-homo-4,gyrate,p54357fw,p54357fw::Rg,sdu6-homo-4 / Rg,Rg,Time (ps),25000,2.2360367013126257,nm,nm
line,overlay,sdu6-homo-4,sdu6-homo-4,gyrate,p54357fw,p54357fw::Rg,sdu6-homo-4 / Rg,Rg,Time (ps),26000,2.2436695952189307,nm,nm
line,overlay,sdu6-homo-4,sdu6-homo-4,gyrate,p54357fw,p54357fw::Rg,sdu6-homo-4 / Rg,Rg,Time (ps),27000,2.2340612336120733,nm,nm
line,overlay,sdu6-homo-4,sdu6-homo-4,gyrate,p54357fw,p54357fw::Rg,sdu6-homo-4 / Rg,Rg,Time (ps),28000,2.240786001365361,nm,nm
line,overlay,sdu6-homo-4,sdu6-homo-4,gyrate,p54357fw,p54357fw::Rg,sdu6-homo-4 / Rg,Rg,Time (ps),29000,2.234516496068208,nm,nm
line,overlay,sdu6-homo-4,sdu6-homo-4,gyrate,p54357fw,p54357fw::Rg,sdu6-homo-4 / Rg,Rg,Time (ps),30000,2.245673597457373,nm,nm
line,overlay,sdu6-homo-4,sdu6-homo-4,gyrate,p54357fw,p54357fw::Rg,sdu6-homo-4 / Rg,Rg,Time (ps),31000,2.231505633929155,nm,nm
line,overlay,sdu6-homo-4,sdu6-homo-4,gyrate,p54357fw,p54357fw::Rg,sdu6-homo-4 / Rg,Rg,Time (ps),32000,2.238066812611196,nm,nm
line,overlay,sdu6-homo-4,sdu6-homo-4,gyrate,p54357fw,p54357fw::Rg,sdu6-homo-4 / Rg,Rg,Time (ps),33000,2.242868686397448,nm,nm
line,overlay,sdu6-homo-4,sdu6-homo-4,gyrate,p54357fw,p54357fw::Rg,sdu6-homo-4 / Rg,Rg,Time (ps),34000,2.232593652118753,nm,nm
line,overlay,sdu6-homo-4,sdu6-homo-4,gyrate,p54357fw,p54357fw::Rg,sdu6-homo-4 / Rg,Rg,Time (ps),35000,2.236885280527068,nm,nm
line,overlay,sdu6-homo-4,sdu6-homo-4,gyrate,p54357fw,p54357fw::Rg,sdu6-homo-4 / Rg,Rg,Time (ps),36000,2.245288791158163,nm,nm
line,overlay,sdu6-homo-4,sdu6-homo-4,gyrate,p54357fw,p54357fw::Rg,sdu6-homo-4 / Rg,Rg,Time (ps),37000,2.246056228621018,nm,nm
line,overlay,sdu6-homo-4,sdu6-homo-4,gyrate,p54357fw,p54357fw::Rg,sdu6-homo-4 / Rg,Rg,Time (ps),38000,2.2382704787416063,nm,nm
line,overlay,sdu6-homo-4,sdu6-homo-4,gyrate,p54357fw,p54357fw::Rg,sdu6-homo-4 / Rg,Rg,Time (ps),39000,2.2445109494640025,nm,nm
line,overlay,sdu6-homo-4,sdu6-homo-4,gyrate,p54357fw,p54357fw::Rg,sdu6-homo-4 / Rg,Rg,Time (ps),40000,2.2350078478863225,nm,nm
line,overlay,sdu6-homo-4,sdu6-homo-4,gyrate,p54357fw,p54357fw::Rg,sdu6-homo-4 / Rg,Rg,Time (ps),41000,2.238259510394795,nm,nm
line,overlay,sdu6-homo-4,sdu6-homo-4,gyrate,p54357fw,p54357fw::Rg,sdu6-homo-4 / Rg,Rg,Time (ps),42000,2.241650000670947,nm,nm
line,overlay,sdu6-homo-4,sdu6-homo-4,gyrate,p54357fw,p54357fw::Rg,sdu6-homo-4 / Rg,Rg,Time (ps),43000,2.231711174464305,nm,nm
line,overlay,sdu6-homo-4,sdu6-homo-4,gyrate,p54357fw,p54357fw::Rg,sdu6-homo-4 / Rg,Rg,Time (ps),44000,2.2328263897001825,nm,nm
line,overlay,sdu6-homo-4,sdu6-homo-4,gyrate,p54357fw,p54357fw::Rg,sdu6-homo-4 / Rg,Rg,Time (ps),45000,2.2290438201466864,nm,nm
line,overlay,sdu6-homo-4,sdu6-homo-4,gyrate,p54357fw,p54357fw::Rg,sdu6-homo-4 / Rg,Rg,Time (ps),46000,2.225336509335932,nm,nm
line,overlay,sdu6-homo-4,sdu6-homo-4,gyrate,p54357fw,p54357fw::Rg,sdu6-homo-4 / Rg,Rg,Time (ps),47000,2.231507820111151,nm,nm
line,overlay,sdu6-homo-4,sdu6-homo-4,gyrate,p54357fw,p54357fw::Rg,sdu6-homo-4 / Rg,Rg,Time (ps),48000,2.229146232630045,nm,nm
line,overlay,sdu6-homo-4,sdu6-homo-4,gyrate,p54357fw,p54357fw::Rg,sdu6-homo-4 / Rg,Rg,Time (ps),49000,2.231444175458174,nm,nm
line,overlay,sdu6-homo-4,sdu6-homo-4,gyrate,p54357fw,p54357fw::Rg,sdu6-homo-4 / Rg,Rg,Time (ps),50000,2.2314227089142813,nm,nm
line,overlay,sdu6-homo-4,sdu6-homo-4,gyrate,p54357fw,p54357fw::Rg,sdu6-homo-4 / Rg,Rg,Time (ps),51000,2.2281777085023697,nm,nm
line,overlay,sdu6-homo-4,sdu6-homo-4,gyrate,p54357fw,p54357fw::Rg,sdu6-homo-4 / Rg,Rg,Time (ps),52000,2.234713562387383,nm,nm
line,overlay,sdu6-homo-4,sdu6-homo-4,gyrate,p54357fw,p54357fw::Rg,sdu6-homo-4 / Rg,Rg,Time (ps),53000,2.240895314183354,nm,nm
line,overlay,sdu6-homo-4,sdu6-homo-4,gyrate,p54357fw,p54357fw::Rg,sdu6-homo-4 / Rg,Rg,Time (ps),54000,2.2325687485012677,nm,nm
line,overlay,sdu6-homo-4,sdu6-homo-4,gyrate,p54357fw,p54357fw::Rg,sdu6-homo-4 / Rg,Rg,Time (ps),55000,2.23511709041718,nm,nm
line,overlay,sdu6-homo-4,sdu6-homo-4,gyrate,p54357fw,p54357fw::Rg,sdu6-homo-4 / Rg,Rg,Time (ps),56000,2.2429169168381264,nm,nm
line,overlay,sdu6-homo-4,sdu6-homo-4,gyrate,p54357fw,p54357fw::Rg,sdu6-homo-4 / Rg,Rg,Time (ps),57000,2.2274507883745547,nm,nm
line,overlay,sdu6-homo-4,sdu6-homo-4,gyrate,p54357fw,p54357fw::Rg,sdu6-homo-4 / Rg,Rg,Time (ps),58000,2.224324774244409,nm,nm
line,overlay,sdu6-homo-4,sdu6-homo-4,gyrate,p54357fw,p54357fw::Rg,sdu6-homo-4 / Rg,Rg,Time (ps),59000,2.234011523172874,nm,nm
line,overlay,sdu6-homo-4,sdu6-homo-4,gyrate,p54357fw,p54357fw::Rg,sdu6-homo-4 / Rg,Rg,Time (ps),60000,2.2433193791539185,nm,nm
line,overlay,sdu6-homo-4,sdu6-homo-4,gyrate,p54357fw,p54357fw::Rg,sdu6-homo-4 / Rg,Rg,Time (ps),61000,2.2398710386040923,nm,nm
line,overlay,sdu6-homo-4,sdu6-homo-4,gyrate,p54357fw,p54357fw::Rg,sdu6-homo-4 / Rg,Rg,Time (ps),62000,2.253002543229471,nm,nm
line,overlay,sdu6-homo-4,sdu6-homo-4,gyrate,p54357fw,p54357fw::Rg,sdu6-homo-4 / Rg,Rg,Time (ps),63000,2.2365406084007606,nm,nm
line,overlay,sdu6-homo-4,sdu6-homo-4,gyrate,p54357fw,p54357fw::Rg,sdu6-homo-4 / Rg,Rg,Time (ps),64000,2.2395571781380723,nm,nm
line,overlay,sdu6-homo-4,sdu6-homo-4,gyrate,p54357fw,p54357fw::Rg,sdu6-homo-4 / Rg,Rg,Time (ps),65000,2.2307653987545173,nm,nm
line,overlay,sdu6-homo-4,sdu6-homo-4,gyrate,p54357fw,p54357fw::Rg,sdu6-homo-4 / Rg,Rg,Time (ps),66000,2.2289768013756657,nm,nm
line,overlay,sdu6-homo-4,sdu6-homo-4,gyrate,p54357fw,p54357fw::Rg,sdu6-homo-4 / Rg,Rg,Time (ps),67000,2.238961758528858,nm,nm
line,overlay,sdu6-homo-4,sdu6-homo-4,gyrate,p54357fw,p54357fw::Rg,sdu6-homo-4 / Rg,Rg,Time (ps),68000,2.234377370371329,nm,nm
line,overlay,sdu6-homo-4,sdu6-homo-4,gyrate,p54357fw,p54357fw::Rg,sdu6-homo-4 / Rg,Rg,Time (ps),69000,2.237074306240605,nm,nm
line,overlay,sdu6-homo-4,sdu6-homo-4,gyrate,p54357fw,p54357fw::Rg,sdu6-homo-4 / Rg,Rg,Time (ps),70000,2.2231114778212167,nm,nm
line,overlay,sdu6-homo-4,sdu6-homo-4,gyrate,p54357fw,p54357fw::Rg,sdu6-homo-4 / Rg,Rg,Time (ps),71000,2.23387668484526,nm,nm
line,overlay,sdu6-homo-4,sdu6-homo-4,gyrate,p54357fw,p54357fw::Rg,sdu6-homo-4 / Rg,Rg,Time (ps),72000,2.239761234656646,nm,nm
line,overlay,sdu6-homo-4,sdu6-homo-4,gyrate,p54357fw,p54357fw::Rg,sdu6-homo-4 / Rg,Rg,Time (ps),73000,2.236133125717241,nm,nm
line,overlay,sdu6-homo-4,sdu6-homo-4,gyrate,p54357fw,p54357fw::Rg,sdu6-homo-4 / Rg,Rg,Time (ps),74000,2.2274250263446387,nm,nm
line,overlay,sdu6-homo-4,sdu6-homo-4,gyrate,p54357fw,p54357fw::Rg,sdu6-homo-4 / Rg,Rg,Time (ps),75000,2.2394155056166367,nm,nm
line,overlay,sdu6-homo-4,sdu6-homo-4,gyrate,p54357fw,p54357fw::Rg,sdu6-homo-4 / Rg,Rg,Time (ps),76000,2.2405540612690835,nm,nm
line,overlay,sdu6-homo-4,sdu6-homo-4,gyrate,p54357fw,p54357fw::Rg,sdu6-homo-4 / Rg,Rg,Time (ps),77000,2.238673865491667,nm,nm
line,overlay,sdu6-homo-4,sdu6-homo-4,gyrate,p54357fw,p54357fw::Rg,sdu6-homo-4 / Rg,Rg,Time (ps),78000,2.2430133154472087,nm,nm
line,overlay,sdu6-homo-4,sdu6-homo-4,gyrate,p54357fw,p54357fw::Rg,sdu6-homo-4 / Rg,Rg,Time (ps),79000,2.244894433653159,nm,nm
line,overlay,sdu6-homo-4,sdu6-homo-4,gyrate,p54357fw,p54357fw::Rg,sdu6-homo-4 / Rg,Rg,Time (ps),80000,2.245988728802903,nm,nm
line,overlay,sdu6-homo-4,sdu6-homo-4,gyrate,p54357fw,p54357fw::Rg,sdu6-homo-4 / Rg,Rg,Time (ps),81000,2.2424096250398327,nm,nm
line,overlay,sdu6-homo-4,sdu6-homo-4,gyrate,p54357fw,p54357fw::Rg,sdu6-homo-4 / Rg,Rg,Time (ps),82000,2.252536724491092,nm,nm
line,overlay,sdu6-homo-4,sdu6-homo-4,gyrate,p54357fw,p54357fw::Rg,sdu6-homo-4 / Rg,Rg,Time (ps),83000,2.249381000995954,nm,nm
line,overlay,sdu6-homo-4,sdu6-homo-4,gyrate,p54357fw,p54357fw::Rg,sdu6-homo-4 / Rg,Rg,Time (ps),84000,2.236703177526705,nm,nm
line,overlay,sdu6-homo-4,sdu6-homo-4,gyrate,p54357fw,p54357fw::Rg,sdu6-homo-4 / Rg,Rg,Time (ps),85000,2.2507953945056265,nm,nm
line,overlay,sdu6-homo-4,sdu6-homo-4,gyrate,p54357fw,p54357fw::Rg,sdu6-homo-4 / Rg,Rg,Time (ps),86000,2.2571245932810693,nm,nm
line,overlay,sdu6-homo-4,sdu6-homo-4,gyrate,p54357fw,p54357fw::Rg,sdu6-homo-4 / Rg,Rg,Time (ps),87000,2.235020750194284,nm,nm
line,overlay,sdu6-homo-4,sdu6-homo-4,gyrate,p54357fw,p54357fw::Rg,sdu6-homo-4 / Rg,Rg,Time (ps),88000,2.2417273224899423,nm,nm
line,overlay,sdu6-homo-4,sdu6-homo-4,gyrate,p54357fw,p54357fw::Rg,sdu6-homo-4 / Rg,Rg,Time (ps),89000,2.2404197985383614,nm,nm
line,overlay,sdu6-homo-4,sdu6-homo-4,gyrate,p54357fw,p54357fw::Rg,sdu6-homo-4 / Rg,Rg,Time (ps),90000,2.2244104869460006,nm,nm
line,overlay,sdu6-homo-4,sdu6-homo-4,gyrate,p54357fw,p54357fw::Rg,sdu6-homo-4 / Rg,Rg,Time (ps),91000,2.231530938877337,nm,nm
line,overlay,sdu6-homo-4,sdu6-homo-4,gyrate,p54357fw,p54357fw::Rg,sdu6-homo-4 / Rg,Rg,Time (ps),92000,2.229995596343884,nm,nm
line,overlay,sdu6-homo-4,sdu6-homo-4,gyrate,p54357fw,p54357fw::Rg,sdu6-homo-4 / Rg,Rg,Time (ps),93000,2.238526844930292,nm,nm
line,overlay,sdu6-homo-4,sdu6-homo-4,gyrate,p54357fw,p54357fw::Rg,sdu6-homo-4 / Rg,Rg,Time (ps),94000,2.2312167716181404,nm,nm
line,overlay,sdu6-homo-4,sdu6-homo-4,gyrate,p54357fw,p54357fw::Rg,sdu6-homo-4 / Rg,Rg,Time (ps),95000,2.237752028516467,nm,nm
line,overlay,sdu6-homo-4,sdu6-homo-4,gyrate,p54357fw,p54357fw::Rg,sdu6-homo-4 / Rg,Rg,Time (ps),96000,2.2279364549993,nm,nm
line,overlay,sdu6-homo-4,sdu6-homo-4,gyrate,p54357fw,p54357fw::Rg,sdu6-homo-4 / Rg,Rg,Time (ps),97000,2.2340963349349097,nm,nm
line,overlay,sdu6-homo-4,sdu6-homo-4,gyrate,p54357fw,p54357fw::Rg,sdu6-homo-4 / Rg,Rg,Time (ps),98000,2.2414285729369308,nm,nm
line,overlay,sdu6-homo-4,sdu6-homo-4,gyrate,p54357fw,p54357fw::Rg,sdu6-homo-4 / Rg,Rg,Time (ps),99000,2.2386880459403766,nm,nm
line,overlay,sdu6-homo-4,sdu6-homo-4,gyrate,p54357fw,p54357fw::Rg,sdu6-homo-4 / Rg,Rg,Time (ps),100000,2.236351615910257,nm,nm
line,overlay,wt-homo,wt-homo,gyrate,ysdmvo6i,ysdmvo6i::Rg,wt-homo / Rg,Rg,Time (ps),0,2.2355663400222348,nm,nm
line,overlay,wt-homo,wt-homo,gyrate,ysdmvo6i,ysdmvo6i::Rg,wt-homo / Rg,Rg,Time (ps),1000,2.238261513031621,nm,nm
line,overlay,wt-homo,wt-homo,gyrate,ysdmvo6i,ysdmvo6i::Rg,wt-homo / Rg,Rg,Time (ps),2000,2.226129891856337,nm,nm
line,overlay,wt-homo,wt-homo,gyrate,ysdmvo6i,ysdmvo6i::Rg,wt-homo / Rg,Rg,Time (ps),3000,2.2399378205097134,nm,nm
line,overlay,wt-homo,wt-homo,gyrate,ysdmvo6i,ysdmvo6i::Rg,wt-homo / Rg,Rg,Time (ps),4000,2.2269972981057204,nm,nm
line,overlay,wt-homo,wt-homo,gyrate,ysdmvo6i,ysdmvo6i::Rg,wt-homo / Rg,Rg,Time (ps),5000,2.235713119183349,nm,nm
line,overlay,wt-homo,wt-homo,gyrate,ysdmvo6i,ysdmvo6i::Rg,wt-homo / Rg,Rg,Time (ps),6000,2.214015213681586,nm,nm
line,overlay,wt-homo,wt-homo,gyrate,ysdmvo6i,ysdmvo6i::Rg,wt-homo / Rg,Rg,Time (ps),7000,2.232990706158064,nm,nm
line,overlay,wt-homo,wt-homo,gyrate,ysdmvo6i,ysdmvo6i::Rg,wt-homo / Rg,Rg,Time (ps),8000,2.23094579175578,nm,nm
line,overlay,wt-homo,wt-homo,gyrate,ysdmvo6i,ysdmvo6i::Rg,wt-homo / Rg,Rg,Time (ps),9000,2.225637126015698,nm,nm
line,overlay,wt-homo,wt-homo,gyrate,ysdmvo6i,ysdmvo6i::Rg,wt-homo / Rg,Rg,Time (ps),10000,2.230055597118428,nm,nm
line,overlay,wt-homo,wt-homo,gyrate,ysdmvo6i,ysdmvo6i::Rg,wt-homo / Rg,Rg,Time (ps),11000,2.230545611177859,nm,nm
line,overlay,wt-homo,wt-homo,gyrate,ysdmvo6i,ysdmvo6i::Rg,wt-homo / Rg,Rg,Time (ps),12000,2.237261416046436,nm,nm
line,overlay,wt-homo,wt-homo,gyrate,ysdmvo6i,ysdmvo6i::Rg,wt-homo / Rg,Rg,Time (ps),13000,2.245889066523497,nm,nm
line,overlay,wt-homo,wt-homo,gyrate,ysdmvo6i,ysdmvo6i::Rg,wt-homo / Rg,Rg,Time (ps),14000,2.2311859748437657,nm,nm
line,overlay,wt-homo,wt-homo,gyrate,ysdmvo6i,ysdmvo6i::Rg,wt-homo / Rg,Rg,Time (ps),15000,2.2359364915138387,nm,nm
line,overlay,wt-homo,wt-homo,gyrate,ysdmvo6i,ysdmvo6i::Rg,wt-homo / Rg,Rg,Time (ps),16000,2.227808701419568,nm,nm
line,overlay,wt-homo,wt-homo,gyrate,ysdmvo6i,ysdmvo6i::Rg,wt-homo / Rg,Rg,Time (ps),17000,2.2407519674583805,nm,nm
line,overlay,wt-homo,wt-homo,gyrate,ysdmvo6i,ysdmvo6i::Rg,wt-homo / Rg,Rg,Time (ps),18000,2.234231328876083,nm,nm
line,overlay,wt-homo,wt-homo,gyrate,ysdmvo6i,ysdmvo6i::Rg,wt-homo / Rg,Rg,Time (ps),19000,2.2329850989684163,nm,nm
line,overlay,wt-homo,wt-homo,gyrate,ysdmvo6i,ysdmvo6i::Rg,wt-homo / Rg,Rg,Time (ps),20000,2.237983197850883,nm,nm
line,overlay,wt-homo,wt-homo,gyrate,ysdmvo6i,ysdmvo6i::Rg,wt-homo / Rg,Rg,Time (ps),21000,2.2303842215405933,nm,nm
line,overlay,wt-homo,wt-homo,gyrate,ysdmvo6i,ysdmvo6i::Rg,wt-homo / Rg,Rg,Time (ps),22000,2.229843938272988,nm,nm
line,overlay,wt-homo,wt-homo,gyrate,ysdmvo6i,ysdmvo6i::Rg,wt-homo / Rg,Rg,Time (ps),23000,2.2464196185276566,nm,nm
line,overlay,wt-homo,wt-homo,gyrate,ysdmvo6i,ysdmvo6i::Rg,wt-homo / Rg,Rg,Time (ps),24000,2.237784216907772,nm,nm
line,overlay,wt-homo,wt-homo,gyrate,ysdmvo6i,ysdmvo6i::Rg,wt-homo / Rg,Rg,Time (ps),25000,2.248585130729265,nm,nm
line,overlay,wt-homo,wt-homo,gyrate,ysdmvo6i,ysdmvo6i::Rg,wt-homo / Rg,Rg,Time (ps),26000,2.243192114591004,nm,nm
line,overlay,wt-homo,wt-homo,gyrate,ysdmvo6i,ysdmvo6i::Rg,wt-homo / Rg,Rg,Time (ps),27000,2.236268775431728,nm,nm
line,overlay,wt-homo,wt-homo,gyrate,ysdmvo6i,ysdmvo6i::Rg,wt-homo / Rg,Rg,Time (ps),28000,2.244876391572613,nm,nm
line,overlay,wt-homo,wt-homo,gyrate,ysdmvo6i,ysdmvo6i::Rg,wt-homo / Rg,Rg,Time (ps),29000,2.242973022394,nm,nm
line,overlay,wt-homo,wt-homo,gyrate,ysdmvo6i,ysdmvo6i::Rg,wt-homo / Rg,Rg,Time (ps),30000,2.2560590655647927,nm,nm
line,overlay,wt-homo,wt-homo,gyrate,ysdmvo6i,ysdmvo6i::Rg,wt-homo / Rg,Rg,Time (ps),31000,2.2540818573773653,nm,nm
line,overlay,wt-homo,wt-homo,gyrate,ysdmvo6i,ysdmvo6i::Rg,wt-homo / Rg,Rg,Time (ps),32000,2.2654063602062133,nm,nm
line,overlay,wt-homo,wt-homo,gyrate,ysdmvo6i,ysdmvo6i::Rg,wt-homo / Rg,Rg,Time (ps),33000,2.2587886874923497,nm,nm
line,overlay,wt-homo,wt-homo,gyrate,ysdmvo6i,ysdmvo6i::Rg,wt-homo / Rg,Rg,Time (ps),34000,2.255753384687272,nm,nm
line,overlay,wt-homo,wt-homo,gyrate,ysdmvo6i,ysdmvo6i::Rg,wt-homo / Rg,Rg,Time (ps),35000,2.249117616063844,nm,nm
line,overlay,wt-homo,wt-homo,gyrate,ysdmvo6i,ysdmvo6i::Rg,wt-homo / Rg,Rg,Time (ps),36000,2.2553702669597118,nm,nm
line,overlay,wt-homo,wt-homo,gyrate,ysdmvo6i,ysdmvo6i::Rg,wt-homo / Rg,Rg,Time (ps),37000,2.252662402418031,nm,nm
line,overlay,wt-homo,wt-homo,gyrate,ysdmvo6i,ysdmvo6i::Rg,wt-homo / Rg,Rg,Time (ps),38000,2.263658112112364,nm,nm
line,overlay,wt-homo,wt-homo,gyrate,ysdmvo6i,ysdmvo6i::Rg,wt-homo / Rg,Rg,Time (ps),39000,2.2644758895806216,nm,nm
line,overlay,wt-homo,wt-homo,gyrate,ysdmvo6i,ysdmvo6i::Rg,wt-homo / Rg,Rg,Time (ps),40000,2.256173837391943,nm,nm
line,overlay,wt-homo,wt-homo,gyrate,ysdmvo6i,ysdmvo6i::Rg,wt-homo / Rg,Rg,Time (ps),41000,2.2437950970415987,nm,nm
line,overlay,wt-homo,wt-homo,gyrate,ysdmvo6i,ysdmvo6i::Rg,wt-homo / Rg,Rg,Time (ps),42000,2.2408964767254185,nm,nm
line,overlay,wt-homo,wt-homo,gyrate,ysdmvo6i,ysdmvo6i::Rg,wt-homo / Rg,Rg,Time (ps),43000,2.2626770642911693,nm,nm
line,overlay,wt-homo,wt-homo,gyrate,ysdmvo6i,ysdmvo6i::Rg,wt-homo / Rg,Rg,Time (ps),44000,2.255813316966883,nm,nm
line,overlay,wt-homo,wt-homo,gyrate,ysdmvo6i,ysdmvo6i::Rg,wt-homo / Rg,Rg,Time (ps),45000,2.2525971266079514,nm,nm
line,overlay,wt-homo,wt-homo,gyrate,ysdmvo6i,ysdmvo6i::Rg,wt-homo / Rg,Rg,Time (ps),46000,2.2437947650903247,nm,nm
line,overlay,wt-homo,wt-homo,gyrate,ysdmvo6i,ysdmvo6i::Rg,wt-homo / Rg,Rg,Time (ps),47000,2.2559586425257065,nm,nm
line,overlay,wt-homo,wt-homo,gyrate,ysdmvo6i,ysdmvo6i::Rg,wt-homo / Rg,Rg,Time (ps),48000,2.251430549197764,nm,nm
line,overlay,wt-homo,wt-homo,gyrate,ysdmvo6i,ysdmvo6i::Rg,wt-homo / Rg,Rg,Time (ps),49000,2.25102922835866,nm,nm
line,overlay,wt-homo,wt-homo,gyrate,ysdmvo6i,ysdmvo6i::Rg,wt-homo / Rg,Rg,Time (ps),50000,2.2488327740032945,nm,nm
line,overlay,wt-homo,wt-homo,gyrate,ysdmvo6i,ysdmvo6i::Rg,wt-homo / Rg,Rg,Time (ps),51000,2.2625317691629463,nm,nm
line,overlay,wt-homo,wt-homo,gyrate,ysdmvo6i,ysdmvo6i::Rg,wt-homo / Rg,Rg,Time (ps),52000,2.25163354958616,nm,nm
line,overlay,wt-homo,wt-homo,gyrate,ysdmvo6i,ysdmvo6i::Rg,wt-homo / Rg,Rg,Time (ps),53000,2.2528817957533467,nm,nm
line,overlay,wt-homo,wt-homo,gyrate,ysdmvo6i,ysdmvo6i::Rg,wt-homo / Rg,Rg,Time (ps),54000,2.252054534605954,nm,nm
line,overlay,wt-homo,wt-homo,gyrate,ysdmvo6i,ysdmvo6i::Rg,wt-homo / Rg,Rg,Time (ps),55000,2.247221764454906,nm,nm
line,overlay,wt-homo,wt-homo,gyrate,ysdmvo6i,ysdmvo6i::Rg,wt-homo / Rg,Rg,Time (ps),56000,2.2665989614779227,nm,nm
line,overlay,wt-homo,wt-homo,gyrate,ysdmvo6i,ysdmvo6i::Rg,wt-homo / Rg,Rg,Time (ps),57000,2.2567755277627675,nm,nm
line,overlay,wt-homo,wt-homo,gyrate,ysdmvo6i,ysdmvo6i::Rg,wt-homo / Rg,Rg,Time (ps),58000,2.262259977061638,nm,nm
line,overlay,wt-homo,wt-homo,gyrate,ysdmvo6i,ysdmvo6i::Rg,wt-homo / Rg,Rg,Time (ps),59000,2.251620167832705,nm,nm
line,overlay,wt-homo,wt-homo,gyrate,ysdmvo6i,ysdmvo6i::Rg,wt-homo / Rg,Rg,Time (ps),60000,2.267078341225948,nm,nm
line,overlay,wt-homo,wt-homo,gyrate,ysdmvo6i,ysdmvo6i::Rg,wt-homo / Rg,Rg,Time (ps),61000,2.267885191532771,nm,nm
line,overlay,wt-homo,wt-homo,gyrate,ysdmvo6i,ysdmvo6i::Rg,wt-homo / Rg,Rg,Time (ps),62000,2.2559061888184853,nm,nm
line,overlay,wt-homo,wt-homo,gyrate,ysdmvo6i,ysdmvo6i::Rg,wt-homo / Rg,Rg,Time (ps),63000,2.2642400952118487,nm,nm
line,overlay,wt-homo,wt-homo,gyrate,ysdmvo6i,ysdmvo6i::Rg,wt-homo / Rg,Rg,Time (ps),64000,2.263447034713831,nm,nm
line,overlay,wt-homo,wt-homo,gyrate,ysdmvo6i,ysdmvo6i::Rg,wt-homo / Rg,Rg,Time (ps),65000,2.260789640628538,nm,nm
line,overlay,wt-homo,wt-homo,gyrate,ysdmvo6i,ysdmvo6i::Rg,wt-homo / Rg,Rg,Time (ps),66000,2.25920397392189,nm,nm
line,overlay,wt-homo,wt-homo,gyrate,ysdmvo6i,ysdmvo6i::Rg,wt-homo / Rg,Rg,Time (ps),67000,2.25828216063693,nm,nm
line,overlay,wt-homo,wt-homo,gyrate,ysdmvo6i,ysdmvo6i::Rg,wt-homo / Rg,Rg,Time (ps),68000,2.253935824279695,nm,nm
line,overlay,wt-homo,wt-homo,gyrate,ysdmvo6i,ysdmvo6i::Rg,wt-homo / Rg,Rg,Time (ps),69000,2.260927884737574,nm,nm
line,overlay,wt-homo,wt-homo,gyrate,ysdmvo6i,ysdmvo6i::Rg,wt-homo / Rg,Rg,Time (ps),70000,2.254746042936044,nm,nm
line,overlay,wt-homo,wt-homo,gyrate,ysdmvo6i,ysdmvo6i::Rg,wt-homo / Rg,Rg,Time (ps),71000,2.257696743780598,nm,nm
line,overlay,wt-homo,wt-homo,gyrate,ysdmvo6i,ysdmvo6i::Rg,wt-homo / Rg,Rg,Time (ps),72000,2.2610335740473197,nm,nm
line,overlay,wt-homo,wt-homo,gyrate,ysdmvo6i,ysdmvo6i::Rg,wt-homo / Rg,Rg,Time (ps),73000,2.26321549578696,nm,nm
line,overlay,wt-homo,wt-homo,gyrate,ysdmvo6i,ysdmvo6i::Rg,wt-homo / Rg,Rg,Time (ps),74000,2.266415616254531,nm,nm
line,overlay,wt-homo,wt-homo,gyrate,ysdmvo6i,ysdmvo6i::Rg,wt-homo / Rg,Rg,Time (ps),75000,2.2633467276842,nm,nm
line,overlay,wt-homo,wt-homo,gyrate,ysdmvo6i,ysdmvo6i::Rg,wt-homo / Rg,Rg,Time (ps),76000,2.253670800506175,nm,nm
line,overlay,wt-homo,wt-homo,gyrate,ysdmvo6i,ysdmvo6i::Rg,wt-homo / Rg,Rg,Time (ps),77000,2.2674700009805995,nm,nm
line,overlay,wt-homo,wt-homo,gyrate,ysdmvo6i,ysdmvo6i::Rg,wt-homo / Rg,Rg,Time (ps),78000,2.263180422654941,nm,nm
line,overlay,wt-homo,wt-homo,gyrate,ysdmvo6i,ysdmvo6i::Rg,wt-homo / Rg,Rg,Time (ps),79000,2.2579547314463904,nm,nm
line,overlay,wt-homo,wt-homo,gyrate,ysdmvo6i,ysdmvo6i::Rg,wt-homo / Rg,Rg,Time (ps),80000,2.2480382735642643,nm,nm
line,overlay,wt-homo,wt-homo,gyrate,ysdmvo6i,ysdmvo6i::Rg,wt-homo / Rg,Rg,Time (ps),81000,2.251917411655874,nm,nm
line,overlay,wt-homo,wt-homo,gyrate,ysdmvo6i,ysdmvo6i::Rg,wt-homo / Rg,Rg,Time (ps),82000,2.26980679533171,nm,nm
line,overlay,wt-homo,wt-homo,gyrate,ysdmvo6i,ysdmvo6i::Rg,wt-homo / Rg,Rg,Time (ps),83000,2.25903142361022,nm,nm
line,overlay,wt-homo,wt-homo,gyrate,ysdmvo6i,ysdmvo6i::Rg,wt-homo / Rg,Rg,Time (ps),84000,2.251274548286524,nm,nm
line,overlay,wt-homo,wt-homo,gyrate,ysdmvo6i,ysdmvo6i::Rg,wt-homo / Rg,Rg,Time (ps),85000,2.2533966103666816,nm,nm
line,overlay,wt-homo,wt-homo,gyrate,ysdmvo6i,ysdmvo6i::Rg,wt-homo / Rg,Rg,Time (ps),86000,2.2597032977621017,nm,nm
line,overlay,wt-homo,wt-homo,gyrate,ysdmvo6i,ysdmvo6i::Rg,wt-homo / Rg,Rg,Time (ps),87000,2.2610513614659,nm,nm
line,overlay,wt-homo,wt-homo,gyrate,ysdmvo6i,ysdmvo6i::Rg,wt-homo / Rg,Rg,Time (ps),88000,2.2550628469381517,nm,nm
line,overlay,wt-homo,wt-homo,gyrate,ysdmvo6i,ysdmvo6i::Rg,wt-homo / Rg,Rg,Time (ps),89000,2.252659996285788,nm,nm
line,overlay,wt-homo,wt-homo,gyrate,ysdmvo6i,ysdmvo6i::Rg,wt-homo / Rg,Rg,Time (ps),90000,2.264050004723547,nm,nm
line,overlay,wt-homo,wt-homo,gyrate,ysdmvo6i,ysdmvo6i::Rg,wt-homo / Rg,Rg,Time (ps),91000,2.2520258678715237,nm,nm
line,overlay,wt-homo,wt-homo,gyrate,ysdmvo6i,ysdmvo6i::Rg,wt-homo / Rg,Rg,Time (ps),92000,2.2490077562320545,nm,nm
line,overlay,wt-homo,wt-homo,gyrate,ysdmvo6i,ysdmvo6i::Rg,wt-homo / Rg,Rg,Time (ps),93000,2.2532165858173525,nm,nm
line,overlay,wt-homo,wt-homo,gyrate,ysdmvo6i,ysdmvo6i::Rg,wt-homo / Rg,Rg,Time (ps),94000,2.253247589215857,nm,nm
line,overlay,wt-homo,wt-homo,gyrate,ysdmvo6i,ysdmvo6i::Rg,wt-homo / Rg,Rg,Time (ps),95000,2.260489219636192,nm,nm
line,overlay,wt-homo,wt-homo,gyrate,ysdmvo6i,ysdmvo6i::Rg,wt-homo / Rg,Rg,Time (ps),96000,2.245861347257242,nm,nm
line,overlay,wt-homo,wt-homo,gyrate,ysdmvo6i,ysdmvo6i::Rg,wt-homo / Rg,Rg,Time (ps),97000,2.2575278673166594,nm,nm
line,overlay,wt-homo,wt-homo,gyrate,ysdmvo6i,ysdmvo6i::Rg,wt-homo / Rg,Rg,Time (ps),98000,2.258708623516765,nm,nm
line,overlay,wt-homo,wt-homo,gyrate,ysdmvo6i,ysdmvo6i::Rg,wt-homo / Rg,Rg,Time (ps),99000,2.250444420800817,nm,nm
line,overlay,wt-homo,wt-homo,gyrate,ysdmvo6i,ysdmvo6i::Rg,wt-homo / Rg,Rg,Time (ps),100000,2.249617407641241,nm,nm
line,overlay,wt-homo-2,wt-homo-2,gyrate,idzb6riw,idzb6riw::Rg,wt-homo-2 / Rg,Rg,Time (ps),0,2.2289024734785654,nm,nm
line,overlay,wt-homo-2,wt-homo-2,gyrate,idzb6riw,idzb6riw::Rg,wt-homo-2 / Rg,Rg,Time (ps),1000,2.2365373891718603,nm,nm
line,overlay,wt-homo-2,wt-homo-2,gyrate,idzb6riw,idzb6riw::Rg,wt-homo-2 / Rg,Rg,Time (ps),2000,2.233985046677797,nm,nm
line,overlay,wt-homo-2,wt-homo-2,gyrate,idzb6riw,idzb6riw::Rg,wt-homo-2 / Rg,Rg,Time (ps),3000,2.2271809895555728,nm,nm
line,overlay,wt-homo-2,wt-homo-2,gyrate,idzb6riw,idzb6riw::Rg,wt-homo-2 / Rg,Rg,Time (ps),4000,2.2221773966769143,nm,nm
line,overlay,wt-homo-2,wt-homo-2,gyrate,idzb6riw,idzb6riw::Rg,wt-homo-2 / Rg,Rg,Time (ps),5000,2.226207704043814,nm,nm
line,overlay,wt-homo-2,wt-homo-2,gyrate,idzb6riw,idzb6riw::Rg,wt-homo-2 / Rg,Rg,Time (ps),6000,2.2307087082090917,nm,nm
line,overlay,wt-homo-2,wt-homo-2,gyrate,idzb6riw,idzb6riw::Rg,wt-homo-2 / Rg,Rg,Time (ps),7000,2.225894002707439,nm,nm
line,overlay,wt-homo-2,wt-homo-2,gyrate,idzb6riw,idzb6riw::Rg,wt-homo-2 / Rg,Rg,Time (ps),8000,2.2215056198976995,nm,nm
line,overlay,wt-homo-2,wt-homo-2,gyrate,idzb6riw,idzb6riw::Rg,wt-homo-2 / Rg,Rg,Time (ps),9000,2.2268340837058043,nm,nm
line,overlay,wt-homo-2,wt-homo-2,gyrate,idzb6riw,idzb6riw::Rg,wt-homo-2 / Rg,Rg,Time (ps),10000,2.235143700492741,nm,nm
line,overlay,wt-homo-2,wt-homo-2,gyrate,idzb6riw,idzb6riw::Rg,wt-homo-2 / Rg,Rg,Time (ps),11000,2.2273421390458163,nm,nm
line,overlay,wt-homo-2,wt-homo-2,gyrate,idzb6riw,idzb6riw::Rg,wt-homo-2 / Rg,Rg,Time (ps),12000,2.22528936119009,nm,nm
line,overlay,wt-homo-2,wt-homo-2,gyrate,idzb6riw,idzb6riw::Rg,wt-homo-2 / Rg,Rg,Time (ps),13000,2.233428396866655,nm,nm
line,overlay,wt-homo-2,wt-homo-2,gyrate,idzb6riw,idzb6riw::Rg,wt-homo-2 / Rg,Rg,Time (ps),14000,2.230432732814014,nm,nm
line,overlay,wt-homo-2,wt-homo-2,gyrate,idzb6riw,idzb6riw::Rg,wt-homo-2 / Rg,Rg,Time (ps),15000,2.2193003595045213,nm,nm
line,overlay,wt-homo-2,wt-homo-2,gyrate,idzb6riw,idzb6riw::Rg,wt-homo-2 / Rg,Rg,Time (ps),16000,2.234775060082047,nm,nm
line,overlay,wt-homo-2,wt-homo-2,gyrate,idzb6riw,idzb6riw::Rg,wt-homo-2 / Rg,Rg,Time (ps),17000,2.221066155454035,nm,nm
line,overlay,wt-homo-2,wt-homo-2,gyrate,idzb6riw,idzb6riw::Rg,wt-homo-2 / Rg,Rg,Time (ps),18000,2.2255242282523064,nm,nm
line,overlay,wt-homo-2,wt-homo-2,gyrate,idzb6riw,idzb6riw::Rg,wt-homo-2 / Rg,Rg,Time (ps),19000,2.2196339875150537,nm,nm
line,overlay,wt-homo-2,wt-homo-2,gyrate,idzb6riw,idzb6riw::Rg,wt-homo-2 / Rg,Rg,Time (ps),20000,2.220009576105658,nm,nm
line,overlay,wt-homo-2,wt-homo-2,gyrate,idzb6riw,idzb6riw::Rg,wt-homo-2 / Rg,Rg,Time (ps),21000,2.216099764679426,nm,nm
line,overlay,wt-homo-2,wt-homo-2,gyrate,idzb6riw,idzb6riw::Rg,wt-homo-2 / Rg,Rg,Time (ps),22000,2.235037467454414,nm,nm
line,overlay,wt-homo-2,wt-homo-2,gyrate,idzb6riw,idzb6riw::Rg,wt-homo-2 / Rg,Rg,Time (ps),23000,2.2275420797244294,nm,nm
line,overlay,wt-homo-2,wt-homo-2,gyrate,idzb6riw,idzb6riw::Rg,wt-homo-2 / Rg,Rg,Time (ps),24000,2.2304874620541164,nm,nm
line,overlay,wt-homo-2,wt-homo-2,gyrate,idzb6riw,idzb6riw::Rg,wt-homo-2 / Rg,Rg,Time (ps),25000,2.222521731879452,nm,nm
line,overlay,wt-homo-2,wt-homo-2,gyrate,idzb6riw,idzb6riw::Rg,wt-homo-2 / Rg,Rg,Time (ps),26000,2.23038310391584,nm,nm
line,overlay,wt-homo-2,wt-homo-2,gyrate,idzb6riw,idzb6riw::Rg,wt-homo-2 / Rg,Rg,Time (ps),27000,2.2249861530806765,nm,nm
line,overlay,wt-homo-2,wt-homo-2,gyrate,idzb6riw,idzb6riw::Rg,wt-homo-2 / Rg,Rg,Time (ps),28000,2.2130395162637155,nm,nm
line,overlay,wt-homo-2,wt-homo-2,gyrate,idzb6riw,idzb6riw::Rg,wt-homo-2 / Rg,Rg,Time (ps),29000,2.2099957751107526,nm,nm
line,overlay,wt-homo-2,wt-homo-2,gyrate,idzb6riw,idzb6riw::Rg,wt-homo-2 / Rg,Rg,Time (ps),30000,2.223565778427295,nm,nm
line,overlay,wt-homo-2,wt-homo-2,gyrate,idzb6riw,idzb6riw::Rg,wt-homo-2 / Rg,Rg,Time (ps),31000,2.221155578515581,nm,nm
line,overlay,wt-homo-2,wt-homo-2,gyrate,idzb6riw,idzb6riw::Rg,wt-homo-2 / Rg,Rg,Time (ps),32000,2.234747241325633,nm,nm
line,overlay,wt-homo-2,wt-homo-2,gyrate,idzb6riw,idzb6riw::Rg,wt-homo-2 / Rg,Rg,Time (ps),33000,2.2258898084057925,nm,nm
line,overlay,wt-homo-2,wt-homo-2,gyrate,idzb6riw,idzb6riw::Rg,wt-homo-2 / Rg,Rg,Time (ps),34000,2.2182986323450997,nm,nm
line,overlay,wt-homo-2,wt-homo-2,gyrate,idzb6riw,idzb6riw::Rg,wt-homo-2 / Rg,Rg,Time (ps),35000,2.2328605669276604,nm,nm
line,overlay,wt-homo-2,wt-homo-2,gyrate,idzb6riw,idzb6riw::Rg,wt-homo-2 / Rg,Rg,Time (ps),36000,2.2325021695549205,nm,nm
line,overlay,wt-homo-2,wt-homo-2,gyrate,idzb6riw,idzb6riw::Rg,wt-homo-2 / Rg,Rg,Time (ps),37000,2.2270244066122347,nm,nm
line,overlay,wt-homo-2,wt-homo-2,gyrate,idzb6riw,idzb6riw::Rg,wt-homo-2 / Rg,Rg,Time (ps),38000,2.229358510779115,nm,nm
line,overlay,wt-homo-2,wt-homo-2,gyrate,idzb6riw,idzb6riw::Rg,wt-homo-2 / Rg,Rg,Time (ps),39000,2.2269041394058,nm,nm
line,overlay,wt-homo-2,wt-homo-2,gyrate,idzb6riw,idzb6riw::Rg,wt-homo-2 / Rg,Rg,Time (ps),40000,2.242959284069536,nm,nm
line,overlay,wt-homo-2,wt-homo-2,gyrate,idzb6riw,idzb6riw::Rg,wt-homo-2 / Rg,Rg,Time (ps),41000,2.2298343109408245,nm,nm
line,overlay,wt-homo-2,wt-homo-2,gyrate,idzb6riw,idzb6riw::Rg,wt-homo-2 / Rg,Rg,Time (ps),42000,2.2225897615703376,nm,nm
line,overlay,wt-homo-2,wt-homo-2,gyrate,idzb6riw,idzb6riw::Rg,wt-homo-2 / Rg,Rg,Time (ps),43000,2.2157490156308186,nm,nm
line,overlay,wt-homo-2,wt-homo-2,gyrate,idzb6riw,idzb6riw::Rg,wt-homo-2 / Rg,Rg,Time (ps),44000,2.227220846540109,nm,nm
line,overlay,wt-homo-2,wt-homo-2,gyrate,idzb6riw,idzb6riw::Rg,wt-homo-2 / Rg,Rg,Time (ps),45000,2.2324872366117083,nm,nm
line,overlay,wt-homo-2,wt-homo-2,gyrate,idzb6riw,idzb6riw::Rg,wt-homo-2 / Rg,Rg,Time (ps),46000,2.223111761729016,nm,nm
line,overlay,wt-homo-2,wt-homo-2,gyrate,idzb6riw,idzb6riw::Rg,wt-homo-2 / Rg,Rg,Time (ps),47000,2.2291768904826905,nm,nm
line,overlay,wt-homo-2,wt-homo-2,gyrate,idzb6riw,idzb6riw::Rg,wt-homo-2 / Rg,Rg,Time (ps),48000,2.230085583981833,nm,nm
line,overlay,wt-homo-2,wt-homo-2,gyrate,idzb6riw,idzb6riw::Rg,wt-homo-2 / Rg,Rg,Time (ps),49000,2.2179893220408147,nm,nm
line,overlay,wt-homo-2,wt-homo-2,gyrate,idzb6riw,idzb6riw::Rg,wt-homo-2 / Rg,Rg,Time (ps),50000,2.220116216953785,nm,nm
line,overlay,wt-homo-2,wt-homo-2,gyrate,idzb6riw,idzb6riw::Rg,wt-homo-2 / Rg,Rg,Time (ps),51000,2.2085922374951554,nm,nm
line,overlay,wt-homo-2,wt-homo-2,gyrate,idzb6riw,idzb6riw::Rg,wt-homo-2 / Rg,Rg,Time (ps),52000,2.216970453494567,nm,nm
line,overlay,wt-homo-2,wt-homo-2,gyrate,idzb6riw,idzb6riw::Rg,wt-homo-2 / Rg,Rg,Time (ps),53000,2.2173265658324124,nm,nm
line,overlay,wt-homo-2,wt-homo-2,gyrate,idzb6riw,idzb6riw::Rg,wt-homo-2 / Rg,Rg,Time (ps),54000,2.2241212118017795,nm,nm
line,overlay,wt-homo-2,wt-homo-2,gyrate,idzb6riw,idzb6riw::Rg,wt-homo-2 / Rg,Rg,Time (ps),55000,2.2272991662045643,nm,nm
line,overlay,wt-homo-2,wt-homo-2,gyrate,idzb6riw,idzb6riw::Rg,wt-homo-2 / Rg,Rg,Time (ps),56000,2.22759414817587,nm,nm
line,overlay,wt-homo-2,wt-homo-2,gyrate,idzb6riw,idzb6riw::Rg,wt-homo-2 / Rg,Rg,Time (ps),57000,2.219452175041713,nm,nm
line,overlay,wt-homo-2,wt-homo-2,gyrate,idzb6riw,idzb6riw::Rg,wt-homo-2 / Rg,Rg,Time (ps),58000,2.2137684823193964,nm,nm
line,overlay,wt-homo-2,wt-homo-2,gyrate,idzb6riw,idzb6riw::Rg,wt-homo-2 / Rg,Rg,Time (ps),59000,2.2225801776360186,nm,nm
line,overlay,wt-homo-2,wt-homo-2,gyrate,idzb6riw,idzb6riw::Rg,wt-homo-2 / Rg,Rg,Time (ps),60000,2.227924435396251,nm,nm
line,overlay,wt-homo-2,wt-homo-2,gyrate,idzb6riw,idzb6riw::Rg,wt-homo-2 / Rg,Rg,Time (ps),61000,2.2243195108579905,nm,nm
line,overlay,wt-homo-2,wt-homo-2,gyrate,idzb6riw,idzb6riw::Rg,wt-homo-2 / Rg,Rg,Time (ps),62000,2.219287599585809,nm,nm
line,overlay,wt-homo-2,wt-homo-2,gyrate,idzb6riw,idzb6riw::Rg,wt-homo-2 / Rg,Rg,Time (ps),63000,2.22161847810792,nm,nm
line,overlay,wt-homo-2,wt-homo-2,gyrate,idzb6riw,idzb6riw::Rg,wt-homo-2 / Rg,Rg,Time (ps),64000,2.2159383925834915,nm,nm
line,overlay,wt-homo-2,wt-homo-2,gyrate,idzb6riw,idzb6riw::Rg,wt-homo-2 / Rg,Rg,Time (ps),65000,2.223803929541679,nm,nm
line,overlay,wt-homo-2,wt-homo-2,gyrate,idzb6riw,idzb6riw::Rg,wt-homo-2 / Rg,Rg,Time (ps),66000,2.2199269374494985,nm,nm
line,overlay,wt-homo-2,wt-homo-2,gyrate,idzb6riw,idzb6riw::Rg,wt-homo-2 / Rg,Rg,Time (ps),67000,2.219578796666428,nm,nm
line,overlay,wt-homo-2,wt-homo-2,gyrate,idzb6riw,idzb6riw::Rg,wt-homo-2 / Rg,Rg,Time (ps),68000,2.226545007915425,nm,nm
line,overlay,wt-homo-2,wt-homo-2,gyrate,idzb6riw,idzb6riw::Rg,wt-homo-2 / Rg,Rg,Time (ps),69000,2.223158535480713,nm,nm
line,overlay,wt-homo-2,wt-homo-2,gyrate,idzb6riw,idzb6riw::Rg,wt-homo-2 / Rg,Rg,Time (ps),70000,2.227214709065622,nm,nm
line,overlay,wt-homo-2,wt-homo-2,gyrate,idzb6riw,idzb6riw::Rg,wt-homo-2 / Rg,Rg,Time (ps),71000,2.237927548641544,nm,nm
line,overlay,wt-homo-2,wt-homo-2,gyrate,idzb6riw,idzb6riw::Rg,wt-homo-2 / Rg,Rg,Time (ps),72000,2.22988950819572,nm,nm
line,overlay,wt-homo-2,wt-homo-2,gyrate,idzb6riw,idzb6riw::Rg,wt-homo-2 / Rg,Rg,Time (ps),73000,2.224438561175188,nm,nm
line,overlay,wt-homo-2,wt-homo-2,gyrate,idzb6riw,idzb6riw::Rg,wt-homo-2 / Rg,Rg,Time (ps),74000,2.2275846537767205,nm,nm
line,overlay,wt-homo-2,wt-homo-2,gyrate,idzb6riw,idzb6riw::Rg,wt-homo-2 / Rg,Rg,Time (ps),75000,2.2205411470496688,nm,nm
line,overlay,wt-homo-2,wt-homo-2,gyrate,idzb6riw,idzb6riw::Rg,wt-homo-2 / Rg,Rg,Time (ps),76000,2.220765069239117,nm,nm
line,overlay,wt-homo-2,wt-homo-2,gyrate,idzb6riw,idzb6riw::Rg,wt-homo-2 / Rg,Rg,Time (ps),77000,2.2205442918701155,nm,nm
line,overlay,wt-homo-2,wt-homo-2,gyrate,idzb6riw,idzb6riw::Rg,wt-homo-2 / Rg,Rg,Time (ps),78000,2.217877255257727,nm,nm
line,overlay,wt-homo-2,wt-homo-2,gyrate,idzb6riw,idzb6riw::Rg,wt-homo-2 / Rg,Rg,Time (ps),79000,2.233334563758894,nm,nm
line,overlay,wt-homo-2,wt-homo-2,gyrate,idzb6riw,idzb6riw::Rg,wt-homo-2 / Rg,Rg,Time (ps),80000,2.223107078559481,nm,nm
line,overlay,wt-homo-2,wt-homo-2,gyrate,idzb6riw,idzb6riw::Rg,wt-homo-2 / Rg,Rg,Time (ps),81000,2.220437695900237,nm,nm
line,overlay,wt-homo-2,wt-homo-2,gyrate,idzb6riw,idzb6riw::Rg,wt-homo-2 / Rg,Rg,Time (ps),82000,2.228509236073516,nm,nm
line,overlay,wt-homo-2,wt-homo-2,gyrate,idzb6riw,idzb6riw::Rg,wt-homo-2 / Rg,Rg,Time (ps),83000,2.225415967645822,nm,nm
line,overlay,wt-homo-2,wt-homo-2,gyrate,idzb6riw,idzb6riw::Rg,wt-homo-2 / Rg,Rg,Time (ps),84000,2.2259677708796084,nm,nm
line,overlay,wt-homo-2,wt-homo-2,gyrate,idzb6riw,idzb6riw::Rg,wt-homo-2 / Rg,Rg,Time (ps),85000,2.2287350966461883,nm,nm
line,overlay,wt-homo-2,wt-homo-2,gyrate,idzb6riw,idzb6riw::Rg,wt-homo-2 / Rg,Rg,Time (ps),86000,2.2265914250784373,nm,nm
line,overlay,wt-homo-2,wt-homo-2,gyrate,idzb6riw,idzb6riw::Rg,wt-homo-2 / Rg,Rg,Time (ps),87000,2.225926093812471,nm,nm
line,overlay,wt-homo-2,wt-homo-2,gyrate,idzb6riw,idzb6riw::Rg,wt-homo-2 / Rg,Rg,Time (ps),88000,2.2135956012663165,nm,nm
line,overlay,wt-homo-2,wt-homo-2,gyrate,idzb6riw,idzb6riw::Rg,wt-homo-2 / Rg,Rg,Time (ps),89000,2.2216070136198005,nm,nm
line,overlay,wt-homo-2,wt-homo-2,gyrate,idzb6riw,idzb6riw::Rg,wt-homo-2 / Rg,Rg,Time (ps),90000,2.2179081647876693,nm,nm
line,overlay,wt-homo-2,wt-homo-2,gyrate,idzb6riw,idzb6riw::Rg,wt-homo-2 / Rg,Rg,Time (ps),91000,2.226464388142133,nm,nm
line,overlay,wt-homo-2,wt-homo-2,gyrate,idzb6riw,idzb6riw::Rg,wt-homo-2 / Rg,Rg,Time (ps),92000,2.2116429516100475,nm,nm
line,overlay,wt-homo-2,wt-homo-2,gyrate,idzb6riw,idzb6riw::Rg,wt-homo-2 / Rg,Rg,Time (ps),93000,2.22722786204794,nm,nm
line,overlay,wt-homo-2,wt-homo-2,gyrate,idzb6riw,idzb6riw::Rg,wt-homo-2 / Rg,Rg,Time (ps),94000,2.2245697942514915,nm,nm
line,overlay,wt-homo-2,wt-homo-2,gyrate,idzb6riw,idzb6riw::Rg,wt-homo-2 / Rg,Rg,Time (ps),95000,2.209713792739799,nm,nm
line,overlay,wt-homo-2,wt-homo-2,gyrate,idzb6riw,idzb6riw::Rg,wt-homo-2 / Rg,Rg,Time (ps),96000,2.2214635757754326,nm,nm
line,overlay,wt-homo-2,wt-homo-2,gyrate,idzb6riw,idzb6riw::Rg,wt-homo-2 / Rg,Rg,Time (ps),97000,2.209895454823108,nm,nm
line,overlay,wt-homo-2,wt-homo-2,gyrate,idzb6riw,idzb6riw::Rg,wt-homo-2 / Rg,Rg,Time (ps),98000,2.22130237231675,nm,nm
line,overlay,wt-homo-2,wt-homo-2,gyrate,idzb6riw,idzb6riw::Rg,wt-homo-2 / Rg,Rg,Time (ps),99000,2.2176397401090124,nm,nm
line,overlay,wt-homo-2,wt-homo-2,gyrate,idzb6riw,idzb6riw::Rg,wt-homo-2 / Rg,Rg,Time (ps),100000,2.214588641899093,nm,nm
line,overlay,wt-homo-3,wt-homo-3,gyrate,c43ihwqa,c43ihwqa::Rg,wt-homo-3 / Rg,Rg,Time (ps),0,2.2145986977763426,nm,nm
line,overlay,wt-homo-3,wt-homo-3,gyrate,c43ihwqa,c43ihwqa::Rg,wt-homo-3 / Rg,Rg,Time (ps),1000,2.222936469767002,nm,nm
line,overlay,wt-homo-3,wt-homo-3,gyrate,c43ihwqa,c43ihwqa::Rg,wt-homo-3 / Rg,Rg,Time (ps),2000,2.2281051582052376,nm,nm
line,overlay,wt-homo-3,wt-homo-3,gyrate,c43ihwqa,c43ihwqa::Rg,wt-homo-3 / Rg,Rg,Time (ps),3000,2.2207580208328714,nm,nm
line,overlay,wt-homo-3,wt-homo-3,gyrate,c43ihwqa,c43ihwqa::Rg,wt-homo-3 / Rg,Rg,Time (ps),4000,2.2315617248943487,nm,nm
line,overlay,wt-homo-3,wt-homo-3,gyrate,c43ihwqa,c43ihwqa::Rg,wt-homo-3 / Rg,Rg,Time (ps),5000,2.2299183442586874,nm,nm
line,overlay,wt-homo-3,wt-homo-3,gyrate,c43ihwqa,c43ihwqa::Rg,wt-homo-3 / Rg,Rg,Time (ps),6000,2.2207751746301407,nm,nm
line,overlay,wt-homo-3,wt-homo-3,gyrate,c43ihwqa,c43ihwqa::Rg,wt-homo-3 / Rg,Rg,Time (ps),7000,2.2170762688430745,nm,nm
line,overlay,wt-homo-3,wt-homo-3,gyrate,c43ihwqa,c43ihwqa::Rg,wt-homo-3 / Rg,Rg,Time (ps),8000,2.2189388256564198,nm,nm
line,overlay,wt-homo-3,wt-homo-3,gyrate,c43ihwqa,c43ihwqa::Rg,wt-homo-3 / Rg,Rg,Time (ps),9000,2.218369777995217,nm,nm
line,overlay,wt-homo-3,wt-homo-3,gyrate,c43ihwqa,c43ihwqa::Rg,wt-homo-3 / Rg,Rg,Time (ps),10000,2.2197996714810464,nm,nm
line,overlay,wt-homo-3,wt-homo-3,gyrate,c43ihwqa,c43ihwqa::Rg,wt-homo-3 / Rg,Rg,Time (ps),11000,2.218479258195847,nm,nm
line,overlay,wt-homo-3,wt-homo-3,gyrate,c43ihwqa,c43ihwqa::Rg,wt-homo-3 / Rg,Rg,Time (ps),12000,2.236467457517053,nm,nm
line,overlay,wt-homo-3,wt-homo-3,gyrate,c43ihwqa,c43ihwqa::Rg,wt-homo-3 / Rg,Rg,Time (ps),13000,2.2362914150573303,nm,nm
line,overlay,wt-homo-3,wt-homo-3,gyrate,c43ihwqa,c43ihwqa::Rg,wt-homo-3 / Rg,Rg,Time (ps),14000,2.219309030939897,nm,nm
line,overlay,wt-homo-3,wt-homo-3,gyrate,c43ihwqa,c43ihwqa::Rg,wt-homo-3 / Rg,Rg,Time (ps),15000,2.225292756555668,nm,nm
line,overlay,wt-homo-3,wt-homo-3,gyrate,c43ihwqa,c43ihwqa::Rg,wt-homo-3 / Rg,Rg,Time (ps),16000,2.225630043676097,nm,nm
line,overlay,wt-homo-3,wt-homo-3,gyrate,c43ihwqa,c43ihwqa::Rg,wt-homo-3 / Rg,Rg,Time (ps),17000,2.2106567903769085,nm,nm
line,overlay,wt-homo-3,wt-homo-3,gyrate,c43ihwqa,c43ihwqa::Rg,wt-homo-3 / Rg,Rg,Time (ps),18000,2.2231075665074496,nm,nm
line,overlay,wt-homo-3,wt-homo-3,gyrate,c43ihwqa,c43ihwqa::Rg,wt-homo-3 / Rg,Rg,Time (ps),19000,2.234979543478791,nm,nm
line,overlay,wt-homo-3,wt-homo-3,gyrate,c43ihwqa,c43ihwqa::Rg,wt-homo-3 / Rg,Rg,Time (ps),20000,2.237183849196404,nm,nm
line,overlay,wt-homo-3,wt-homo-3,gyrate,c43ihwqa,c43ihwqa::Rg,wt-homo-3 / Rg,Rg,Time (ps),21000,2.232718059265277,nm,nm
line,overlay,wt-homo-3,wt-homo-3,gyrate,c43ihwqa,c43ihwqa::Rg,wt-homo-3 / Rg,Rg,Time (ps),22000,2.231674430659332,nm,nm
line,overlay,wt-homo-3,wt-homo-3,gyrate,c43ihwqa,c43ihwqa::Rg,wt-homo-3 / Rg,Rg,Time (ps),23000,2.2245370570965464,nm,nm
line,overlay,wt-homo-3,wt-homo-3,gyrate,c43ihwqa,c43ihwqa::Rg,wt-homo-3 / Rg,Rg,Time (ps),24000,2.2234162503788686,nm,nm
line,overlay,wt-homo-3,wt-homo-3,gyrate,c43ihwqa,c43ihwqa::Rg,wt-homo-3 / Rg,Rg,Time (ps),25000,2.227707661390105,nm,nm
line,overlay,wt-homo-3,wt-homo-3,gyrate,c43ihwqa,c43ihwqa::Rg,wt-homo-3 / Rg,Rg,Time (ps),26000,2.21223773124934,nm,nm
line,overlay,wt-homo-3,wt-homo-3,gyrate,c43ihwqa,c43ihwqa::Rg,wt-homo-3 / Rg,Rg,Time (ps),27000,2.2163608038288958,nm,nm
line,overlay,wt-homo-3,wt-homo-3,gyrate,c43ihwqa,c43ihwqa::Rg,wt-homo-3 / Rg,Rg,Time (ps),28000,2.230336605281328,nm,nm
line,overlay,wt-homo-3,wt-homo-3,gyrate,c43ihwqa,c43ihwqa::Rg,wt-homo-3 / Rg,Rg,Time (ps),29000,2.227942743071756,nm,nm
line,overlay,wt-homo-3,wt-homo-3,gyrate,c43ihwqa,c43ihwqa::Rg,wt-homo-3 / Rg,Rg,Time (ps),30000,2.2236225641487373,nm,nm
line,overlay,wt-homo-3,wt-homo-3,gyrate,c43ihwqa,c43ihwqa::Rg,wt-homo-3 / Rg,Rg,Time (ps),31000,2.21909935412044,nm,nm
line,overlay,wt-homo-3,wt-homo-3,gyrate,c43ihwqa,c43ihwqa::Rg,wt-homo-3 / Rg,Rg,Time (ps),32000,2.225540977746824,nm,nm
line,overlay,wt-homo-3,wt-homo-3,gyrate,c43ihwqa,c43ihwqa::Rg,wt-homo-3 / Rg,Rg,Time (ps),33000,2.221223672146908,nm,nm
line,overlay,wt-homo-3,wt-homo-3,gyrate,c43ihwqa,c43ihwqa::Rg,wt-homo-3 / Rg,Rg,Time (ps),34000,2.2080708245506377,nm,nm
line,overlay,wt-homo-3,wt-homo-3,gyrate,c43ihwqa,c43ihwqa::Rg,wt-homo-3 / Rg,Rg,Time (ps),35000,2.2222517754823388,nm,nm
line,overlay,wt-homo-3,wt-homo-3,gyrate,c43ihwqa,c43ihwqa::Rg,wt-homo-3 / Rg,Rg,Time (ps),36000,2.2268120508017324,nm,nm
line,overlay,wt-homo-3,wt-homo-3,gyrate,c43ihwqa,c43ihwqa::Rg,wt-homo-3 / Rg,Rg,Time (ps),37000,2.220014287213957,nm,nm
line,overlay,wt-homo-3,wt-homo-3,gyrate,c43ihwqa,c43ihwqa::Rg,wt-homo-3 / Rg,Rg,Time (ps),38000,2.2170715099826923,nm,nm
line,overlay,wt-homo-3,wt-homo-3,gyrate,c43ihwqa,c43ihwqa::Rg,wt-homo-3 / Rg,Rg,Time (ps),39000,2.231312691014661,nm,nm
line,overlay,wt-homo-3,wt-homo-3,gyrate,c43ihwqa,c43ihwqa::Rg,wt-homo-3 / Rg,Rg,Time (ps),40000,2.2236590910457874,nm,nm
line,overlay,wt-homo-3,wt-homo-3,gyrate,c43ihwqa,c43ihwqa::Rg,wt-homo-3 / Rg,Rg,Time (ps),41000,2.223138852008547,nm,nm
line,overlay,wt-homo-3,wt-homo-3,gyrate,c43ihwqa,c43ihwqa::Rg,wt-homo-3 / Rg,Rg,Time (ps),42000,2.225807139724908,nm,nm
line,overlay,wt-homo-3,wt-homo-3,gyrate,c43ihwqa,c43ihwqa::Rg,wt-homo-3 / Rg,Rg,Time (ps),43000,2.2320957275499667,nm,nm
line,overlay,wt-homo-3,wt-homo-3,gyrate,c43ihwqa,c43ihwqa::Rg,wt-homo-3 / Rg,Rg,Time (ps),44000,2.23201790302077,nm,nm
line,overlay,wt-homo-3,wt-homo-3,gyrate,c43ihwqa,c43ihwqa::Rg,wt-homo-3 / Rg,Rg,Time (ps),45000,2.225832254781792,nm,nm
line,overlay,wt-homo-3,wt-homo-3,gyrate,c43ihwqa,c43ihwqa::Rg,wt-homo-3 / Rg,Rg,Time (ps),46000,2.2409120753388367,nm,nm
line,overlay,wt-homo-3,wt-homo-3,gyrate,c43ihwqa,c43ihwqa::Rg,wt-homo-3 / Rg,Rg,Time (ps),47000,2.2286238376747067,nm,nm
line,overlay,wt-homo-3,wt-homo-3,gyrate,c43ihwqa,c43ihwqa::Rg,wt-homo-3 / Rg,Rg,Time (ps),48000,2.221663170840219,nm,nm
line,overlay,wt-homo-3,wt-homo-3,gyrate,c43ihwqa,c43ihwqa::Rg,wt-homo-3 / Rg,Rg,Time (ps),49000,2.215709804466606,nm,nm
line,overlay,wt-homo-3,wt-homo-3,gyrate,c43ihwqa,c43ihwqa::Rg,wt-homo-3 / Rg,Rg,Time (ps),50000,2.2215976175523164,nm,nm
line,overlay,wt-homo-3,wt-homo-3,gyrate,c43ihwqa,c43ihwqa::Rg,wt-homo-3 / Rg,Rg,Time (ps),51000,2.218751623868154,nm,nm
line,overlay,wt-homo-3,wt-homo-3,gyrate,c43ihwqa,c43ihwqa::Rg,wt-homo-3 / Rg,Rg,Time (ps),52000,2.215469604811644,nm,nm
line,overlay,wt-homo-3,wt-homo-3,gyrate,c43ihwqa,c43ihwqa::Rg,wt-homo-3 / Rg,Rg,Time (ps),53000,2.234583409226724,nm,nm
line,overlay,wt-homo-3,wt-homo-3,gyrate,c43ihwqa,c43ihwqa::Rg,wt-homo-3 / Rg,Rg,Time (ps),54000,2.243278816492511,nm,nm
line,overlay,wt-homo-3,wt-homo-3,gyrate,c43ihwqa,c43ihwqa::Rg,wt-homo-3 / Rg,Rg,Time (ps),55000,2.237491872443845,nm,nm
line,overlay,wt-homo-3,wt-homo-3,gyrate,c43ihwqa,c43ihwqa::Rg,wt-homo-3 / Rg,Rg,Time (ps),56000,2.2413121868141497,nm,nm
line,overlay,wt-homo-3,wt-homo-3,gyrate,c43ihwqa,c43ihwqa::Rg,wt-homo-3 / Rg,Rg,Time (ps),57000,2.2235760728605265,nm,nm
line,overlay,wt-homo-3,wt-homo-3,gyrate,c43ihwqa,c43ihwqa::Rg,wt-homo-3 / Rg,Rg,Time (ps),58000,2.2286093731807566,nm,nm
line,overlay,wt-homo-3,wt-homo-3,gyrate,c43ihwqa,c43ihwqa::Rg,wt-homo-3 / Rg,Rg,Time (ps),59000,2.2225447846154647,nm,nm
line,overlay,wt-homo-3,wt-homo-3,gyrate,c43ihwqa,c43ihwqa::Rg,wt-homo-3 / Rg,Rg,Time (ps),60000,2.229172905954625,nm,nm
line,overlay,wt-homo-3,wt-homo-3,gyrate,c43ihwqa,c43ihwqa::Rg,wt-homo-3 / Rg,Rg,Time (ps),61000,2.226702603974398,nm,nm
line,overlay,wt-homo-3,wt-homo-3,gyrate,c43ihwqa,c43ihwqa::Rg,wt-homo-3 / Rg,Rg,Time (ps),62000,2.227279597374312,nm,nm
line,overlay,wt-homo-3,wt-homo-3,gyrate,c43ihwqa,c43ihwqa::Rg,wt-homo-3 / Rg,Rg,Time (ps),63000,2.2176675176877247,nm,nm
line,overlay,wt-homo-3,wt-homo-3,gyrate,c43ihwqa,c43ihwqa::Rg,wt-homo-3 / Rg,Rg,Time (ps),64000,2.2266873299344434,nm,nm
line,overlay,wt-homo-3,wt-homo-3,gyrate,c43ihwqa,c43ihwqa::Rg,wt-homo-3 / Rg,Rg,Time (ps),65000,2.237689301354433,nm,nm
line,overlay,wt-homo-3,wt-homo-3,gyrate,c43ihwqa,c43ihwqa::Rg,wt-homo-3 / Rg,Rg,Time (ps),66000,2.230434111428178,nm,nm
line,overlay,wt-homo-3,wt-homo-3,gyrate,c43ihwqa,c43ihwqa::Rg,wt-homo-3 / Rg,Rg,Time (ps),67000,2.233120034267624,nm,nm
line,overlay,wt-homo-3,wt-homo-3,gyrate,c43ihwqa,c43ihwqa::Rg,wt-homo-3 / Rg,Rg,Time (ps),68000,2.222443860082464,nm,nm
line,overlay,wt-homo-3,wt-homo-3,gyrate,c43ihwqa,c43ihwqa::Rg,wt-homo-3 / Rg,Rg,Time (ps),69000,2.229177784842772,nm,nm
line,overlay,wt-homo-3,wt-homo-3,gyrate,c43ihwqa,c43ihwqa::Rg,wt-homo-3 / Rg,Rg,Time (ps),70000,2.224372813159059,nm,nm
line,overlay,wt-homo-3,wt-homo-3,gyrate,c43ihwqa,c43ihwqa::Rg,wt-homo-3 / Rg,Rg,Time (ps),71000,2.232225435836053,nm,nm
line,overlay,wt-homo-3,wt-homo-3,gyrate,c43ihwqa,c43ihwqa::Rg,wt-homo-3 / Rg,Rg,Time (ps),72000,2.229588234911933,nm,nm
line,overlay,wt-homo-3,wt-homo-3,gyrate,c43ihwqa,c43ihwqa::Rg,wt-homo-3 / Rg,Rg,Time (ps),73000,2.22437779331761,nm,nm
line,overlay,wt-homo-3,wt-homo-3,gyrate,c43ihwqa,c43ihwqa::Rg,wt-homo-3 / Rg,Rg,Time (ps),74000,2.233179016821117,nm,nm
line,overlay,wt-homo-3,wt-homo-3,gyrate,c43ihwqa,c43ihwqa::Rg,wt-homo-3 / Rg,Rg,Time (ps),75000,2.236444975440301,nm,nm
line,overlay,wt-homo-3,wt-homo-3,gyrate,c43ihwqa,c43ihwqa::Rg,wt-homo-3 / Rg,Rg,Time (ps),76000,2.228738860904839,nm,nm
line,overlay,wt-homo-3,wt-homo-3,gyrate,c43ihwqa,c43ihwqa::Rg,wt-homo-3 / Rg,Rg,Time (ps),77000,2.229820310306762,nm,nm
line,overlay,wt-homo-3,wt-homo-3,gyrate,c43ihwqa,c43ihwqa::Rg,wt-homo-3 / Rg,Rg,Time (ps),78000,2.2225711161717023,nm,nm
line,overlay,wt-homo-3,wt-homo-3,gyrate,c43ihwqa,c43ihwqa::Rg,wt-homo-3 / Rg,Rg,Time (ps),79000,2.241375173826077,nm,nm
line,overlay,wt-homo-3,wt-homo-3,gyrate,c43ihwqa,c43ihwqa::Rg,wt-homo-3 / Rg,Rg,Time (ps),80000,2.217014982314411,nm,nm
line,overlay,wt-homo-3,wt-homo-3,gyrate,c43ihwqa,c43ihwqa::Rg,wt-homo-3 / Rg,Rg,Time (ps),81000,2.233609228965591,nm,nm
line,overlay,wt-homo-3,wt-homo-3,gyrate,c43ihwqa,c43ihwqa::Rg,wt-homo-3 / Rg,Rg,Time (ps),82000,2.224000661002881,nm,nm
line,overlay,wt-homo-3,wt-homo-3,gyrate,c43ihwqa,c43ihwqa::Rg,wt-homo-3 / Rg,Rg,Time (ps),83000,2.222116198536125,nm,nm
line,overlay,wt-homo-3,wt-homo-3,gyrate,c43ihwqa,c43ihwqa::Rg,wt-homo-3 / Rg,Rg,Time (ps),84000,2.23282293504041,nm,nm
line,overlay,wt-homo-3,wt-homo-3,gyrate,c43ihwqa,c43ihwqa::Rg,wt-homo-3 / Rg,Rg,Time (ps),85000,2.2350342376215675,nm,nm
line,overlay,wt-homo-3,wt-homo-3,gyrate,c43ihwqa,c43ihwqa::Rg,wt-homo-3 / Rg,Rg,Time (ps),86000,2.235848769543449,nm,nm
line,overlay,wt-homo-3,wt-homo-3,gyrate,c43ihwqa,c43ihwqa::Rg,wt-homo-3 / Rg,Rg,Time (ps),87000,2.236683497816533,nm,nm
line,overlay,wt-homo-3,wt-homo-3,gyrate,c43ihwqa,c43ihwqa::Rg,wt-homo-3 / Rg,Rg,Time (ps),88000,2.235449936323621,nm,nm
line,overlay,wt-homo-3,wt-homo-3,gyrate,c43ihwqa,c43ihwqa::Rg,wt-homo-3 / Rg,Rg,Time (ps),89000,2.225475427335058,nm,nm
line,overlay,wt-homo-3,wt-homo-3,gyrate,c43ihwqa,c43ihwqa::Rg,wt-homo-3 / Rg,Rg,Time (ps),90000,2.222849832992384,nm,nm
line,overlay,wt-homo-3,wt-homo-3,gyrate,c43ihwqa,c43ihwqa::Rg,wt-homo-3 / Rg,Rg,Time (ps),91000,2.2184373784090994,nm,nm
line,overlay,wt-homo-3,wt-homo-3,gyrate,c43ihwqa,c43ihwqa::Rg,wt-homo-3 / Rg,Rg,Time (ps),92000,2.233388440232567,nm,nm
line,overlay,wt-homo-3,wt-homo-3,gyrate,c43ihwqa,c43ihwqa::Rg,wt-homo-3 / Rg,Rg,Time (ps),93000,2.221382253109333,nm,nm
line,overlay,wt-homo-3,wt-homo-3,gyrate,c43ihwqa,c43ihwqa::Rg,wt-homo-3 / Rg,Rg,Time (ps),94000,2.2230922713818297,nm,nm
line,overlay,wt-homo-3,wt-homo-3,gyrate,c43ihwqa,c43ihwqa::Rg,wt-homo-3 / Rg,Rg,Time (ps),95000,2.2353766071763066,nm,nm
line,overlay,wt-homo-3,wt-homo-3,gyrate,c43ihwqa,c43ihwqa::Rg,wt-homo-3 / Rg,Rg,Time (ps),96000,2.2275789620173643,nm,nm
line,overlay,wt-homo-3,wt-homo-3,gyrate,c43ihwqa,c43ihwqa::Rg,wt-homo-3 / Rg,Rg,Time (ps),97000,2.222122994476266,nm,nm
line,overlay,wt-homo-3,wt-homo-3,gyrate,c43ihwqa,c43ihwqa::Rg,wt-homo-3 / Rg,Rg,Time (ps),98000,2.228841069990638,nm,nm
line,overlay,wt-homo-3,wt-homo-3,gyrate,c43ihwqa,c43ihwqa::Rg,wt-homo-3 / Rg,Rg,Time (ps),99000,2.237621221669593,nm,nm
line,overlay,wt-homo-3,wt-homo-3,gyrate,c43ihwqa,c43ihwqa::Rg,wt-homo-3 / Rg,Rg,Time (ps),100000,2.2384249146631707,nm,nm
line,overlay,wt-homo-4,wt-homo-4,gyrate,78ynbxfs,78ynbxfs::Rg,wt-homo-4 / Rg,Rg,Time (ps),0,2.2226281498882168,nm,nm
line,overlay,wt-homo-4,wt-homo-4,gyrate,78ynbxfs,78ynbxfs::Rg,wt-homo-4 / Rg,Rg,Time (ps),1000,2.2230422974414035,nm,nm
line,overlay,wt-homo-4,wt-homo-4,gyrate,78ynbxfs,78ynbxfs::Rg,wt-homo-4 / Rg,Rg,Time (ps),2000,2.228370507168106,nm,nm
line,overlay,wt-homo-4,wt-homo-4,gyrate,78ynbxfs,78ynbxfs::Rg,wt-homo-4 / Rg,Rg,Time (ps),3000,2.2282796182799847,nm,nm
line,overlay,wt-homo-4,wt-homo-4,gyrate,78ynbxfs,78ynbxfs::Rg,wt-homo-4 / Rg,Rg,Time (ps),4000,2.2423079266501778,nm,nm
line,overlay,wt-homo-4,wt-homo-4,gyrate,78ynbxfs,78ynbxfs::Rg,wt-homo-4 / Rg,Rg,Time (ps),5000,2.2416549307268143,nm,nm
line,overlay,wt-homo-4,wt-homo-4,gyrate,78ynbxfs,78ynbxfs::Rg,wt-homo-4 / Rg,Rg,Time (ps),6000,2.2316821329318683,nm,nm
line,overlay,wt-homo-4,wt-homo-4,gyrate,78ynbxfs,78ynbxfs::Rg,wt-homo-4 / Rg,Rg,Time (ps),7000,2.2335983473920837,nm,nm
line,overlay,wt-homo-4,wt-homo-4,gyrate,78ynbxfs,78ynbxfs::Rg,wt-homo-4 / Rg,Rg,Time (ps),8000,2.227914623193444,nm,nm
line,overlay,wt-homo-4,wt-homo-4,gyrate,78ynbxfs,78ynbxfs::Rg,wt-homo-4 / Rg,Rg,Time (ps),9000,2.240891647493408,nm,nm
line,overlay,wt-homo-4,wt-homo-4,gyrate,78ynbxfs,78ynbxfs::Rg,wt-homo-4 / Rg,Rg,Time (ps),10000,2.228958226048875,nm,nm
line,overlay,wt-homo-4,wt-homo-4,gyrate,78ynbxfs,78ynbxfs::Rg,wt-homo-4 / Rg,Rg,Time (ps),11000,2.2421572676619825,nm,nm
line,overlay,wt-homo-4,wt-homo-4,gyrate,78ynbxfs,78ynbxfs::Rg,wt-homo-4 / Rg,Rg,Time (ps),12000,2.250261833271153,nm,nm
line,overlay,wt-homo-4,wt-homo-4,gyrate,78ynbxfs,78ynbxfs::Rg,wt-homo-4 / Rg,Rg,Time (ps),13000,2.2328126227342326,nm,nm
line,overlay,wt-homo-4,wt-homo-4,gyrate,78ynbxfs,78ynbxfs::Rg,wt-homo-4 / Rg,Rg,Time (ps),14000,2.230881798273173,nm,nm
line,overlay,wt-homo-4,wt-homo-4,gyrate,78ynbxfs,78ynbxfs::Rg,wt-homo-4 / Rg,Rg,Time (ps),15000,2.2406244414785217,nm,nm
line,overlay,wt-homo-4,wt-homo-4,gyrate,78ynbxfs,78ynbxfs::Rg,wt-homo-4 / Rg,Rg,Time (ps),16000,2.2428391781331936,nm,nm
line,overlay,wt-homo-4,wt-homo-4,gyrate,78ynbxfs,78ynbxfs::Rg,wt-homo-4 / Rg,Rg,Time (ps),17000,2.240050538356003,nm,nm
line,overlay,wt-homo-4,wt-homo-4,gyrate,78ynbxfs,78ynbxfs::Rg,wt-homo-4 / Rg,Rg,Time (ps),18000,2.2490410267130416,nm,nm
line,overlay,wt-homo-4,wt-homo-4,gyrate,78ynbxfs,78ynbxfs::Rg,wt-homo-4 / Rg,Rg,Time (ps),19000,2.255293683876422,nm,nm
line,overlay,wt-homo-4,wt-homo-4,gyrate,78ynbxfs,78ynbxfs::Rg,wt-homo-4 / Rg,Rg,Time (ps),20000,2.236266104756994,nm,nm
line,overlay,wt-homo-4,wt-homo-4,gyrate,78ynbxfs,78ynbxfs::Rg,wt-homo-4 / Rg,Rg,Time (ps),21000,2.2457964408995235,nm,nm
line,overlay,wt-homo-4,wt-homo-4,gyrate,78ynbxfs,78ynbxfs::Rg,wt-homo-4 / Rg,Rg,Time (ps),22000,2.2456055322423114,nm,nm
line,overlay,wt-homo-4,wt-homo-4,gyrate,78ynbxfs,78ynbxfs::Rg,wt-homo-4 / Rg,Rg,Time (ps),23000,2.249988904442368,nm,nm
line,overlay,wt-homo-4,wt-homo-4,gyrate,78ynbxfs,78ynbxfs::Rg,wt-homo-4 / Rg,Rg,Time (ps),24000,2.259928848889554,nm,nm
line,overlay,wt-homo-4,wt-homo-4,gyrate,78ynbxfs,78ynbxfs::Rg,wt-homo-4 / Rg,Rg,Time (ps),25000,2.2542199418849544,nm,nm
line,overlay,wt-homo-4,wt-homo-4,gyrate,78ynbxfs,78ynbxfs::Rg,wt-homo-4 / Rg,Rg,Time (ps),26000,2.2565069323604368,nm,nm
line,overlay,wt-homo-4,wt-homo-4,gyrate,78ynbxfs,78ynbxfs::Rg,wt-homo-4 / Rg,Rg,Time (ps),27000,2.2541001642454472,nm,nm
line,overlay,wt-homo-4,wt-homo-4,gyrate,78ynbxfs,78ynbxfs::Rg,wt-homo-4 / Rg,Rg,Time (ps),28000,2.249928449235081,nm,nm
line,overlay,wt-homo-4,wt-homo-4,gyrate,78ynbxfs,78ynbxfs::Rg,wt-homo-4 / Rg,Rg,Time (ps),29000,2.2547783899941227,nm,nm
line,overlay,wt-homo-4,wt-homo-4,gyrate,78ynbxfs,78ynbxfs::Rg,wt-homo-4 / Rg,Rg,Time (ps),30000,2.256424010571247,nm,nm
line,overlay,wt-homo-4,wt-homo-4,gyrate,78ynbxfs,78ynbxfs::Rg,wt-homo-4 / Rg,Rg,Time (ps),31000,2.2491890450824266,nm,nm
line,overlay,wt-homo-4,wt-homo-4,gyrate,78ynbxfs,78ynbxfs::Rg,wt-homo-4 / Rg,Rg,Time (ps),32000,2.252119676032564,nm,nm
line,overlay,wt-homo-4,wt-homo-4,gyrate,78ynbxfs,78ynbxfs::Rg,wt-homo-4 / Rg,Rg,Time (ps),33000,2.2520988845978747,nm,nm
line,overlay,wt-homo-4,wt-homo-4,gyrate,78ynbxfs,78ynbxfs::Rg,wt-homo-4 / Rg,Rg,Time (ps),34000,2.2433005985975427,nm,nm
line,overlay,wt-homo-4,wt-homo-4,gyrate,78ynbxfs,78ynbxfs::Rg,wt-homo-4 / Rg,Rg,Time (ps),35000,2.243801142409436,nm,nm
line,overlay,wt-homo-4,wt-homo-4,gyrate,78ynbxfs,78ynbxfs::Rg,wt-homo-4 / Rg,Rg,Time (ps),36000,2.245349281275776,nm,nm
line,overlay,wt-homo-4,wt-homo-4,gyrate,78ynbxfs,78ynbxfs::Rg,wt-homo-4 / Rg,Rg,Time (ps),37000,2.2504595900860105,nm,nm
line,overlay,wt-homo-4,wt-homo-4,gyrate,78ynbxfs,78ynbxfs::Rg,wt-homo-4 / Rg,Rg,Time (ps),38000,2.250009192135616,nm,nm
line,overlay,wt-homo-4,wt-homo-4,gyrate,78ynbxfs,78ynbxfs::Rg,wt-homo-4 / Rg,Rg,Time (ps),39000,2.263143267814009,nm,nm
line,overlay,wt-homo-4,wt-homo-4,gyrate,78ynbxfs,78ynbxfs::Rg,wt-homo-4 / Rg,Rg,Time (ps),40000,2.2480409389639884,nm,nm
line,overlay,wt-homo-4,wt-homo-4,gyrate,78ynbxfs,78ynbxfs::Rg,wt-homo-4 / Rg,Rg,Time (ps),41000,2.2447531236143985,nm,nm
line,overlay,wt-homo-4,wt-homo-4,gyrate,78ynbxfs,78ynbxfs::Rg,wt-homo-4 / Rg,Rg,Time (ps),42000,2.253627410368477,nm,nm
line,overlay,wt-homo-4,wt-homo-4,gyrate,78ynbxfs,78ynbxfs::Rg,wt-homo-4 / Rg,Rg,Time (ps),43000,2.251622360201796,nm,nm
line,overlay,wt-homo-4,wt-homo-4,gyrate,78ynbxfs,78ynbxfs::Rg,wt-homo-4 / Rg,Rg,Time (ps),44000,2.241360962089779,nm,nm
line,overlay,wt-homo-4,wt-homo-4,gyrate,78ynbxfs,78ynbxfs::Rg,wt-homo-4 / Rg,Rg,Time (ps),45000,2.25661044018834,nm,nm
line,overlay,wt-homo-4,wt-homo-4,gyrate,78ynbxfs,78ynbxfs::Rg,wt-homo-4 / Rg,Rg,Time (ps),46000,2.248973534319403,nm,nm
line,overlay,wt-homo-4,wt-homo-4,gyrate,78ynbxfs,78ynbxfs::Rg,wt-homo-4 / Rg,Rg,Time (ps),47000,2.244320523047428,nm,nm
line,overlay,wt-homo-4,wt-homo-4,gyrate,78ynbxfs,78ynbxfs::Rg,wt-homo-4 / Rg,Rg,Time (ps),48000,2.247586074107006,nm,nm
line,overlay,wt-homo-4,wt-homo-4,gyrate,78ynbxfs,78ynbxfs::Rg,wt-homo-4 / Rg,Rg,Time (ps),49000,2.255883693124972,nm,nm
line,overlay,wt-homo-4,wt-homo-4,gyrate,78ynbxfs,78ynbxfs::Rg,wt-homo-4 / Rg,Rg,Time (ps),50000,2.2471106078487635,nm,nm
line,overlay,wt-homo-4,wt-homo-4,gyrate,78ynbxfs,78ynbxfs::Rg,wt-homo-4 / Rg,Rg,Time (ps),51000,2.247401632512621,nm,nm
line,overlay,wt-homo-4,wt-homo-4,gyrate,78ynbxfs,78ynbxfs::Rg,wt-homo-4 / Rg,Rg,Time (ps),52000,2.24529016651336,nm,nm
line,overlay,wt-homo-4,wt-homo-4,gyrate,78ynbxfs,78ynbxfs::Rg,wt-homo-4 / Rg,Rg,Time (ps),53000,2.2486365543649978,nm,nm
line,overlay,wt-homo-4,wt-homo-4,gyrate,78ynbxfs,78ynbxfs::Rg,wt-homo-4 / Rg,Rg,Time (ps),54000,2.2473924605878706,nm,nm
line,overlay,wt-homo-4,wt-homo-4,gyrate,78ynbxfs,78ynbxfs::Rg,wt-homo-4 / Rg,Rg,Time (ps),55000,2.2489518846893,nm,nm
line,overlay,wt-homo-4,wt-homo-4,gyrate,78ynbxfs,78ynbxfs::Rg,wt-homo-4 / Rg,Rg,Time (ps),56000,2.251055628780425,nm,nm
line,overlay,wt-homo-4,wt-homo-4,gyrate,78ynbxfs,78ynbxfs::Rg,wt-homo-4 / Rg,Rg,Time (ps),57000,2.248464313500772,nm,nm
line,overlay,wt-homo-4,wt-homo-4,gyrate,78ynbxfs,78ynbxfs::Rg,wt-homo-4 / Rg,Rg,Time (ps),58000,2.2536425019624637,nm,nm
line,overlay,wt-homo-4,wt-homo-4,gyrate,78ynbxfs,78ynbxfs::Rg,wt-homo-4 / Rg,Rg,Time (ps),59000,2.25056902838564,nm,nm
line,overlay,wt-homo-4,wt-homo-4,gyrate,78ynbxfs,78ynbxfs::Rg,wt-homo-4 / Rg,Rg,Time (ps),60000,2.250914783338716,nm,nm
line,overlay,wt-homo-4,wt-homo-4,gyrate,78ynbxfs,78ynbxfs::Rg,wt-homo-4 / Rg,Rg,Time (ps),61000,2.258072393874522,nm,nm
line,overlay,wt-homo-4,wt-homo-4,gyrate,78ynbxfs,78ynbxfs::Rg,wt-homo-4 / Rg,Rg,Time (ps),62000,2.2637242888331794,nm,nm
line,overlay,wt-homo-4,wt-homo-4,gyrate,78ynbxfs,78ynbxfs::Rg,wt-homo-4 / Rg,Rg,Time (ps),63000,2.260021360676461,nm,nm
line,overlay,wt-homo-4,wt-homo-4,gyrate,78ynbxfs,78ynbxfs::Rg,wt-homo-4 / Rg,Rg,Time (ps),64000,2.259737599525905,nm,nm
line,overlay,wt-homo-4,wt-homo-4,gyrate,78ynbxfs,78ynbxfs::Rg,wt-homo-4 / Rg,Rg,Time (ps),65000,2.281384478724544,nm,nm
line,overlay,wt-homo-4,wt-homo-4,gyrate,78ynbxfs,78ynbxfs::Rg,wt-homo-4 / Rg,Rg,Time (ps),66000,2.269375936269246,nm,nm
line,overlay,wt-homo-4,wt-homo-4,gyrate,78ynbxfs,78ynbxfs::Rg,wt-homo-4 / Rg,Rg,Time (ps),67000,2.307640289147304,nm,nm
line,overlay,wt-homo-4,wt-homo-4,gyrate,78ynbxfs,78ynbxfs::Rg,wt-homo-4 / Rg,Rg,Time (ps),68000,2.3730704880621296,nm,nm
line,overlay,wt-homo-4,wt-homo-4,gyrate,78ynbxfs,78ynbxfs::Rg,wt-homo-4 / Rg,Rg,Time (ps),69000,2.380943609992828,nm,nm
line,overlay,wt-homo-4,wt-homo-4,gyrate,78ynbxfs,78ynbxfs::Rg,wt-homo-4 / Rg,Rg,Time (ps),70000,2.3678755311066952,nm,nm
line,overlay,wt-homo-4,wt-homo-4,gyrate,78ynbxfs,78ynbxfs::Rg,wt-homo-4 / Rg,Rg,Time (ps),71000,2.376228857323322,nm,nm
line,overlay,wt-homo-4,wt-homo-4,gyrate,78ynbxfs,78ynbxfs::Rg,wt-homo-4 / Rg,Rg,Time (ps),72000,2.3730224017827872,nm,nm
line,overlay,wt-homo-4,wt-homo-4,gyrate,78ynbxfs,78ynbxfs::Rg,wt-homo-4 / Rg,Rg,Time (ps),73000,2.373227954967027,nm,nm
line,overlay,wt-homo-4,wt-homo-4,gyrate,78ynbxfs,78ynbxfs::Rg,wt-homo-4 / Rg,Rg,Time (ps),74000,2.327236833261324,nm,nm
line,overlay,wt-homo-4,wt-homo-4,gyrate,78ynbxfs,78ynbxfs::Rg,wt-homo-4 / Rg,Rg,Time (ps),75000,2.305095237584557,nm,nm
line,overlay,wt-homo-4,wt-homo-4,gyrate,78ynbxfs,78ynbxfs::Rg,wt-homo-4 / Rg,Rg,Time (ps),76000,2.2895283153363746,nm,nm
line,overlay,wt-homo-4,wt-homo-4,gyrate,78ynbxfs,78ynbxfs::Rg,wt-homo-4 / Rg,Rg,Time (ps),77000,2.3105780655647816,nm,nm
line,overlay,wt-homo-4,wt-homo-4,gyrate,78ynbxfs,78ynbxfs::Rg,wt-homo-4 / Rg,Rg,Time (ps),78000,2.289796787029301,nm,nm
line,overlay,wt-homo-4,wt-homo-4,gyrate,78ynbxfs,78ynbxfs::Rg,wt-homo-4 / Rg,Rg,Time (ps),79000,2.285556429891366,nm,nm
line,overlay,wt-homo-4,wt-homo-4,gyrate,78ynbxfs,78ynbxfs::Rg,wt-homo-4 / Rg,Rg,Time (ps),80000,2.2795980233896547,nm,nm
line,overlay,wt-homo-4,wt-homo-4,gyrate,78ynbxfs,78ynbxfs::Rg,wt-homo-4 / Rg,Rg,Time (ps),81000,2.2720019922934616,nm,nm
line,overlay,wt-homo-4,wt-homo-4,gyrate,78ynbxfs,78ynbxfs::Rg,wt-homo-4 / Rg,Rg,Time (ps),82000,2.275031730967413,nm,nm
line,overlay,wt-homo-4,wt-homo-4,gyrate,78ynbxfs,78ynbxfs::Rg,wt-homo-4 / Rg,Rg,Time (ps),83000,2.270320930840874,nm,nm
line,overlay,wt-homo-4,wt-homo-4,gyrate,78ynbxfs,78ynbxfs::Rg,wt-homo-4 / Rg,Rg,Time (ps),84000,2.2891300132784327,nm,nm
line,overlay,wt-homo-4,wt-homo-4,gyrate,78ynbxfs,78ynbxfs::Rg,wt-homo-4 / Rg,Rg,Time (ps),85000,2.288127365826049,nm,nm
line,overlay,wt-homo-4,wt-homo-4,gyrate,78ynbxfs,78ynbxfs::Rg,wt-homo-4 / Rg,Rg,Time (ps),86000,2.3013468629172147,nm,nm
line,overlay,wt-homo-4,wt-homo-4,gyrate,78ynbxfs,78ynbxfs::Rg,wt-homo-4 / Rg,Rg,Time (ps),87000,2.282295424458724,nm,nm
line,overlay,wt-homo-4,wt-homo-4,gyrate,78ynbxfs,78ynbxfs::Rg,wt-homo-4 / Rg,Rg,Time (ps),88000,2.2948128034383504,nm,nm
line,overlay,wt-homo-4,wt-homo-4,gyrate,78ynbxfs,78ynbxfs::Rg,wt-homo-4 / Rg,Rg,Time (ps),89000,2.3061273852754,nm,nm
line,overlay,wt-homo-4,wt-homo-4,gyrate,78ynbxfs,78ynbxfs::Rg,wt-homo-4 / Rg,Rg,Time (ps),90000,2.2865592433809496,nm,nm
line,overlay,wt-homo-4,wt-homo-4,gyrate,78ynbxfs,78ynbxfs::Rg,wt-homo-4 / Rg,Rg,Time (ps),91000,2.2686802720973,nm,nm
line,overlay,wt-homo-4,wt-homo-4,gyrate,78ynbxfs,78ynbxfs::Rg,wt-homo-4 / Rg,Rg,Time (ps),92000,2.27475784656914,nm,nm
line,overlay,wt-homo-4,wt-homo-4,gyrate,78ynbxfs,78ynbxfs::Rg,wt-homo-4 / Rg,Rg,Time (ps),93000,2.288303168623796,nm,nm
line,overlay,wt-homo-4,wt-homo-4,gyrate,78ynbxfs,78ynbxfs::Rg,wt-homo-4 / Rg,Rg,Time (ps),94000,2.320747912994727,nm,nm
line,overlay,wt-homo-4,wt-homo-4,gyrate,78ynbxfs,78ynbxfs::Rg,wt-homo-4 / Rg,Rg,Time (ps),95000,2.2959453839175863,nm,nm
line,overlay,wt-homo-4,wt-homo-4,gyrate,78ynbxfs,78ynbxfs::Rg,wt-homo-4 / Rg,Rg,Time (ps),96000,2.3366595874544327,nm,nm
line,overlay,wt-homo-4,wt-homo-4,gyrate,78ynbxfs,78ynbxfs::Rg,wt-homo-4 / Rg,Rg,Time (ps),97000,2.350728159791296,nm,nm
line,overlay,wt-homo-4,wt-homo-4,gyrate,78ynbxfs,78ynbxfs::Rg,wt-homo-4 / Rg,Rg,Time (ps),98000,2.3448760677032108,nm,nm
line,overlay,wt-homo-4,wt-homo-4,gyrate,78ynbxfs,78ynbxfs::Rg,wt-homo-4 / Rg,Rg,Time (ps),99000,2.358548988438885,nm,nm
line,overlay,wt-homo-4,wt-homo-4,gyrate,78ynbxfs,78ynbxfs::Rg,wt-homo-4 / Rg,Rg,Time (ps),100000,2.3637898654665044,nm,nm